,sentence,label,vader_score,vader_pred,textblob_score,textblob_pred,distilbert_pred,distilbert_conf
1,"@user Wow,first Hugo Chavez and now Fidel Castro. Danny Glover, Michael Moore, Oliver Stone, and Sean Penn are running out of heroes.",0,0.5106,1,0.0,1,0,0.9919803142547607
3,@user @user @user @user @user @user take away illegals and dead people and Trump wins popular vote too.,0,0.296,1,0.2333333333333333,1,1,0.9980989098548889
5,"When Ryan privatizes SS, Medicare, Medicaid, & does away with ACA, what will Trump's base feel about ""change"" then? That's a big one right?!",0,0.0,1,-0.14761904761904765,0,1,0.9191632270812988
7,"@user Going to see #FantasticBeasts this afternoon. Mom is a Potter fanatic. My niece was, but she's kinda growing out of it.",1,0.1557,1,-0.3,0,1,0.996232807636261
10,"The fact that mike pence thinks there's a ""cure"" for being gay is absolutely the most ridiculous statement I have ever heard in my life",0,-0.469,0,0.19583333333333336,1,0,0.9956616759300232
12,@user @user @user @user Clinton foundation reminds me of Maharashtra CM Antuley's foundation in 80s for taking bribe.,0,-0.2023,0,0.0,1,0,0.6552675366401672
13,When Trump jeopardizes their social security and Medicare payments imma laugh.,0,0.7184,1,0.16666666666666666,1,0,0.9798635840415955
17,RT @user It’s not “alt-right.” It’s Neo-Nazi.https://t.co/4fPkSVlSDl,0,0.0,1,0.0,1,0,0.9990589022636414
18,@user In august2008.puppet Saakashvili attacked South Ossetia and Russian peacekeepers.South Ossetia will  be i…,0,-0.4588,0,0.0,1,0,0.9699013829231262
19,"@user Yes, white supremacists are America's greatest problem ever.  OMG.  GET REAL.  #GOAWAY",0,0.4939,1,0.39999999999999997,1,0,0.995452880859375
20,#Hatchimals are shite,0,0.0,1,0.0,1,0,0.9994518160820007
22,It's more difficult to move to Mexico as the Clintons built a bloody great fence all along the Border…,0,-0.1513,0,0.0,1,0,0.999326229095459
23,"@user it's weird 'cause I usually like music in his vein, but it's every so shy of being memorable like a Bob Dylan/Lou Reed thing(?)",0,0.0582,1,-0.1875,0,0,0.9833604097366333
25,"With James Comey in office, how could the US investigate the Russians? @user @user @user  @user",0,0.0,1,0.0,1,0,0.9983556866645813
27,HOO BOY THAT WESTWORLD FINALE,1,0.0,1,0.0,1,0,0.9813047647476196
30,@user @user @user only wants adulation and sycophants. Like Kim Fatty the Third. Paranoia and bugs rooms.,0,0.128,1,0.0,1,0,0.9990039467811584
32,CNN weeps for their erstwhile hero Fidel Castro.,0,0.296,1,0.0,1,0,0.9644513726234436
36,"@user it's free with insurance because of Obamacare, which trump wants to repeal 🙃",0,0.5106,1,0.30000000000000004,1,0,0.975191593170166
38,@user @user @user @user ☞ ISIS Films Men Laughing While Woman Is Raped in Background,0,-0.34,0,0.0,1,0,0.9890393018722534
41,"@user Your progressive POS rag is as irrelevant as Michael Moore, one of your early editors.",0,0.0,1,-0.2,0,0,0.999805748462677
42,"are you gonna say ""suck it bitch"" to the people he mass deported? the people who've been terrorized by drone strike…",0,-0.8957,0,0.0,1,0,0.9959314465522766
43,"@user Why is no one screaming for gun control? Shouldn't that be the story MSM obsesses over? But no, they MUST discredit #PizzaGate",0,-0.3753,0,0.0,1,0,0.9971935153007507
44,@user Wow...this is one deadly statement! Reminding me of the Greta Muhammad Ali.,1,0.0,1,-0.25,0,0,0.8076686859130859
45,#pmp course prep with @user in #tripoli #libya; 25% discount; only 5 seats left!,1,0.0,1,0.0,1,0,0.9987192153930664
46,i bought it for kh3 and persona 5 and ffxiv (tho i havent touched that in months,1,0.0,1,0.0,1,0,0.9724604487419128
47,Drop 75% Price: £7.88. Paperback: The Gay & Lesbian Marriage & Family Reader: Analyses of Problems and Prospe...,0,-0.5859,0,0.4166666666666667,1,0,0.9879463315010071
49,"@user Man who funded anti-Trump riots, Hillary, @user funded radicals to overthrow police, Ukraine go…",0,-0.5106,0,0.0,1,0,0.9276723265647888
51,"Suarez on twitter: ""YNWA #StevenGerrard"" [@LuisSuarez9] #FCBlive",1,0.0,1,0.0,1,0,0.9829512238502502
53,"Electoral college hasn't even decided to vote for him, and he can't stop himself from fucking up. @user c…",0,0.2235,1,-0.6,0,1,0.9836406111717224
55,"@user sadly, Putin has won big time over the past 10-15 years. His biggest triumph being the election of his proxy @user",1,0.6124,1,-0.25,0,0,0.9733878970146179
56,@user you were elected with promise to keep #Medicaid #Medicare Paul Ryan was not elected #POTUS PLEASE do not kill w his plan,0,0.5474,1,0.0,1,0,0.9644453525543213
58,Creepy name dropping won't hide your fake followers @user #Thanksgiving!@RadioFreeTom @user,0,0.521,1,-0.5,0,0,0.9806323647499084
59,"*** COURTESY POST - URGENT - RESCUE ONLY ***In danger of euthanasia, rescue needed NOW. Spalding County is in...",0,0.8657,1,0.0,1,0,0.8911055326461792
60,@user @user oh my godddd!@@@,1,0.0,1,0.0,1,0,0.9794517159461975
61,"@user @user I hope this isn't another attempt to get a 300 hitter from the National League who now hits 220 Tai wins Cy young, ew",0,0.765,1,0.2,1,0,0.9976182579994202
63,"@user I'm still hype af for Berseria, Persona 5 and FFXV!",1,0.0,1,0.0,1,0,0.9983134269714355
65,"If their great-grandfathers who fought in WWII could see alt-rightists applauding ""Hail Trump,"" they'd give them such an ass-kicking...",0,0.2732,1,0.0,1,0,0.980086088180542
66,@user @user @user Well I will not stop complaining as your vote went towards a misogynist and a p*ssy grabber #StillWithHer,0,0.5544,1,0.0,1,0,0.9029106497764587
68,@user There isn't even a proper correlation because almost all of the decline in deaths&complications occurred BEFORE the vaccines,0,0.0,1,0.0,1,0,0.9995613694190979
71,@user same (praise Kim Jong-un),1,0.5574,1,0.0,1,0,0.7831720113754272
72,Don't forget to buy crap! Also who's got my #Hatchimals hookup,0,-0.3018,0,-1.0,0,1,0.9254099726676941
73,4. One last time - #ArianaGrandehttps://t.co/0o4T0q3GsY,1,0.0,1,0.0,1,0,0.9945873022079468
74,BOOM: Mass immigration has turned some UK towns into ghettos: Bombshell Report,0,0.0,1,0.0,1,0,0.8937903046607971
75,More creepy Elton John info. #pizzagate #pedofiles #pedophiles #coverup,0,0.0,1,0.0,1,0,0.9951151609420776
76,Why tf are tanks at a black lives matter protest but they nowhere to be found when the kkk is celebrating trump's v…,0,0.6808,1,-0.16666666666666666,0,0,0.9987516403198242
78,"@user Hi. I can't find the old episodes of #TheWalkingDead  on Virgin on Demand anymore: have they gone, or am I looking wrong? 😊 ❤📺",0,0.765,1,-0.2,0,0,0.9987754225730896
79,"@user @user oh, and Hillary most likely didn't win the popular vote, considering how many illegal votes were casted",0,-0.8507,0,0.31666666666666665,1,0,0.9996129870414734
81,"Medical marijuana is legal in majority of America, yet veterans get no guidance thanks to VA policy…",0,-0.4777,0,0.13333333333333333,1,0,0.9947939515113831
82,".@CCFA Of all things, homeopathy? Patients need to know this is a scam with no basis in science (or reality).",0,-0.7096,0,0.0,1,0,0.9997512698173523
83,@user @user @user America was saved. Wake the hell up. You want 2M refugees? Global gov?TPP?Learn the facts goto college,0,-0.466,0,0.0,1,0,0.9953887462615967
86,Fan opinion: right now I would absolutely take Justin Verlander as a Red Sox. Hands down. #RedSox,1,0.3182,1,0.08253968253968254,1,0,0.9905332326889038
87,Steve Bannon Should Stay out of White House: Attorneys,0,0.0,1,0.0,1,0,0.9987170696258545
88,"@user isn't he the ultra conservative anti- gay marriage, anti-abortion, anti- everything guy?",0,-0.5574,0,0.4166666666666667,1,0,0.9959964752197266
90,"Even after the 4th time watching #FantasticBeasts, I still teared up at the John Williams opening scores. Such a cry baby 😭",1,-0.7351,0,0.0,1,1,0.9631389379501343
91,"@user Never will let - via the reluctance influx of robbed by Poroshenko Ukrainian, where millions of families live on $ 40 a month",0,-0.34,0,0.13636363636363635,1,0,0.5419583916664124
92,Late Thanksgiving Day selfie #happyholidays #notsweaterweather…,1,0.0,1,-0.3,0,0,0.9700241684913635
93,"The ""rich white racists"" hurting ""brown people"" are the Liberals inciting riots & racial divide in America! #Putin'…",0,-0.7345,0,0.1875,1,0,0.9855650067329407
97,"@user But,her sis was big in election,familyRall writers&ACexpert on digi media,so logical cd increase # s",1,0.3182,1,0.125,1,0,0.9909517765045166
99,"@user @user @user leftists have cried wolf a few too many times, while Trump supporters r getting assaulted actually.",0,-0.4767,0,0.09999999999999999,1,0,0.9983674883842468
100,"So that's Obama Care, prosecuting Clinton & the Mexican border wall that he's now reneged on?! #lies #establishment…",0,0.2396,1,0.0,1,0,0.9962542057037354
101,I want to see more robots fall in love with other robots,1,0.6705,1,0.2916666666666667,1,0,0.7330890893936157
103,"The same people (leftists) who fought for women and gays, wanna allow the risk of terrorist migration in this country that kills them.",0,-0.8934,0,0.0,1,0,0.9978579878807068
105,@user @user @user Loyalty's V.important 2.Dems GOPe Press all working against him. Mitt foreign policy vision diff.,0,0.25,1,-0.125,0,0,0.9986608028411865
106,@user Marion Le Pen has also accepted stolen wine from Crimea and agreed to new winemaking partnership #Sanctions #CrimeaIsUkraine,0,0.0,1,0.13636363636363635,1,0,0.9881258010864258
108,"@user secures first major sales order worth around $65,000 #business #news #investment #ASX200 #Pharmaceutical",1,0.5367,1,0.2041666666666667,1,0,0.9710966944694519
112,@user it's soft conservatives who are cool with gay people (sometimes blacks) and drone strikes versus genuine progressives.,0,-0.0516,0,0.31666666666666665,1,0,0.9899888038635254
114,#Buzzfeed is using #BIGOTED #ReligiousTest! #ChipGaines #JoannaGaines #HGTV #Christian,0,0.0,1,0.0,1,0,0.9955360889434814
117,"@user ruin ACA, privatize schools and Medicare, limit abortion choice, sell america's interests to line his pockets, start wars",0,-0.7506,0,0.0,1,0,0.9991569519042969
120,The New York Times doesn't even pretend to cover the news anymore. Where are their articles about anti-Trump riots?,0,-0.4596,0,0.13636363636363635,1,0,0.9968174695968628
122,"@user @user ...and by ""genocidal antisemites"" you mean Steve Bannon, right?#NotMyPresident",0,0.0,1,-0.3125,0,0,0.9969416260719299
123,"Rimmel Cosmetics, Avon and Cover Girl: You have got to stop making “cosmetics of cruelty”!",0,-0.3595,0,0.0,1,0,0.9921106696128845
124,@user Legal terminology for opposing gay marriage? Homo MatrimOHNO,0,0.128,1,0.30833333333333335,1,0,0.9933246970176697
125,What would The [un] @user & Conservatives say if @user or @user did a secret deal to give $300miln to WA? #auspol,0,0.0,1,-0.4,0,0,0.9992485642433167
127,Shame on #Barcelona fans for #homophobia displayed towards @user #RainbowLaces…,0,-0.4767,0,0.0,1,0,0.9992425441741943
128,He's already ENRICHING HIMSELF by charging SS TOP price @user Towers Melania should b forced 2 live @user when time,0,-0.1197,0,0.11212121212121211,1,1,0.87260502576828
129,Abortion really brings out the kid in you.,0,0.0,1,0.2,1,1,0.9836201667785645
132,Fast food companies spend $2B advertising to children each year. How's a parent to compete? #NationalFastFoodDay,0,0.0,1,0.2,1,0,0.9880717992782593
133,"@user @user ...or for her support of ""terrorism""! #Hamas",0,-0.4926,0,0.0,1,0,0.9952220320701599
134,"Comey’s letter swung public opinion, it would not have cost her the election. Voter suppression did that.",0,0.0,1,0.0,1,1,0.9699310660362244
137,@user she plans to rig the recount...so the Trump admin better be ahead of this. Even Obama didn't want her to do it.,0,0.291,1,0.5,1,0,0.9980814456939697
138,"The deplorables will have an awesome four year long hangover, think salt and hemroids, head in a sack bar of (cont)",0,0.6249,1,0.475,1,0,0.7977141737937927
139,@user When are we going to sign Mr. @user to his extention? Let's get it done!,1,0.0,1,0.0,1,0,0.9989728927612305
140,"@user @user @user Great, so how far will you comply? Just squeeze a little more gun control?Ban angled foregrips, fudd?",0,0.4982,1,0.303125,1,0,0.7251789569854736
141,"George soros...a member of the National socialist German worker party(nazi party). He served under Hitler, Himmler,this man said...",0,0.4019,1,0.0,1,1,0.9334157109260559
142,@user The Clinton Crime Foundation got everyone wanting to Pay to Play!,0,-0.4199,0,0.0,1,0,0.9951777458190918
143,@user @user @user @user @user The NeoFascist Conservatives all cling to the fact that...,0,0.0,1,0.0,1,0,0.9956589937210083
144,#FantasticBeasts at @user then to DHS for #JingleBellJingleBAM,1,0.0,1,0.0,1,0,0.8976908922195435
146,Spirit of my silence i can hear you. But im afraid to be near you. #ThisIsUs 😍😍😍,1,0.9239,1,-0.25,0,0,0.7309139370918274
147,"Brexit has started the disintegration of the EU, Italy&#39;s Europe minister says - -  - The populist ...",0,0.0,1,0.0,1,0,0.9878551363945007
148,Conflicts are only 1 of many issues facing racist/sexist/abusive/narcissistic despicable Trump. He also violated US…,0,-0.7184,0,0.25,1,0,0.9944888353347778
149,The Democrats are behind the Anti Trump protests that turn into Riots.There Parents must be pleased with how they raised there Children.,0,-0.0772,0,0.04999999999999999,1,1,0.9899066090583801
150,Trump says to #draintheswamp but fills his cabinet with fucking Swamp Things,0,0.0,1,-0.6,0,0,0.9993409514427185
151,"white supremacists?  alt-right?  They're fucking Nazi scumbags, or as I like to call them ""anti-american shit-stain…",0,0.2168,1,-0.3,0,0,0.9989221096038818
152,@user and @user desperately trying to create brexit anxiety. Best to ignore mainstream media and laugh them off for what they are.,0,0.6249,1,0.2333333333333333,1,0,0.9972295165061951
153,"Link in bio - Come on The Walking Dead, get it together. #TheWalkingDead",1,-0.6486,0,-0.2,0,0,0.9648123383522034
155,"$2 Mil a DAY to protect Trump et al, because Melania doesn't want to move to DC, & Trumpkins wants to ""go home""",0,0.3352,1,0.2,1,0,0.9923121333122253
156,Here's Obama legacy; we started his presidency with 3 wars and we end it with 7! & drone strikes; & Hillary wanted…,0,-0.75,0,0.0,1,1,0.9831070899963379
157,Why are oral vaccines less common than injected vaccines even if it can induce both systemic and mucosal immunities?,0,0.0,1,-0.23333333333333334,0,0,0.9969490170478821
159,"@user To each her/his own. Most Conservatives, I simply disagree with, some I distrust and a few I dispise. Pick your #poison",0,-0.836,0,0.22500000000000003,1,0,0.9946158528327942
162,".@NavyFederal the ""killer honeymoon"" commercial is so insensitive-u have drone strikes missing 90% of targets-not too funny #liberty",0,-0.4019,0,0.016666666666666663,1,0,0.9997736811637878
164,White-collar supremacy is CODE used by liberal fascists for People who Work for Living in a Real Job #pjnet #trump #tcot #UniteBlue #p2,0,-0.1531,0,0.2,1,0,0.993386447429657
165,Okay but many alt rightists worship HitlerYou people can't keep pretending they aren't Third Reich 2.0,0,0.4226,1,0.3333333333333333,1,0,0.9611732959747314
167,@user #GilmoreGirlsTop4 easy 2. Sookie 3. Emily 4. Luke,1,0.4404,1,0.43333333333333335,1,0,0.9494630098342896
168,@user everyone in the country is worried about our presidency and you and your girl still whining about the cy young.shut up dude,0,-0.4767,0,0.0,1,0,0.997416615486145
169,@user Thats not going to happen. The media will use him in an attempt to smear all conservatives. Spencer will relish in it.,0,-0.3612,0,0.0,1,1,0.9894938468933105
172,@user @user I'm retiring from twitter,0,0.0,1,0.0,1,0,0.999066174030304
173,@user @user Someone didn't just ask you that lol. Tommy Why would you be happy with any race doing a crime. The Liberals need bed🤗,0,0.7003,1,0.8,1,0,0.9936843514442444
176,"I dunno, from my porch view of Europe, there is certainly creeping unease, Baltics, Scandi, rightists in FR, IT, AU…",0,-0.0772,0,0.21428571428571427,1,0,0.9763151407241821
177,Watch Tesla Model S P85D’s instant speed avoid a potential rear-end collision,1,-0.5719,0,0.0,1,1,0.9398353099822998
178,"Positive news - #France to enforce labeling of products produced in illegal #settlements, etc.: #Palestine #Israel",1,0.0,1,-0.13636363636363635,0,1,0.9986147880554199
179,Trump hit by media for choosing billionaires for Cabinet - Member of transition team Anthony Scaramucci weighs ...,0,0.0,1,0.0,1,0,0.9976056814193726
180,‘Pay-to-Play at Its Rawest’: Critics Blast Trump’s Connections to Dakota Pipeline Companyhttps://t.co/uNdc2Cq0N7#uniteblue #notmypresident,0,-0.296,0,0.0,1,0,0.9167171120643616
182,Here's some @user data on the partisan divide separating Dem and Rep views of Putin and Russia's role in the…,0,0.0,1,0.0,1,0,0.9925704598426819
185,"Steve Bannon - its okay for straights to call lgbt ""gay, fag**t, and qu**r""... anyone who comes to me saying that gon catch these hands 👊💥 👊",0,-0.1531,0,0.45833333333333337,1,0,0.7896286249160767
187,Caught on camera: 3 Muslims seem to start fire outside a Jewish village near #Jerusalem...,0,-0.34,0,0.15,1,0,0.9606260061264038
188,VAMOS #LM10 No one can hold you down. If you really want it.Just steal your destiny.Right from the hands of fate🙌…,1,-0.6213,0,0.022222222222222227,1,0,0.9721285700798035
190,What is it with the Alt-Right Nazi-squad disliking Romney? Get over it.,0,-0.3182,0,0.0,1,0,0.9994328618049622
192,Top story: TekUniverse Slashes Prices On The DreamCreator 3D Printing Pen For T… see more,1,0.0,1,0.5,1,0,0.9847091436386108
193,No respite' from Israeli violence against Palestinian children #gaza #palestine #israel #BDS #jerusalem,0,-0.743,0,0.0,1,0,0.9934856295585632
194,. @user retweets anti-Semitic remark,0,0.0,1,0.0,1,0,0.9966467022895813
195,"Dear NO voters, are you celebrating your victory? So are Nigel Farage and Marine Le Pen. Enjoy the lovely company. #ItalyReferendum",0,0.8851,1,0.45,1,1,0.9991669654846191
196,We'll be featured in 3 magazines in a couple of months. Which pic should we use? #Vote #MDwine #BeautyAndTheBeast,1,0.0,1,0.0,1,0,0.9924089908599854
198,Just don't let @user within arm's reach of Sophie.,0,0.0258,1,0.0,1,0,0.9928304553031921
203,@user @user #TRUMPTRANSITIONTEAM ALL WITH HISTORY OF ANTISEMITISM AND SUCH...,0,0.0,1,0.0,1,0,0.995326042175293
204,@user @user How do you explain this?,0,0.0,1,0.0,1,0,0.9969101548194885
205,saw david beckham on david blaine's tv special and i had to bite down so hard to stop me from screaming daddy,1,-0.499,0,-0.03002645502645503,0,1,0.6842204332351685
209,Medicare is more cost-effective than private insurers and could serve as the foundation for a single-payer system.,1,0.0,1,0.25,1,0,0.8653978705406189
210,@user And looking at what homeopathy IS should be enough to dismiss it out of hand. Chemistry just does not work the way they claim.,0,0.4939,1,0.0,1,0,0.9997887015342712
211,Now i know why they are raving about this show! #thisisus,1,0.0,1,0.0,1,0,0.9884904623031616
216,One thing I can't stand is this anti-Japan Korean slimy NGO Human Rights Watch funded by George Soros exploits Hiro…,0,-0.34,0,0.0,1,0,0.9941832423210144
217,Apple nabs obscene share of smartphone profit thanks to Samsung's Note 7 debacle - MarketWatch | #galaxyNote7 #Not…,0,0.4939,1,0.2,1,0,0.9992642998695374
221,"""Kim Fatty the Third""",0,0.0,1,-0.1,0,0,0.9020237326622009
223,"When I'm in public and pull a pair of underwear out of my sweatshirt sleeve, I can't help but feel like David Blaine. #magic #static",1,0.3861,1,0.3333333333333333,1,0,0.5797194838523865
227,@user @user @user @user @user ummm vaccines have avoided over 700000 deaths since the nineties...,1,-0.34,0,0.0,1,0,0.9282394051551819
230,@user Liberals having no knowledge of who their speaking to parroting what @user tells them. Here's what you…,0,-0.296,0,0.0,1,0,0.9995868802070618
231,@user @user put an embargo on FRANCE like you do other countries like Cuba,0,0.6124,1,-0.125,0,0,0.9786220192909241
232,"You got nothing to loose except your Retirement, SS, Medicare, Pensions, Healthcare, the right to vote. They voted GOP, need Mental Health",0,0.2411,1,0.03626373626373625,1,1,0.969541072845459
233,Arm urselves becuz no 1 else here will save u.My 71yo dark-skinned nonwhite mom's new gun 2 be ready 4 pick up on…,0,0.2732,1,0.16818181818181818,1,0,0.9950811862945557
237,Finally time to see #FantasticBeasts! Going with my dad cuz he loves #HarryPotter magic too and is the only series he's read in print 😍😍,1,0.8748,1,0.16666666666666666,1,0,0.9803167581558228
241,first date dream: take me to an anti-trump protest,0,0.0,1,0.25,1,1,0.9932841062545776
242,@user investigate a presidential transition.?  You really are a partisan hack.,0,0.0,1,0.2,1,0,0.9981429576873779
243,Jill STEIN WHY YOU DO ME A FAVOR GO RECOUNT FIDEL CASTRO S  BALLS,0,0.5319,1,0.0,1,1,0.9913914203643799
246,"#tech #summary:  #tesla  #model s can be located,  #un #locked,  #stolen by manipulating  #tesla  #apps",0,-0.6908,0,0.0,1,0,0.998171329498291
248,@user @user well traditionally we don't vote rightists into power. And are too fragmented to elect a trump or modi,0,0.2732,1,0.4,1,0,0.9978019595146179
249,@user @user insurance from 298 to 1300 month. She said tax hikes; he said tax cuts. Lota friends jobless. Dems had their chance.,0,0.4404,1,0.0,1,0,0.618171215057373
251,"@user they are, i can't even wear them more than a day. & Revlon does animal testing. Any other brands?",0,0.0,1,0.1875,1,0,0.9952014684677124
252,Nikki Haley’s family In India Cheer Her Appointment As UN Envoy #nikkkihaley #unenvoy #unitednations #donaldtrump,1,0.5106,1,0.0,1,0,0.7501152157783508
253,Chinese scientists convert infectious viruses into live vaccines to tackle deadly viruses,1,0.0,1,-0.02121212121212122,0,0,0.9559354782104492
256,"I'm thankful for all of the nasty women, bad hombres and various other sub groups fighting for my rights and the...",1,-0.7096,0,-0.45624999999999993,0,1,0.9914323091506958
260,Remarkable. Expert who investigated death of Litvinenko 'killed himself' after trip to Russia @user,0,-0.7003,0,0.275,1,1,0.9994288086891174
263,for White Supremacists/Nationalists/Alt-Rightists their central hope for the future is a return to a past as it never quite was,0,0.4404,1,-0.0625,0,0,0.9919592142105103
264,@user Viper. Another fucking nazi,0,0.0,1,-0.6,0,0,0.9990455508232117
265,@user HEY DUCK WHAT ARE YOU TALKING ABOUT MADURO AND tHE BOLIVARIAN REVOLUTION AHH COCKSUCKER?? GO TO GIVE ASS IN PARK AVENUE..EVERYDAY,0,-0.8867,0,0.0,1,0,0.9853383302688599
266,Sharon needles is doing Melania trump n the crowd is chanting CULEERAA,0,0.0,1,0.0,1,0,0.9752370715141296
267,Why has #Cameron come out of the shadows now ?He's left the country up a creak & no paddle #PoliticalWally 👎🤓✔https://t.co/dvYaRG9HKW,0,-0.5267,0,0.0,1,0,0.9995068311691284
268,.@realDonaldTrump promised the best and the brightest. He's giving us mediocre and rightists. America is so screwed,0,0.8395,1,0.25,1,0,0.9979470372200012
270,Trump wants to build a wall on the Mexican border cause he has never heard of tunnels.  Mexicans are eagerly awaiting their invoice.,0,0.3818,1,0.1,1,1,0.990176260471344
272,why does everyone keep saying white supremacists care about middle eastern christians when that's clearly not the case,0,0.5994,1,-0.016666666666666666,0,0,0.9940856695175171
273,Vandalism OK  as long as protest #PresidentElectTrump !?!? #DrainTheSwamp #AmericaFirst #maga  via @user,0,0.4361,1,0.2109375,1,0,0.9970166683197021
274,@user call them what they really are: white supremacists.,0,-0.3102,0,0.1,1,0,0.9772170186042786
275,Kim Fatty the Third 😂😂😂😂 China has excelled itself this time 👌,0,0.9635,1,-0.1,0,1,0.9945108890533447
277,Voter suppression is the biggest issue. ~the real voting-rights scandal of 2016. This was the first Presidential...,0,-0.4404,0,0.225,1,0,0.9528102278709412
278,The externalities when Linux Foundation joins #microsoft GNUOpponents of #swpatsVictims of Microsoft's patent extortion campaignTruth,0,0.0,1,0.0,1,0,0.9966124892234802
279,Join #PatriotForceOne to fight progressives control of social & mainsteam media. Unite now #PJNet #Tcot #Tlot #TPP #JusticeforBenghazi4,1,-0.1027,0,0.03333333333333333,1,0,0.9655950665473938
280,@user  @user Jeb Dont go out writing OPEDS to absolve yourself. You choose party over country. You are n American as Putin would B,0,0.5994,1,0.0,1,0,0.9870558977127075
281,We are fleeing your bombs. #migrants #paris #falseflag #syria #StopBombingSyria #libya,0,0.0,1,0.0,1,0,0.9964166879653931
282,Taked 5 mins to express your disgust to your #bank thats funding #DAPL,0,-0.5994,0,0.0,1,0,0.9984958171844482
286,"Catherine Deveny is a douche. I say this as a woman, a mother and an awareness that woman pay for gov keeping abort…",0,-0.4404,0,0.0,1,0,0.9822480082511902
287,"RT @user white media gon keep calling these folks ""alt right"" then run a 60 minute special asking how these people came to power.",0,0.4019,1,0.21428571428571427,1,0,0.9972217082977295
290,"@user @user if liberals had some brain, they would focus on 2018 midterm election and move forward. They will lose everything.",0,-0.4019,0,0.0,1,0,0.9997807145118713
291,exactly. it's a disrespectful insult to Trump and his transition team,0,-0.5106,0,0.25,1,0,0.9985431432723999
293,.@StephenBannon has no problem being compared to satan:,0,0.3089,1,0.0,1,1,0.9832751154899597
295,Fucking true 🙈💕 #Larry #LouisTomlinson #HarryStyles #love #couple #Spain #fans #onedirection #Directioner…,1,0.9117,1,0.425,1,0,0.9691563248634338
296,And they coulda needed that Medicaid with all th'extra coal dust they'll be suckin' in while they're a'prayin' to t…,0,0.0,1,0.0,1,0,0.9984622001647949
297,"Arsonists setting fires in #Israel, now the hills of #Jerusalem are burning😥🇮🇱 #IsraelFires #arson #Arabs #Jews",0,0.3291,1,0.0,1,0,0.9928353428840637
298,"@user @user Obamacare caused people to go from FT to PT jobs. Employers cut hours, especially in retail. Lost $ & insurance.",0,-0.5667,0,0.0,1,0,0.999358594417572
300,I actually cried just playing the 3min demo at the beginning of this. I can't believe we live in a world where...,0,-0.2023,0,0.06818181818181818,1,0,0.9966950416564941
302,Stop Cosmetic Animal Testing (CRS 225)@HSI_Canada @user @user @user @user,0,-0.296,0,0.0,1,0,0.99665367603302
303,Facebook has banned modeling pictures of Melania Knauss Trump,0,-0.4588,0,0.0,1,0,0.9962843656539917
304,@user @user @user #Hillary lost PA because #Dems voted #Trump Hillary said NO Jobs for #Coal NO Jobs NO Votes,0,-0.6752,0,0.0,1,0,0.9994507431983948
305,1D One Direction 22 inch Two Tone Teddy Bear with Varsity Jacket  #1d #onedirection,1,0.0,1,0.0,1,0,0.9728161096572876
306,"Uh oh, I can't stop singing @user ""Jizz In My Pants"" but replacing ""my pants"" with ""Mike Pence.""",1,0.1139,1,0.0,1,0,0.9974476099014282
307,#UnitedNations what's the point just another talking shop.. running around  shaking a stick .. as much good as a scarecrow. No notice taken,0,-0.2023,0,0.7,1,0,0.9996058344841003
308,"College degree...no took down the website...copy Michelle speech..deny,deny....lying Melania…",0,0.0,1,-0.15555555555555556,0,0,0.9957650899887085
309,@user is not going to approve of Mike Pence doing all this Goblin Kissing! #TrumpTransitionTeam #MAGA,0,0.6114,1,0.0,1,0,0.9994907379150391
310,@user Hey @user China's CENSORSHIP Policy sounds A LOT LIKE @user #Fascist PC #Censorship of ideas,0,-0.0943,0,0.0,1,0,0.9992225170135498
314,Only 82 days left until Valentines Day,1,0.0,1,0.0,1,0,0.7395609617233276
316,"""drone strikes in Afghanistan were 10 times more likely to kill civilians than conventional aircraft.""  whoops!https://t.co/NW4nUzM1is",0,-0.8297,0,0.11904761904761905,1,0,0.9888573884963989
317,Secret recordings reveal Dublin pregnancy centre advising women that abortion leads to #breastcancer. #repealthe8th,0,0.0,1,-0.4,0,0,0.982747495174408
318,"Congratulations Mr.Trump, YOU just lost the popular vote by over 2,000,000.",0,0.6597,1,0.6,1,0,0.9934301972389221
320,"@user it's a joke, but maybe don't be the biggest sweetheart to kim jong un",0,0.8201,1,0.0,1,0,0.9484001398086548
322,@user I work in Medicaid benefit determination and it blows my mind that some of my clients may have voted for Trump.,0,0.6908,1,0.0,1,0,0.9000948071479797
323,@user Always thought he was a patriot but now that DC/Clinton corruption is exposed he & GW don't seem so patriotic😕#draintheswamp,0,-0.5883,0,0.0,1,0,0.9973480701446533
324,When you want to try vegetarianism but you can't find good recipes and then you stumble upon an awesome-looking vegan site! 😍,1,0.3254,1,0.31875,1,0,0.7122765779495239
326,I liked a @user video from @user Watch Me Troll The Young Turks at Trump Protest in NYC (Excerpt,1,0.2023,1,0.35,1,0,0.9312707185745239
328,"""As liberals raised fears about hacked voting machines..""Months after the donald did.#AuditTheVotehttps://t.co/p2eyQyFpQL via @user",0,-0.6705,0,0.0,1,0,0.9975407123565674
329,@user @user why did trump appoint Steve Bannon in his cabinet who openly racism and support KKK.This guy will save th wrld?,0,0.2023,1,0.0,1,0,0.9883984923362732
330,@user please talk truth to power with your pops us deplorables dont want bitch romney,0,0.7543,1,0.0,1,0,0.9550235867500305
332,"@user I know. This, TPP, expanded wars and drone strikes, mass surveillance, on and on...",0,-0.7269,0,0.0,1,0,0.9851682186126709
333,"Japan prepares for NUCLEAR war with North Korea's Genocidal Dictator, ""Fat Bastard"" Kim Jong-Un",0,-0.8126,0,0.0,1,0,0.9725102782249451
334,"You say change the world yet cling to the past whether it be white supremacy, reliance on fossil fuels, or the fact…",0,0.0516,1,-0.125,0,0,0.9638316035270691
337,"If a ""thing"" is accessible through the Internet, someone else can control it, exploit it, break it, or steal it.…",0,-0.5574,0,0.375,1,0,0.9978294968605042
338,It's always odd to me when ppl / analysts say this ... it's like saying The Royals Bullpen should win Cy Young,0,0.6124,1,0.24444444444444446,1,0,0.7459232211112976
339,TONIGHT at the Leaf: Gravity A // night after Thanksgiving party // Maple Leaf! Bring your ticket stub from the...,1,0.4574,1,0.0,1,0,0.9854990243911743
340,"Steve Bannon look like the type of dude to hang out in front of liquor stores all day handing out ""Hillary is Satan…",0,0.3612,1,0.0,1,0,0.9780142307281494
341,#glory #duet at the #thankyouobama concert with @user and yolandaadams killed it. Her voice is…,1,-0.25,0,-0.2,0,1,0.8541361093521118
342,"@user Yeah, ima respect this Admin as much as they respected Obama's",0,0.8126,1,0.2,1,1,0.9856613874435425
343,#DrainTheSwamp has translated to stocking the swamp with a kleptocrat's cronies.#DumpTrump #NotMyPresident,0,0.0,1,0.0,1,0,0.9994288086891174
344,@user @user @user he's not hiring white supremacists snowflake. Try again and don't believe the sycophant media.,0,0.1877,1,0.0,1,0,0.9992805123329163
345,consider the level of privilege it takes to be demonstrably more concerned with trump's tweets than drone strikes on muslim civilians,0,0.0,1,0.5,1,0,0.9761652946472168
347,How the #uber case will help local taxi firms in the UK -  #uberdriver #taxi #transport #jobs #wages #bristol,1,0.4522,1,0.0,1,0,0.9236397743225098
348,"@user And once again, whiny rich white liberals with their parent's credit cards are out money.And today was…",0,0.7351,1,0.1875,1,0,0.9914153218269348
349,I think its so interesting that half of Cubans are mourning the loss of Fidel Castro while the other half are celebrating,0,0.4572,1,0.010416666666666678,1,1,0.9970498085021973
350,"@user also, Pope Francis (Chief Illuminati) said Trump was ""un-Christian"" I had a feeling he was really not…",0,0.128,1,0.2,1,0,0.99808669090271
352,@user Justin Verlander not winning the Cy Young. I'm thankful,1,0.2321,1,-0.075,0,0,0.9901859760284424
353,"Anyone admit ""was going to vote for Clinton until the Comey letter switched me to a far-right wing supporter of fascism.""",0,0.4404,1,0.0,1,0,0.9930889010429382
355,"HEY OLD MAN, PRACTICING BLOW JOBS ON A MIKE, UNLESS IT'S A PENCE, IS A WASTE OF TIME. YOU HAVE PLENTY OF REAL MEAT…",0,-0.4215,0,0.03333333333333333,1,0,0.9067736268043518
357,For #BeautyAndTheBeast only #CelineDion can resing this classic!,1,0.0,1,0.10416666666666666,1,0,0.9866107702255249
358,"@user @user Mass is already behind Corbyn, but he continues to appease the Blairites.The rightists must be kicked out.",0,0.3919,1,-0.4,0,0,0.8104233145713806
359,"@user just remind her not to step in the Bannon the dog left in the yard as in ""Look out! Don't step into that pile of Steve Bannon!""",0,0.0,1,0.0,1,0,0.9979378581047058
362,Interesting that recounts are only in states where Trump won. What about #TheWalkingDead? California should be main…,0,0.7506,1,0.25,1,1,0.7849602699279785
364,"One thing we're learning about Trump is that his train of thought rarely runs on a single track, writes Ron Elving",0,0.0,1,0.11428571428571428,1,1,0.994337260723114
366,Hillary supporters...... Two 'ZIO Supremacists' have to point out great moments - these CUCKS truly care?,0,0.9022,1,0.8,1,1,0.9936180114746094
368,@user Democrats will always b on the defensive. Warren said she would protest changes Trump seeks 2 make 2 the agency she helped create.,0,0.0516,1,0.0,1,0,0.9947819113731384
369,Enough Already! Trump is in Transition,0,0.0,1,0.0,1,1,0.9669402837753296
371,What will they bring in next? Euthanasia for the disabled?,0,0.0,1,-0.1,0,0,0.9963895678520203
373,Hey @user I want @user to record the theme song... Once again #beautyandthebeast cc @user,1,0.0772,1,0.0,1,0,0.815316915512085
376,galaxy allo dictionary of garbage note 7 fire ios exynos 🍆 🍆,0,-0.34,0,0.0,1,0,0.9885436296463013
377,#WESTWORLD Dolores is MF Wyatt mutherfuckerrrrrrr I don't think I've guessed one MF thing I love shows like this,0,0.7717,1,0.5,1,0,0.8344403505325317
379,If they try to steal the election with this recount just start the civil war already. It is the perfect excuse to kill all of the leftists.,0,-0.8316,0,0.475,1,0,0.9761902689933777
380,"@user Jack, you know no one can eclipse Cristiano Ronaldo, the sun king of sports. Not even Cam Newton.",1,-0.296,0,0.0,1,0,0.9931333661079407
381,@user the non equality of votes is an America paradox such as death penalty and racism. Until this isn't fixed America won't lead.,0,-0.9081,0,0.05,1,0,0.9973376393318176
382,"What pranks will be left for Trump's team? White House Vandalized In Transition, G.A.O. Finds",0,0.0,1,0.0,1,0,0.9992103576660156
383,"Omfg in china they call kim jong un ""kim fatty the third""",0,0.0,1,-0.1,0,0,0.9897974729537964
384,haghtag-MyFAMILYWEIR my stepgrandma facial features=FBI Director Comey(Jap decendent)=bothR Jap SPIES. W appointed Comey=DUMMY or INSIDIOUS?,0,0.0,1,0.0,1,0,0.9983373880386353
386,"@user @user @user we need to put ""white liberals"" in labor camps separated by sex for life",0,0.0,1,0.0,1,0,0.9980530738830566
387,Negative?]*does a huge garbage bags bc i like anymore except for PS3 wow. north american persona 5! —,0,0.8356,1,0.16666666666666666,1,0,0.9959625601768494
388,"@user I blame both pro investor trade parties, Libs & Cons for agreements that have investor protections i.e. NAFTA, FIPA, CETA, TPP",0,0.34,1,0.0,1,0,0.9980515241622925
390,Westworld.Damn.There is life after Game of Thrones.,1,0.0,1,-0.4,0,0,0.9546603560447693
391,You can make jokes about killing kids in drone strikes but non consensual sex jokes are off limits,0,-0.1154,0,0.0,1,0,0.7638474702835083
392,Quick favor - how to politely end conversation with an over chatty #uber driver?,1,0.4019,1,0.3333333333333333,1,0,0.9540446996688843
393,"It is time we Georgians did not depend only on others, it is tim... #MikheilSaakashvili #quotes",1,0.0,1,0.0,1,0,0.9789268374443054
396,@user @user As gay man I'm appalled at Democrats doing nothing. Gay marriage Hillary & Obama were against until it was safe,0,-0.0258,0,0.13333333333333333,1,0,0.9967557787895203
397,@user @user It's UNIMPORTANT who won the popular vote. THAT'S NOT HOW WE ELECT OUR PRESIDENT IN THE UNITED STATES!,0,0.807,1,0.39999999999999997,1,0,0.9989093542098999
398,On sustainable goals... more countries are making pledges to drop the use of fossil fuels and…,1,-0.2732,0,0.5,1,1,0.9857250452041626
399,#UsefulNewVerbs Don't make me galaxy note 7 on you...🙄,0,0.0,1,0.0,1,0,0.9937082529067993
402,My idols are #littlemix #justinbieber #arianagrande,1,0.0,1,0.0,1,0,0.6767290234565735
404,I was working a minimum wage job from 8.50 and got promoted now I'm gonna be an assistant manager and I'm going to a new store,1,0.4215,1,0.13636363636363635,1,0,0.988602876663208
408,Retail Innovations and Solutions for Business is out! Stories via @user #nationalfastfoodday,1,0.2481,1,0.0,1,0,0.9623599648475647
409,"@user NICOLAS MADURO Y CILIA FLORES AMONG OTHERS, MANAGE THE INTERNATIONAL DRUG TRAFFICKING FROM THE PRESIDENTIAL PALACE(MIRAFLORES).",0,0.0,1,0.0,1,1,0.5046959519386292
410,"They’ve been working on this for a long time - drive the Medicare and Social Security systems insolvent, declare th…",0,0.34,1,-0.008333333333333335,0,0,0.998842179775238
413,"It is also fantastic for pain. I am in pain 24/7 from my hip, but with medical marijuana, I can function and also...",1,-0.25,0,0.2,1,1,0.9987418055534363
415,@user @user @user @user @user @user how about the states Hillary won by less votes??? Them too?,0,0.6868,1,-0.16666666666666666,0,0,0.9990215301513672
416,"If you think the electoral college should be terminated, you have no logic...",0,-0.296,0,0.0,1,0,0.9997512698173523
418,@user the reality is that anyone who made a big splash in their teens & is now not in a 20-something or eligible for social security,0,0.34,1,0.016666666666666666,1,0,0.9866151809692383
422,"@user Unfortunately this Govt has changed the narrative. From social justice, it has diverted people's mind to (misplaced)security",0,0.25,1,-0.23333333333333334,0,0,0.9974531531333923
425,"Pelosi and Warren met with George Soros last weekend. Now a recount really,Jill Stein how much did Soros pay you to ask for this recount?",0,-0.1027,0,0.1,1,0,0.9808251261711121
428,"@user 11/ California deliberately undermined the integrity of voter registration process, therefore Trump can say what he likes.",0,0.4404,1,0.0,1,0,0.999505877494812
429,Wikileaks: Clinton Foundation Inside Information Raises Questions About Bill Clinton | TIME,0,0.0,1,0.0,1,1,0.9478371143341064
431,@user @user ROFL!!! 😂😂😂😂,1,0.951,1,1.0,1,0,0.9852259755134583
432,@user Saakashvili's reckless disregard for the well-being of #lUkraine is reprehensible >@pmakela1 @user @user,0,-0.5859,0,0.0,1,0,0.9985880255699158
433,"President-elect Trump could make big bucks from Dakota Access Pipeline, @user reports",0,0.0,1,0.0,1,0,0.9946218729019165
436,Tonight feels like a coffee cake kinda night. Let's beat #NationalFastFoodDay!!,1,0.4738,1,0.0,1,0,0.9766702651977539
438,"Remember, it always comes in three's ... Florence Henderson, Fidel Castro and the next will be .......Cross your fi…",0,0.0,1,0.0,1,0,0.9607169032096863
439,"#Yemen Another $100,000 lost or damaged - Hilarious",0,-0.3612,0,0.5,1,0,0.8031681776046753
440,Republicans have created replacements for Soros/Clinton Nazi ObamaHealthcare but it would have never seen the...,0,0.128,1,0.0,1,0,0.9804347157478333
443,Victims come forward and testify against  Pope Francis for raping them when they where children. This isn't the...,0,-0.7964,0,0.0,1,0,0.9903490543365479
444,"@user @user @user @user @user Shame on you DixonRacist, sexist hypocriteShame on you",0,-0.4767,0,0.0,1,0,0.999281108379364
447,ITS A GALAXY NOTE 7! (Vine by @user,1,0.0,1,0.0,1,0,0.8569850325584412
448,.@JustinTrudeau just as much as selling women out for a perceived peace that doesn't really mean peace? @user @user @user,0,0.1139,1,-0.056249999999999994,0,0,0.999350368976593
449,@user @user @user We can exit & stop paying the undemocratic EU today with one order from our PM backed by MP's in Parliament.,0,-0.2732,0,0.0,1,0,0.9993215799331665
450,"It was a law placed to overturn the Denton Fracking Ban (tx), that didn't let fracking around schools or where people live",0,-0.5984,0,0.13636363636363635,1,0,0.9798961877822876
451,"#podesta#pizzagate#clintons#Obama#pelosi#harryreid#Cnn#Msm#radicalislam#spiritcookingTHIS IS EVIL AMERICA, LOOK AT IT AND KNOW IT.",0,-0.7297,0,-1.0,0,1,0.6595944762229919
454,@user @user @user Bank bailouts.  Same thing happened to Obama admin.,0,0.0,1,0.0,1,0,0.9978539347648621
455,@user The popular vote that backfires is this year's big lesson to the elites.,0,0.4215,1,0.3,1,0,0.9967558979988098
456,Didn't Grayson Allen get eliminated from the election in the primaries? Oh wait. Nevermind. #fuckduke,0,0.0,1,0.0,1,0,0.9967108964920044
457,Convicted Anti-Christian Domestic Terrorist Sentenced to 25 Years in Prison - Breitbart via @user,0,-0.8442,0,0.0,1,0,0.9946700930595398
458,#TrumpTransitionTeam pie chart to applicants: Those NOT in the #HUGE slice - need not applyMe: #foh #ftw…,0,-0.3621,0,0.39999999999999997,1,0,0.9967710375785828
459,"Melania, unmuted: Melania Trump gave a speech using her own words,which  reminded us why women can’t relate to her",0,0.0,1,0.6,1,0,0.9236827492713928
461,"@user #Assad regime, #Hezbollah and #YPG will capture #Al_Bab and more, if #Turkey doesn't act now.",0,0.0,1,0.5,1,0,0.9921265840530396
462,"Castro, Leonard Cohen, Prince and Bowie are jamming together in heaven. It sounds like garbage. ""Why is Castro here?"" the other 3 are saying",0,0.7003,1,-0.125,0,0,0.9960512518882751
463,Michelle Obama- Girl's Education- Brilliant- Role ModelMelania Trump- Nothing- Stole speech- Married Trump <-- that's saying enough,0,0.5859,1,0.3833333333333333,1,1,0.9964906573295593
465,OK. I'll admit it: pigs do indeed fly - (unless that's another *fake* news story...),0,-0.3182,0,0.26666666666666666,1,1,0.9968209266662598
466,"Everyone Google STEVE BANNON and shock, it means so much, I understood I wish it was illegal to my heart w",1,0.1779,1,-0.15,0,1,0.7401629090309143
468,TF when you can't get your paycheck from George Soros.,0,0.0,1,0.0,1,0,0.9987205266952515
469,Ash y Shay han pasado juntas Thanksgiving <3,1,0.4404,1,1.0,1,0,0.9457895755767822
470,"When it's a joke it's ok, but when you take that shit seriously you remind me of a David Blaine/Ms. Cleo wanna be",0,-0.7469,0,-0.011111111111111108,0,1,0.9910082221031189
471,@user Trump didn't respect Obama. Everytime Conway and Trump open their mouth to protest something its cuz they have already done it,0,-0.5505,0,0.0,1,0,0.9990823268890381
474,@user yeah I know I understand him and can respect as such is returned @user @user @user @user @user,1,0.6486,1,0.0,1,0,0.6508570909500122
479,Deer Lakes Park is looking pretty spiffy & Allegheny County officials attribute its $2.2 million in improvements to #fracking revenue,1,0.6705,1,0.25,1,0,0.9389577507972717
480,"@user nobody's upset about the recount, we upset because we think George Soros is planning a rigging",0,-0.6369,0,0.0,1,0,0.996351957321167
481,"@user I'm really asking. Are any GOP leaders demanding investigations? For that matter, anyone in Obama admin pledging action? 1/",0,-0.2869,0,0.15000000000000002,1,0,0.9958373308181763
482,Ridiculously good? 😬 #ThisIsUs,1,-0.2263,0,0.7,1,1,0.9976078271865845
483,"""Why do you advocate for veganism/ vegetarianism?"" Well ... for one, if the whole world went vegan we could end world hunger ...",0,0.0258,1,0.2,1,0,0.9889785647392273
484,The latest THE TEEN EXCLUSIVE DAILY! Thanks to @user @user @user #nationalfastfoodday,1,0.6625,1,0.175,1,0,0.6024931073188782
486,"Taylor Volk, North Park University student, fabricated anti-gay 'Trump' notes  #tcot #tpp",0,0.0,1,0.0,1,0,0.9961305856704712
490,"Say what u will abt his drone strikes but obama is by far the hottest president. The 2nd hottest is jfk, who to me is a 4, sorta frumpy",1,-0.1901,0,0.05,1,1,0.9920802712440491
492,@user they paid for it out of every paycheck. The wealthy's elderly give everything to their families then claim Social Security.,0,0.34,1,0.26666666666666666,1,0,0.9850395917892456
493,think I am going to dream of #EvanRachelWould 's mind blowing performance as Delores+Wyatt for a few nights. #Westworld  #cantstoptweeting,1,0.25,1,-0.2,0,1,0.9959108829498291
494,@user om.fucking.g.fuck you....craven.How Republicans can rebuild Obamacarehttps://t.co/N7XPyeRcldhttps://t.co/VK29wkI8v0,0,0.0,1,0.0,1,0,0.998963475227356
496,"And both liberals and leftists can whine about ""bathroom politics"" for slightly different but related reasons.",0,-0.1901,0,0.0,1,0,0.9663958549499512
498,#Obama #Pakistan Drone Strikes 74% of Pakistanis consider the #US an Enemy. Is it surprising 👇https://t.co/w4aH7sxfaU,0,-0.5994,0,0.7,1,1,0.5876526236534119
499,WOW!!! ITS INCREDIBLE HOW #FOXNEWS IS SELLING THE #TRUMP BILLIONAIRES AND WALL STREET CROOK CABINET MEMBERS. HEY...,0,0.6884,1,0.54765625,1,1,0.9997045397758484
500,"Easily interpreted as this: if you are latino or black, your chances of justice are lower.From the death penalty in…",0,-0.0772,0,0.13333333333333336,1,0,0.9986133575439453
501,Yes Mr Corbyn you're probably thinking  democracy  s   u   c   k   s...,0,0.4019,1,0.0,1,1,0.9166553020477295
504,Discover The Many Dangers Of Vaccines and Vaccination,0,-0.4939,0,0.5,1,0,0.5984781980514526
505,@user ISRAHELL dropped nuclear bombs on the yemen people in may 2015.If you are any sort of a man condemn the nazi zionists now.,0,-0.3818,0,0.0,1,0,0.9961413741111755
506,@user @user I dare you protest in front of a rolling thunder biker gang supporting TRUMP.,0,0.2263,1,0.25,1,0,0.9848583936691284
508,Many fires are now being reported as suspected arson attacks. Today IAF assisted the police in apprehending arson s…,0,-0.5859,0,0.5,1,1,0.9404159188270569
509,@user @user Yep. The respectable conservative peeps are as frightened by Trump as the liberal ones. #Deplorables,0,0.296,1,0.5,1,0,0.9978873133659363
510,I feel like Michelle Obama when Melania stoled her speech 😭😂😂,0,0.6369,1,0.0,1,0,0.996593177318573
511,@user I heard Steve bannon's is so thin if he gets a boner it can split atoms,0,0.0,1,-0.4,0,0,0.9997512698173523
512,"@user @user Look, I'm not gonna lie: that cut me deep. But with the help of Kim Jong-un I will get through this.",0,0.4588,1,0.0,1,1,0.9984477758407593
515,@user @user @user Traitorous Anti-American paper that wrote this but NOTHING about HRC riotshttps://t.co/tmasiXH44o,0,0.0,1,0.0,1,0,0.9987216591835022
516,Is this the best George soros could come up lots of love,0,0.8555,1,0.75,1,1,0.9998602867126465
517,@user @user @user @user factory owner were flaunting   Minimum wage now what either paying by cheque,0,0.0,1,0.0,1,0,0.9977473616600037
518,"Fine, I guess I'll tolerate Steve Bannon's appointment, but only if he legally changes his name to Race Baiter Ginsburg",0,0.1531,1,0.20555555555555557,1,0,0.9911836385726929
519,@user HRC lost the Electoral collegeShe also lost 30/50 state popular votesIOW - she didn't win either. EC or popular vote,0,-0.2668,0,0.6666666666666666,1,0,0.9997280240058899
520,"@user 1. People lied to pollsters bc they were ashamed. 2. Comey effect 3. If we could trust polls 100%, why have an election?",0,-0.34,0,0.0,1,0,0.998414158821106
524,"What an ass. Dems didn't think they needed fix Nov 8th, now got Jill shilling for #HRC. The same woman Stein said w…",0,-0.5423,0,0.0,1,0,0.9981470108032227
526,@user White Supremacists are deplorable. Americas young/progressives disavow you and your kind.,0,0.34,1,0.0,1,0,0.9985315799713135
529,"@user @user Yeah, ok man. He's got more knowledge than you ever will. If he tried to get the popular vote, he would've.",0,0.7351,1,0.5333333333333333,1,1,0.6607705950737
530,Don't really want this to end but here goes... — watching Westworld,1,-0.0566,0,0.2,1,0,0.7885353565216064
531,Charles rails on bible thumping conservatives all the time and I find it funny because they're always taken a back that a veteran is going—,0,0.4404,1,0.08333333333333333,1,1,0.9987121820449829
532,"President calls it has totally one-sided, biased show the evils of deplorables will be allowed to register the record, I",0,-0.7251,0,0.0,1,0,0.9994226694107056
533,#AbaddonNewWarlordDomination  Ukraine's President: Trump Raised 'Russian Aggression' in Phone Call,0,-0.296,0,0.0,1,0,0.9883416295051575
536,"@user that's true... you are working for some people. Aka George Soros. Answer our questions and quit insulting us with jokes, Jill",0,0.1531,1,-0.325,0,1,0.9987297654151917
537,@user it would have felt better had we not had a Maduro or a Diosdado Cabello so the celebration wasn't as riveting lol,0,0.1451,1,0.6,1,0,0.961359441280365
538,Dutch writers stage walkout over #Hezbollah contract,0,-0.3182,0,0.0,1,0,0.9982298016548157
539,SATANIC TEMPLES STRIKES OUT TEXAS LAW ABORTION,0,-0.3612,0,0.0,1,0,0.993021547794342
541,Dave's worried about Le Pen victory!,0,-0.3595,0,0.0,1,0,0.9871428608894348
542,Can't believe #3YearsofMidnightMemories ! @user #onedirection #1D #directioner !!!,1,0.0,1,0.0,1,0,0.993365466594696
543,Where's @user #hamas is a terrorist group! @user @user @user @user @user,0,-0.7177,0,0.0,1,0,0.9988194108009338
544,Wait till this guy finds out Trump cut his Medicaid and the funding to his kid's schools. #turbulence #DeltaAirlines,0,-0.2732,0,0.0,1,0,0.998703122138977
545,Pop is gay for Tim Duncan,0,0.0,1,0.4166666666666667,1,0,0.9812384843826294
547,@user @user @user Please retweet his tweets that dick blocked me,0,-0.4767,0,0.0,1,0,0.9990830421447754
548,@user @user @user America can't & won't get rid of all fossil fuels 1)they aren't as bad as liberals say 2)too costly,0,0.3506,1,-0.6999999999999998,0,1,0.7651249170303345
552,most of the fires were caused by extreme wind gusts and drought … #Israel #Palestine @user,0,0.0,1,0.1875,1,0,0.9857106804847717
554,@user Nancy is a boss. She knows how to work the house. Praying sexist Dems don't fuck this up...,0,0.6542,1,-0.4,0,1,0.908830463886261
555,Writing an essay about pro-euthanasia is heart wrenching bc I don't support it... but I need to finish this essay !!!!!!!,0,0.4835,1,0.0,1,0,0.6186122298240662
558,@user I'm sorry😕It's not their business-what kind of people are they to wish these things on you that are worse than animal testing,0,-0.4588,0,0.09999999999999998,1,0,0.9996542930603027
559,"We Need, We Want @user singing #BeautyAndTheBeast @user @user !!!!! 🙏🏻🙏🏻🙏🏻",1,0.3544,1,0.0,1,0,0.9631157517433167
560,Celebrate the #NBAwards nominees past and present with related videos in the #PWTheater,1,0.5719,1,-0.08333333333333333,0,1,0.996526300907135
561,Beware of scarcity marketing tactics for the holidays! Wanna save money? Just wait it out #teachecon #Hatchimals…,0,0.7263,1,0.0,1,0,0.9992603659629822
562,WHY I WONT USE MAC MAKEUP ANYMORE! || CHOOSE CRUELTY FREE || ANIMAL TESTING via @user,0,-0.2244,0,0.4,1,0,0.997138261795044
564,Friday night date with this one @user  #fantasticbeasts #cinematime #nobettercompany 🎬😬🍿,1,-0.34,0,0.0,1,0,0.9961872696876526
566,Internet of Tents and 3D printing workshops with @user @user and Andy Kitchen! #buzzconf,1,0.0,1,0.0,1,0,0.9799724221229553
567,And these assclownsWant to steal Medicare?#NOGOP #GOPTreason #PartyBeforeCountry #Shame,0,-0.743,0,0.0,1,0,0.9992260932922363
569,"Nah just a tattoo on their moronic stating """"If I ever vote again euthanasia is my only option""""::",0,-0.6249,0,0.0,1,0,0.9985678195953369
570,"After S6, my #GilmoreGirlsTop4 has changed:4. Richard3. Sookie2. Jackson1.  Paris",1,0.0,1,0.0,1,0,0.9807097911834717
571,"Been""growing""for tens of years.Look around,see the areas blighted by mass immigration.Blighted for ALL .Oh btw I AM…",0,0.0,1,0.0,1,0,0.9709460735321045
573,her words:i would agree regarding recount but you'll destabilize system; electoral college is 2 represent; have se…,0,0.1901,1,0.0,1,0,0.9931485056877136
576,speak the truth even though if its leading to death penalty. cause nothing will set you free except THE TRUTH.,1,0.186,1,0.4,1,0,0.5375207662582397
578,"@user @user She fought MSM, GOP, Comey, racism, sexism, xenophobia and Russia and still won popular vote. It was a screw job.",0,-0.0772,0,0.6,1,1,0.6366913318634033
579,(Global News):#Hatchimals craze causes frustration as demand outstrips supply : The..,0,-0.6369,0,0.0,1,0,0.9990572333335876
580,@user I am one of your constituents. Too late coming to the table and we won't forget that.  @user,0,0.1695,1,-0.3,0,1,0.99410480260849
583,just heard the go cubs go song 4 the 1st time & it sounds like a song that would play @ the end of a musical when the cast comes on stage,1,0.5994,1,0.0,1,0,0.7223802804946899
584,"*playing guesstures*me ""when you get your nails done!""gage ""OH ITS MEDICARE!!""😂😂😭",0,0.6571,1,0.0,1,0,0.987190842628479
585,"@user Instead of building a wall on the Mexican border, can you build one across the @user defensive line?",0,0.0258,1,0.0,1,0,0.9984588623046875
587,Donald Trump and the Rise of White Supremacist Media @user #NotMyPresident #uniteblue #Resist #MAGA #tcot @user,0,0.128,1,0.0,1,0,0.989449143409729
590,"Drone strikes, nuclear weapons the surveillance state at his command, and he’s worried about a comedy show.",0,-0.6249,0,0.0,1,0,0.9974833130836487
593,"@user is a much better Link than Zac Efron, but I'm still still partial to Matthew Morrison",1,0.2382,1,0.2,1,0,0.9632662534713745
594,Seth Meyers on Steve Bannon: 'He's a white nationalist and an anti-Semite' #Tv…,0,0.0,1,0.0,1,0,0.9403420686721802
597,"Trudeau Elected by the same  ""Obama Team"" M.O.   Used Against Netanyahu ""OUR TAX MONEY""…",0,0.0,1,0.0,1,0,0.9946478009223938
598,"Mr Trump win without him, he can bring Confucius in the cabinet",0,0.5859,1,0.8,1,1,0.8583696484565735
599,"Emily, Paris, Kirk, and TJ.#GilmoreGirlsTop4 #SookietheInvisible5th #teamLOGAN (Yes, I know, an unpopular opinion)",1,0.4019,1,0.0,1,0,0.9948333501815796
601,"You might be in luck Gav Polish Tomasz is lucky, in 11 Muslim countries its the death penalty just for being Gay. I…",0,-0.2732,0,0.375,1,1,0.9954798221588135
602,No wonder Vladimir Putin hates Saakashvili. Saakashvili is a corruption fighter. #Putin's middle name should be corruption.,0,-0.5423,0,0.0,1,0,0.9975979924201965
604,@user @user The Daily Fail's long association with Nazi ideology a reason? Perhaps?,0,0.0,1,-0.18333333333333335,0,0,0.9987726807594299
606,"#YEMENPro-#AQAP #INFOGRAPHIC Claims 13 Belt Forces Vehicles Destroyed (10 Land Cruisers,2 Armored,1 Ford) In & Ar…",0,-0.4939,0,0.0,1,0,0.9981004595756531
608,I'm sorry that I have to be the first to inform you but being against gay marriage does in fact 100% make you homophobic,0,-0.0387,0,0.05555555555555556,1,0,0.9900602102279663
609,#Barca's win at #Celtic cannot hide problems with summer recruits!! #FCBarcelona #fcblive #ForcaBarca,0,0.7998,1,1.0,1,0,0.7901789546012878
610,Sheriff Clarke Crushes Obama For Failing To Calm Down Anti-Trump Riots [Video] – Conservative 101,0,-0.802,0,0.07222222222222224,1,0,0.9987205862998962
612,@user @user We dont get to play God & say abortion is murder death penalty isnt. No matter what you've heard from a pulpit.,0,-0.9096,0,0.0,1,0,0.9956129789352417
613,I love how conservatives say liberals are the biggest crybabies. Give me five minutes with a conservative and I'll have them crying,0,0.2732,1,0.15,1,0,0.9821507930755615
614,#ElectoralCollege save #America before it's too late! Before you wake up to a #Putin rule of #US via #Trump,0,0.5411,1,-0.375,0,0,0.9975298047065735
615,"@user Hop @user will also nullify mandatory slew of vaccines required in CA, enough to kill a horse! Autism is rampant.",0,-0.69,0,0.0,1,0,0.9995949864387512
616,@user @user @user ALL HAILKIM FATTY THE THIRDAndDUMPY TRUMP THE SECOND,0,0.0,1,-0.1,0,0,0.9884282946586609
618,"@user @user @user Great article! Finally someone shining the light a corrupt ""human rights"" system #Yemen",1,0.6588,1,0.18,1,0,0.998229444026947
620,.@pimping_is_easy @user @user #hamas is killing #Palestine. Here's the leader's son telling truth,0,-0.4767,0,0.0,1,0,0.9988275170326233
621,"@user @user Good. Trump endorsing, terrorist supremacists & paranoid racists, let's call such people what they are.",0,-0.8519,0,0.35,1,1,0.9573603868484497
623,@user @user Original Nazi Party used to be at zero too,0,0.6124,1,0.375,1,0,0.9993832111358643
628,If #work is for #robots & #life is for humans then start doing this right now!,1,0.0,1,0.3571428571428571,1,0,0.9784919023513794
630,IF #BlackLivesMatter isn't  IMPORTANT  than neither is #BLACKDollars... 💯,0,-0.2811,0,0.4,1,0,0.9982984662055969
632,"@user @user No it didn't. The fake ""scandals"" about HRC that were pushed by Comey, Trump, Assange and Russia did her in.",0,0.4556,1,-0.5,0,0,0.9916274547576904
634,why is it okay for melania trump to completely plagiarize a speech but not okay for gigi to make a joke? doesnt add up?,0,0.3841,1,0.11666666666666665,1,0,0.9989739656448364
643,"Same vomit he was spitting 3 weeks ago-it's like okay, Kim Jong Un...",0,0.5267,1,0.25,1,1,0.903539776802063
644,TV shows that more people should be watching. #ScreamQueens #MTVScream #Quantico #HTGAWM #The100 #Blindspot #Drama…,1,0.0,1,0.5,1,0,0.9903027415275574
645,@user @user @user losing their cool because the refs are one sided. 😡,0,-0.0772,0,0.35,1,0,0.9997822642326355
646,How many Black people voted for Ben Carson in the primary? This is such a strawman. Black ppl arent rushing to vote…,0,0.0,1,0.11333333333333336,1,0,0.9974314570426941
651,Self-driving cars could be the key to independence for seniors.,1,0.0,1,0.0,1,0,0.9529074430465698
654,Always #Believe. #DominatingYourMind #DYM @user #NBAwards,1,0.0,1,0.0,1,0,0.9584845900535583
655,"@user @user @user  Globalism, multiculturalism  and political correctness are just fancy names for communism #UnitedNations",0,0.0,1,0.0,1,0,0.9912705421447754
657,IVE ONLY SEEN FIVE MINS OF DAVID BLAINE AND MAN THIS GUY IS WICKED CRAZY COOL,1,-0.5423,0,-0.08333333333333333,0,1,0.995647132396698
658,Self-Driving Cars Won’t Work Until We Change Our Roads—And Attitudes ->,0,0.0,1,0.0,1,0,0.9893847107887268
659,Its a travesty. Votes in swing states may have been tampered with & audit is needed 2 make sure election outcome ac…,0,-0.34,0,0.5,1,0,0.9982830286026001
661,@user @user Michael Moore is part of the problem,0,-0.4019,0,0.0,1,0,0.9989665746688843
662,Hashid al-Shaabi militia control 3 villages West of Mosul... #MosulOffensive,0,0.0,1,0.0,1,0,0.9824239015579224
663,Cannot believe people are attempting to sell a $50 toy for 6x the price! Unbelievable! #Hatchimals #peoplesuck,0,0.3365,1,-0.3125,0,0,0.9939444661140442
664,GM everyone #tbt #onedirection #5sos,1,0.0,1,0.0,1,0,0.9875941872596741
666,@user @user @user @user He claims no one had a go at him on twitter re gorilla slur. That's coz he blocks any non-Leftists,0,-0.4767,0,0.0,1,0,0.999626636505127
667,"The dems will be lost in the wilderness for decades, with these nut jobs in power!",0,-0.3802,0,0.0,1,0,0.9185063242912292
669,"Clinton cartel at work. Leftists don't understand ""good will"". Prosecute fully all. No sympathy @user",0,-0.7353,0,0.7,1,0,0.9997182488441467
672,"#IOM #Iraq: 1Month into #Mosul Military Operations, over 68,000 Iraqis #displaced from Mosul + adjacent districts…",0,0.0,1,-0.1,0,0,0.9830463528633118
674,Could our gate BE any further away from anywhere? I feel this is some kind of punishment for Brexit 😫✈️,0,-0.7501,0,0.3,1,0,0.9991030693054199
675,@user @user When did she state that she would implement a mandatory death penalty for killing a police officer?,0,-0.9001,0,0.0,1,0,0.9991083741188049
676,Donald get ur act together Quit fights on twitter w @user Ur #notmypresident but ur 🇺🇸pik Get to work fool #TrumpTransitionTeam,0,-0.6908,0,0.0,1,0,0.9983365535736084
677,@user First Trump now this..at this rate Obamacare will run out of money with all the Xanax/Haldol prescriptions!#draintheswamp,0,0.0,1,0.25,1,0,0.999799907207489
678,.@utahjazz players aim to give Rudy Gobert the experience his French childhood deprived him of: catching passeshttps://t.co/cZcmBwoHUI,1,-0.4767,0,0.3,1,0,0.9930792450904846
681,Earlier on Thursday Samsung teased us with a preview video for the Galaxy Note 7 handset set to launch this week. Data backup and...,1,-0.296,0,0.0,1,0,0.9909762740135193
682,@user @user Get me on the show and let me sell you a #Hatchimals @user picked up on our story,1,0.0,1,0.0,1,0,0.9854183197021484
684,@user are we now classifying months as leftists and rightists?,0,0.0,1,0.0,1,0,0.9936707019805908
686,"@user @user Yeah you got me <sarcasm>. I guess it's about equal right? Black riots, White riots? Anti-Trump = Intolerant.",0,-0.7691,0,0.02976190476190476,1,0,0.9876618385314941
690,"@user @user conservative logic: fossil fuels are somehow created on 7,000 year old earth",0,0.25,1,0.1,1,0,0.9934539794921875
691,.@HillaryClinton Visit us for #SmallBizSaturday and pick up our 1st #stillwithher tee unveiled at 12am!    🙌💋,1,0.4753,1,0.0,1,0,0.7309299111366272
692,@user poroshenko is a hundred times worse. i think Yanukovich should speak more on events.,0,-0.4767,0,0.04999999999999999,1,0,0.9996016621589661
693,Either way the hail victory move reflects well on Richard Spencer. Other alt rightists shouldn't be afraid to do the same in the future.,1,0.34,1,-0.18125,0,1,0.999334990978241
694,Trump Copied Hitler:Adolf Hitler Said He Would 'Make Germany Great Again' #NotMyPresident #UniteBlue #LoveTrumpsHate,0,0.6249,1,0.8,1,0,0.9938192963600159
695,"@user Mitt showed his ""true colors"" to PE Trump/now wants a Cabinet job!  What Mitt said caused his own crisis. Loose lips sink ships!",0,-0.6351,0,0.2759615384615384,1,0,0.999789297580719
696,Congrats to the @user for getting that W! 👊💙 #TakeNote #DENatUTA #UtahJazz,1,0.8356,1,0.0,1,0,0.8678914904594421
697,I must be having deja vú cuz I coulda swore thanksgiving was yesterday? #thanksgivingleftovers,1,0.0,1,0.0,1,0,0.9818638563156128
699,Apple Watch MMF62LL/A Sport 38mm Smartwatch #NationalFastFoodDay,0,0.0,1,0.0,1,0,0.9344292879104614
703,"@user But for Comey, Clinton likely would have won; but for Clinton being too arrogant to realize how vulnerable she was, she'd have won",0,0.6652,1,-0.25,0,1,0.9812036156654358
705,Shalom Rimma @user As these terrorist rats #Hamas will have to pay dearly,0,-0.5106,0,0.0,1,0,0.9978075623512268
706,"Due to Obamacare, Drs are no longer taking Medicaid, emergency rooms becoming overwhelmed #TeaPartyToldYouSo #PJNet",0,-0.5574,0,0.1625,1,0,0.9925209283828735
707,"I thought I was doing ok as a parent, but Jack informed me tonight that he loves @user AND Grayson Allen. Disappointing.",0,0.3291,1,-0.04999999999999999,0,0,0.9951700568199158
710,@user Name one foreign policy success of the Obama admin?It has been appalling.,0,0.296,1,-0.05833333333333333,0,0,0.999755322933197
712,"When @user sets up his wall/fence on the Mexican border, I hope he’s going to include hedgehog highways.",0,0.4404,1,0.0,1,0,0.6216313242912292
713,"Dude, me liking your joke doesn't make me to like you. You're David Blaine.",0,0.7506,1,0.0,1,0,0.9583382606506348
714,AU gun control legislation requires gun club membership. It's given gun clubs loads of money and lobbying power:,0,-0.7579,0,0.0,1,0,0.9902805089950562
715,"While the US president-elect continues RTing white supremacists or railing against NYT, @user continues to…",0,-0.25,0,0.0,1,0,0.9112436175346375
716,I'm so excited for @user vs @user I drove 10 hrs for this! I wish I would've remembered my @user or @user jersey!,1,0.7164,1,0.5859375,1,0,0.9295625686645508
717,"@user @user @user  What Trump & Ryan will do for them - take their Medicare, Social Security, and NOT create any jobs.",0,0.1496,1,0.03333333333333333,1,0,0.9985873699188232
718,"@user @user Trump was not elected to unify the cabinet. He was elected to ""drain the swamp"". Romney is part of the swamp!",0,0.0,1,0.0,1,0,0.998046875
719,"@user @user @user @user @user @user Liberals would allow them here, never ever liberals.",0,0.2263,1,0.0,1,0,0.9717149138450623
721,@user are you listening? #AuditTheVote #StillWithHer #resist #NeverTrump #Recount2016 #SaveOurFuture…,1,0.0,1,0.0,1,0,0.9820677638053894
722,"Might even do better with some USA rightists, as they already contribute a bit more to 3WPT from church collections and teachings.",1,0.4404,1,0.5,1,0,0.7611415386199951
725,"It's time to denounce fake news!And while we're at it, maybe we can stop referring to Michael Moore movies as documentaries.Sound good?",0,-0.6239,0,0.09999999999999998,1,1,0.9574874639511108
729,NFL Latest Trade Rumors & Update: Trevor Siemian Unfazed With Potential Coming Of Tony Romo To Denver…,1,0.0,1,0.25,1,0,0.939537525177002
730,"... and Kaepernick, Obama & Michael Moore weep unending tears.",0,-0.6808,0,0.0,1,1,0.5424190163612366
733,@user update: Zac Efron kissing a puppy,1,0.5719,1,0.0,1,0,0.9729597568511963
734,"@user  Hi. Grab a FREE MP3 of our latest song ""Pieces"" @   Thanks4following",1,0.6166,1,0.45,1,0,0.9712076783180237
737,Lovin' the pink outfit of the Chanels 💗 #ScreamQueens,1,0.7096,1,-0.1,0,0,0.9743513464927673
738,"@user After 60 plus controls by Liberals control, they still can not see the picture. This would of been true, objective reporting",0,0.4215,1,0.175,1,0,0.9919224977493286
740,I can't wait for NYE outfits and valentines lingerie lol 💗😛💰,1,0.8271,1,0.8,1,0,0.7129673957824707
741,@user for this?Might travel to Estoril to see and record,1,0.0,1,0.0,1,0,0.8655717372894287
742,HISTORY WILL NEVER FORGET THE NAME PRESIDENT BARACK OBAMA!THE 44TH #POTUS#ILoveObama #AnObamaCelebration…,1,0.3612,1,0.0,1,0,0.9593156576156616
745,Omg i hope my man gets me this #dress for #christmas 😍 #disney #love #BeautyAndTheBeast neeeed this dresss,1,0.8779,1,0.5,1,0,0.8615019917488098
746,@user @user Are there any good arguments against the human rights/non medical model? IE philosophical Suicide/euthanasia,0,0.0516,1,0.175,1,0,0.9985263347625732
747,"We're doing a black friday sale, but we're donating 100% of the profits to support the Dakota Access Pipeline prote…",1,0.8126,1,-0.16666666666666666,0,0,0.6884293556213379
748,"I'm coming for you, Bob Dylan. You started this.",0,0.0,1,0.0,1,1,0.9995390176773071
749,@user it's gotta be Grayson Allen. Has Redick hateability and makes goofy schyer-face.,0,0.0,1,0.5,1,0,0.9934961795806885
750,"@user @user I'm not eligible for Medicaid or subsidies. So I have a loophole called ""can't afford it, you denied me""",0,-0.4404,0,0.0,1,0,0.9991445541381836
751,4D printing: Complex self-folding structures created with 3D printed shape memory polymers@Vimeo an,1,0.25,1,-0.3,0,0,0.8282245993614197
752,A poor fool living in euphoria of his own importance soon 2 fall @ wayside of Kiev chaos @user @user,0,-0.4404,0,0.09999999999999998,1,0,0.9978067278862
755,im trying to uninstall stuff and melania trump hacked my computer,0,-0.4019,0,0.0,1,0,0.9994408488273621
757,"#Yemen "" Smiles won't leave us "" Yemeni children told me at #UniversalChildrenDay.@YourAbility_org",1,0.502,1,0.0,1,0,0.9504607915878296
758,Thanks for the sickening update #aleppo,0,-0.128,0,-0.35,0,1,0.9777225255966187
759,"@user it's delicious, but still not as good as Kim Jong-un's suave lisp. Yum.",1,0.5008,1,0.85,1,0,0.9898557662963867
761,Not being vegan and not caring about animal testing are two WAY different things. The latter is just straight up sh…,0,-0.1847,0,0.06666666666666667,1,0,0.9909472465515137
763,Leonard Cohen passed away #TheScreamingStarted,0,0.0,1,0.0,1,0,0.9429270625114441
764,"@user @user @user Face is crooked? Please, she is stunning. You'd crawl thru 3 miles of dog poop for 10 sec of her time",0,0.5994,1,0.13333333333333333,1,0,0.6006801724433899
765,@user @user @user @user @user @user @user @user DAMN!!!,0,-0.6496,0,0.0,1,0,0.9954091906547546
767,"Sucked into Up TV's ""Gilmore The Merrier"" Binge-a-thon. Have to amend my #GilmoreGirlsTop4: Michel, Michel, Trix/Gran Gilmore, Luke",0,-0.0772,0,0.0,1,0,0.9997076392173767
769,Ya know what?  You are promoting treason.PRESIDENT Obama is still President.Trump is paid $9.5M to make his trans…,0,0.3612,1,0.0,1,0,0.9962512850761414
770,"#ChildrensRights incl living in peace, yet over 3,000 kids injured/killed in #Yemen #EveryLastChild #SavetheChildren",0,0.5423,1,0.0,1,0,0.9459282159805298
771,#LukeEvans Flirts With #EmmaWatson in New #BeautyandtheBeast Image,1,0.1779,1,0.13636363636363635,1,0,0.9677557945251465
772,The last thing we should be doing when our climate is at such a critical turning point is making fossil fuels...,0,-0.3182,0,0.0,1,0,0.9981080293655396
774,A must read.If you sit still for this you will suffer the consequences of a Trump presidency.MAKE SOME NOISE. HIT…,0,-0.5423,0,0.0,1,0,0.9976392984390259
775,@user waitin for its bharat bandh..leftists people wher are y'all.,0,0.0,1,0.0,1,0,0.9978024363517761
778,Whoevedr did this needs THE DEATH PENALTY,0,-0.8543,0,0.0,1,0,0.9929525256156921
779,@user @user @user @user @user @user @user The Trump Bump!  I like it😂,1,0.69,1,0.0,1,0,0.8302291035652161
781,#Mosul battle: #Iraqi civilians ‘targeted by snipers’ as they flee #ISIS #Iraq,0,-0.3818,0,0.0,1,0,0.9921391606330872
784,"In a cruel irony, white supremacist Steve Bannon is rich off profits he made from the show Seinfeld.",0,0.4588,1,-0.20833333333333334,0,1,0.8910336494445801
785,So TRUE!! #NeverRomney Reject ROMNEY!!! @user @user @user,0,0.4643,1,1.0,1,1,0.9953305721282959
786,"DIY Coloring Card - Oh, My Deer for Valentine's Day and Lover, Romantic Card t #geekstuff",1,0.7579,1,0.0,1,0,0.98951655626297
787,Voter registration needs to be purged Country wide. Then have everyone re-register with proof of citizenship. @user,0,0.0,1,-0.1,0,0,0.9984152317047119
788,@user @user @user you have a lot of hate in your heart 4someone claiming to be Christian. There is no need to be nasty.,0,-0.6486,0,-0.6,0,1,0.8285359740257263
791,"Before I board my flight, my wife's friend Pedro hands me the new Galaxy Note 7. And all this time I thought he didn't like me. #BlackFriday",1,0.2709,1,0.13636363636363635,1,0,0.9872438311576843
792,"RT @user In 2016, just nice:""DC restaurant apologizes after hosting alt-right dinner w/ ‘Sieg Heil salute’ @user",0,0.3612,1,0.6,1,0,0.9831140041351318
794,@user @user Hellllllll ya I would if it had Zac Efron in it ❤️,1,0.0,1,0.0,1,0,0.9963668584823608
795,"@user @user I'm sure they're still useful to Dems in some way, which is why we're still hearing about BLM post-election.",0,0.6369,1,0.4,1,0,0.8218454718589783
796,@user @user & to this day every convo w/ Berner you have to redefine 'voter suppression' before we can continue.,0,0.0,1,0.0,1,0,0.9993384480476379
798,"NoWe Haven't Forgot How Conservatives Criticized Michelle Obama's Bare Arms, Stay Silent On Melania Trump’s Nude Pix",0,-0.3612,0,0.025,1,1,0.9764938950538635
799,Party Tipp 😎😎😎🎶🎶🎶🎉🎉🎉🎉,1,0.9661,1,0.0,1,0,0.9608722925186157
800,"White pride goeth before a fall: Alt-rightists turn on each other over ""hail Trump"" video",0,0.4019,1,-0.0625,0,1,0.8784257173538208
801,"@user I hear ya. But I guarandamntee you that this kind of s**t goes on all day, every day in DC. #draintheswamp  @user @user",0,0.0,1,0.6,1,0,0.9967994689941406
802,#DeMonetisation was the favourite of leftists and socialists once upon a time. Amusing to see the boot on the right side.,0,0.3818,1,0.44285714285714284,1,1,0.9976969361305237
803,The latest Jornal Editorial ! Thanks to @user @user @user #cartacapital #nbawards,1,0.4926,1,0.4125,1,0,0.7480839490890503
805,"Early this morning I was reading: ""The Medical Cannabis Guidebook, The Definitive Guide to Using and Growing Medicinal Marijuana,"" 2014. ;-)",1,0.4019,1,0.11666666666666665,1,0,0.5923031568527222
808,@user @user  this is what I don't understand. How many real leftists are there in US? Fifty K? Wouldnt have swayed anything,0,0.0,1,0.35,1,0,0.998228132724762
809,Front to back 😉😏😍😘 #frontendfriday #tigif #gotass #beautyandthebeast…,1,0.7003,1,0.0,1,0,0.9837185740470886
810,KIM FATTY THE THIRD,0,0.0,1,-0.1,0,0,0.8571990132331848
811,"If you take away the 3 million illegals+all the dead Democrats that voted, Trump crushed in the popular vote as well",0,-0.4939,0,0.09999999999999998,1,0,0.9951651096343994
812,@user good thing donnie trump's coming to take them bad hombres out of here.,1,-0.1531,0,5.551115123125783e-17,1,0,0.7970007061958313
813,You can Know (not just #Believe) there is a #God. #Atheists #RushLimbaugh #MarkLevin #UnitedNations,1,0.2732,1,0.0,1,0,0.9629471302032471
815,"#Iraq, #Mosul | #Iraqi_Forces regains control on neighborhoods east of Mosulhttps://t.co/etDq7hxPvQ#mosuloffensive #MosulAid #journalism",1,0.0,1,0.0,1,0,0.9803361296653748
816,#Iran's regime wants terrorist #Hezbollah to be seen as a legit army. Russia is help'g them w propaganda. @user,0,-0.7717,0,0.05,1,0,0.994284451007843
818,Retweeted CaptainsLog2016 (@CaptainsLog2016):Voter Suppression/FraudFake NewsRussian HackersFBI Witch...,0,-0.3612,0,0.0,1,0,0.9980643391609192
819,"#UsefulNewVerb  You can't come up with your own speech, so you Melania somebody else's speech.",0,0.0,1,0.6,1,0,0.997700035572052
820,"@user @user @user Completely irrelevant, FBI Comey the Hatch act, Antony Wiener's laptop- relevant, but not to electoral college",0,0.0,1,-0.04999999999999999,0,0,0.9981759786605835
821,@user the ACA extended the funding for Medicare btw,1,0.0,1,0.0,1,0,0.9362228512763977
822,"""Well Zac Efron is gonna resize all your holes."" @user @user I'm still giggling",1,0.5574,1,0.0,1,0,0.8949015140533447
824,Because we don't need cucks and snakes in Trump's administration. #draintheswamp #neverromney,0,0.0,1,0.0,1,0,0.9948010444641113
825,Hate Crimes Are Rising But Don't Expect Them to be Prosecuted #UniteBlue,0,-0.6956,0,-0.8,0,1,0.9681782126426697
826,YES! Watch a Tesla Model X P90D Drag Race a Model S P90D:,1,0.4263,1,-0.1,0,1,0.9787584543228149
827,"#Turkey #Yemen Oil down on strong dollar, OPEC uncertainty",0,0.2263,1,0.1388888888888889,1,0,0.9890601634979248
828,"@user must we care at all? any more? i know you are a bot, but even robots have feelings!",0,0.4122,1,0.625,1,0,0.9961990714073181
829,#jocox death was a #hoax she was a fraud she supported #hamas and her #brendancox was sacked for sexual stuff @user,0,-0.8176,0,0.5,1,0,0.9995417594909668
831,so my grandpa got medical marijuana and I think he's addicted:'),1,0.0,1,-0.2,0,0,0.9911032915115356
833,Favourite album guys...#3yearsofmidnightmemories #onedirection #MtvStarsNiallHoran #harrystyles #LouisTomlinson,1,0.0,1,0.0,1,0,0.8700557947158813
835,Trump criminal activity is as long as an arm. Why has he not been arrested yet? Our electoral college was created t…,0,0.0397,1,-0.225,0,0,0.9911532998085022
836,@user @user @user @user @user @user Next up no wall on the Mexican border.,0,-0.296,0,0.0,1,0,0.672333836555481
837,"@user  Protest to Obama Admin. The country in crisis & polarized. I hve Am Indian heritage, too.",0,-0.7269,0,0.0,1,0,0.9829045534133911
841,"@user ,,, and even more so with PLP rightists.I despise them all with a will.",0,-0.34,0,0.5,1,0,0.8133355379104614
842,"V happy to go back to vegetarianism, vegan life was not the one✌🏼️🐷🐮🐔🐤🐥",1,0.7845,1,0.4,1,0,0.7726341485977173
843,George Soros from 7:30 at the video timeline speaks of his involvement with his fellow Jewish community being...,0,0.0,1,0.0,1,1,0.9856938123703003
845,@user @user @user @user They started their own racist Twitter. In league with Steve Bannon and Breitbart. Follow the $$,0,-0.6124,0,0.6,1,0,0.9970703125
846,@user fucked up real fast lol. If you do it in a safe way it can be helpful imho even tho my therapist always just tell me to TIPP,0,0.4767,1,0.25,1,0,0.9977838397026062
847,1. Luke2. Jess3. Lane 4. Taylor  #GilmoreGirlsTop4,1,0.0,1,0.0,1,0,0.915229082107544
848,"@user Remember when Qatar gave $1 million to the Clinton Foundation as a ""birthday present"" for Bill? #TrumpTrain",0,0.0,1,0.0,1,0,0.9862451553344727
849,@user @user Michael Moore is a bloated and crap-flinging monkey.  Trump won fairly.  Deal with it.,0,0.5719,1,0.32499999999999996,1,0,0.8984566926956177
850,#BoycottIsrael Time to do to Zionist Israel what was done to #Apartheid #Israel. Boycott until they change. Respect…,0,-0.3182,0,0.0,1,1,0.9934451580047607
851,"Michael Moore/Hillary: Complete liberal lies and distraction. Conspiracy, Racketeering, Treason. ""What difference does it make""?",0,-0.8934,0,0.1,1,0,0.9877285957336426
853,I completed my challenge 🤓,1,-0.2263,0,0.0,1,1,0.9882291555404663
855,The lady next to me on this flight is playing with her galaxy note 7 and I'm slightly terrified lol,0,-0.099,0,0.21111111111111114,1,0,0.9852986335754395
857,"@user  - by your fellow liberal's standards, calling for Pelosi to go makes you a sexist pighttps://t.co/trejr37ynr",0,0.0,1,0.0,1,0,0.9971063733100891
862,I didn't know Seth Myers had a cameo appearance on #ThisIsUs!,1,0.0,1,0.0,1,0,0.9971690773963928
864,"Romney fell for the Okeydoke. He will never be in a Trump Cabinet, he just got served a cold lunch. Now you know. Payback is a real .......!",0,0.0,1,-0.175,0,1,0.9928939938545227
865,@user @user @user Twitter deleting pedophile information relating to Obama admin,0,0.0,1,0.0,1,0,0.9985652565956116
866,@user @user by the way we are buying your book for us and our grand kids,1,0.4588,1,0.5,1,0,0.8719725608825684
867,DIANA LET ME BE THE ONE TO LIGHT A FIRE INSIDE THOSE EYES. #onedirection #3YearsofMidnightMemories,1,-0.4824,0,0.4,1,1,0.9847565293312073
871,"UK 'about to repeat #Libya mistakes in #Mosul', warns Crispin Blunthttps://t.co/08Us0CLEw9",0,-0.4404,0,0.0,1,0,0.9989811778068542
872,"ISIL part of psy op to feed, breed Islamophobia #gaza #StopBombingSyria #syria #ISIS",0,0.0,1,0.0,1,0,0.9885725975036621
874,"@user BanKi-moon called the embargo “most unjust,severe,longlived” sanctions ever appld agnst a cntry #Cuba",0,0.0,1,0.5,1,0,0.99552321434021
876,@user isn't Raul more liberal and who tf is Maduro,0,0.0,1,0.5,1,0,0.8938873410224915
879,@user like pre tpp or his death,0,-0.34,0,0.0,1,0,0.9983892440795898
881,seriously tho I'm glad arrested development happened to me but this plot to build a wall on the Mexican border is tripping me tf out????,0,-0.3313,0,0.05555555555555556,1,0,0.9991424083709717
882,@user @user you know she was bought and paid for a Pelosi wannabe,0,0.0,1,0.0,1,0,0.9990515112876892
883,#Hezbollah Martyr Qasim Shamkha Martyred on 03/11/2016 in West #Aleppo telling his brothers he wants to sleep.,0,0.0,1,0.2,1,0,0.998778760433197
885,The Daily Squib Guide to #Syria Crisis #isis #isil #Hezbollah #AlQassas #FarouqBrigades,0,-0.6249,0,0.0,1,0,0.9874603748321533
886,"Conservatives are not necessarily stupid, but most stupid people a... #JohnStuartMill #aphorism",0,-0.6312,0,0.033333333333333326,1,0,0.9965961575508118
887,Edward @user Lied About Special Forces TrainingJune 2013 Email from JFK Special Warfare Center & SchoolH/t…,0,0.1531,1,0.20476190476190478,1,0,0.998531699180603
888,"@user @user ....then don't just simply brand everyone and anyone who disagrees with you as a ""hater"" in a generalization !",0,-0.6588,0,0.0,1,0,0.9968822002410889
889,“Rape” means sexual intercourse without valid consent. (UN-CTS M3.4). #rape #unitednations,0,-0.7481,0,0.5,1,0,0.9962726831436157
890,"I'm drinking tea, playing all available Ep of @user Batman and might go see #FantasticBeasts over NE. Holler. Or don't. Whatever.",1,0.2023,1,0.4,1,0,0.9968728423118591
893,#NationalFastFoodDay Don't Forgot to #BoycottPepsi after Pepsi CEO’s Anti-Trump... by #Sheepdog176 via @user,0,0.0,1,0.0,1,0,0.9546706676483154
894,"She turns 65 next year, so she knows she will be covered by Medicare no matter what happens with Obamacare.Fuck th…",0,-0.0191,0,0.0,1,0,0.9965603947639465
896,"@user you cant fuck the ugly away, Melania Trump tried... and this was the result",0,0.6759,1,-0.55,0,0,0.9981794357299805
897,My article about @user and protesting the anti-semitism of Steve Bannon,0,-0.4215,0,0.0,1,0,0.9603275656700134
899,"That is how it always starts ...""2001, Microsoft CEO Steve Ballmer described Linux as a “… cancer that attaches...",0,-0.6597,0,0.0,1,0,0.9672332406044006
901,"Chris + 15-char username is a doubt, the 'International Day of fossil fuels I got some music-related puns.",0,-0.3612,0,0.0,1,0,0.9980394244194031
905,When do you suppose someone will tell him that China is not a party to TPP?,0,-0.3089,0,0.0,1,0,0.9986384510993958
906,@user sad to say I am bradim the Tipp people will love to buy me a pint😄,1,0.765,1,0.0,1,0,0.9845477938652039
907,.@DavidCornDC @user what about all the voter suppression laws? Heard lots of provisional ballots used but not counted,0,0.0,1,0.0,1,0,0.9988518953323364
908,America is currently suffering from E.D. (Electoral College Dysfunction) #AbolishElectoralCollege,0,-0.7096,0,0.0,1,0,0.9967028498649597
909,"Notion that Gigi Hadid 'racist' for mocking Melania stealing Obama speech ridic! If she was American same joke applies, different accent!",0,-0.8684,0,0.0,1,0,0.9972454309463501
910,"U can help support #Recount #NotMyPresident #LatinosForHillary #Resist  Filing 2day, 2morrow & Wed. #StillWithHer",1,0.6597,1,0.0,1,0,0.9954832792282104
914,@user Not your business what people should buy for themselves. ANY gun control is immoral.,0,-0.6597,0,0.0,1,0,0.9993589520454407
915,"Nobody woulda payed attention to Jim Brown or Muhammad Ali if they were Sub-par in their sports careers...Sad, but True.",0,0.5719,1,0.35,1,1,0.9954456090927124
919,He said he was a Cubs fan but a true fan wouldn't have said that. It's Cubs season in my heart💙🐻❤️ #365,1,0.9678,1,0.35,1,0,0.765483558177948
920,@user @user @user @user @user haha what!?? Um cy young? Roger clemens PEDRO??? wow dude ur a ASSHOLE,0,0.8423,1,0.15,1,0,0.999019980430603
922,NR then: Muslim immigration ban “religious scapegoating.” NR now: “Time for Honest Talk about Muslim Immigration.”,0,-0.0772,0,0.3,1,0,0.9529733657836914
923,#CD #Musics Ariana Grande Sweet Like Candy 3.4 oz 100 ML Sealed In Box 100% Authenic New,1,0.6705,1,0.24318181818181817,1,0,0.9004772901535034
925,#Fiat #money is fine- governments and banks are the problem,0,-0.2263,0,0.4166666666666667,1,0,0.9953517913818359
929,"Another great article from this site. @user claims to be a civil rights organization , but is actually…",1,0.3716,1,0.8,1,0,0.748911440372467
930,Watching #TheOtherGuys and am now convinced this was the beginning of the #MannequinChallenge 😂,1,0.6808,1,0.0,1,0,0.9894773364067078
932,"@user Yeah they get paid, but not even minimum wage, thats my point. Their job can underpay them because of tips excuse.",0,0.2617,1,-0.05,0,0,0.9958797693252563
933,#Eurozone Listening to leaders talks reminds KCNA of just how inferior they are in the shadow of Kim Jong-un (praise be) #SydMUN16,0,0.2263,1,0.0,1,0,0.9996694326400757
934,@user @user Let us give thanks to recounts and the end of the alt-right Nazi's...,0,0.4404,1,0.2,1,1,0.961617648601532
937,No one's disputing the impact of the Comey letter & coverage. But the voting irregularities are stark. Audit needed!,0,0.0826,1,-0.25,0,0,0.9937583208084106
939,"@user @user @user @user THIS IS UNACCEPTABLE.  ""Fly Delta, the official airline of the Deplorables"".  #FlySWA",0,-0.5766,0,0.8,1,0,0.9997977614402771
940,apparently galaxy note 7's have been exploding on planes so everyone who has one cant carry it on the plane LOL.,0,0.5473,1,0.42500000000000004,1,0,0.9986633062362671
942,"@user @user further irony, Florida was one of GOP led states that refused money from govt to expand medicaid.",0,-0.0258,0,0.0,1,0,0.9842999577522278
943,What doesn't make sense is a for-profit middleman deciding what's medically necessary. Even Ayn Rand was on Medicar…,0,0.0,1,0.0,1,0,0.9994708895683289
945,#Trump; 'I can't wait to see your huge erection on the Mexican border' Sessions; *don't make eye contact* 'FFS! I…,0,-0.5461,0,0.19999999999999998,1,0,0.9689093828201294
948,The 2016 recount led by @user & funded by Soros is why we need to pass voter ID & end liberals cheating.https://t.co/qtitanAChK,0,0.0,1,0.0,1,0,0.9973184466362
950,"@user @user @user I like the idea of 3D printing a trailer for it, some sort of robotic transportation design challenge...",1,0.4215,1,-0.1,0,0,0.8423908948898315
951,"#Obama & #Hillary’s deception on Syrian WMD revealedhttps://t.co/MReqhgC5pB Yep, both #Democrats. Go figger. #TCOT #GOP #uniteblue",0,-0.1779,0,0.0,1,0,0.9912322163581848
955,@user @user @user @user @user @user @user Watch Melo put that giant tattooed COCK in ya asses tmr.,0,-0.3254,0,0.0,1,0,0.9984259605407715
957,@user hmmm.. full blown .. fly blown  same/same Giving Nazi salute puts them in the basket of deplorables.!,0,0.4003,1,0.675,1,0,0.9970101118087769
958,"Those classy, tolerant leftists are already back to their old tricks.",0,0.5423,1,0.06666666666666667,1,0,0.9762843251228333
959,Did the self proclaimed petty queen block me?!?! LMAO #winning,0,0.7412,1,0.55,1,0,0.5128225088119507
961,"No, Students Were Not Offered Extra-Credit for Attending a Trump Protest",0,-0.25,0,0.0,1,0,0.9959678649902344
962,"@user Steve Bannon now says he is an ""economic"" nationalist; check further, he is definitely a white nationalist.",0,0.4019,1,0.06666666666666667,1,0,0.8821130990982056
963,#newhavenbulldogs #mannequinchallenge have a little fun after the hard work…,1,0.3832,1,-0.05972222222222223,0,1,0.997280478477478
965,@user @user @user @user @user DAPL is not meant 2 supply the US 2nd Fracking should B avoided as there R better options,0,0.0609,1,0.25,1,0,0.9985978007316589
967,Saakashvili hijacking the Rukh brand will leave a bad taste among many. Rukh was the original early 1990s independe…,0,-0.34,0,0.06875000000000003,1,0,0.9996544122695923
968,Why Melania Trump should avoid Canada's airhead greedy-guts Sophie Kardashian,0,-0.296,0,0.0,1,0,0.9957459568977356
970,Church blocks sexual contraception and education. Government blocks the Death Penalty. No wonder there's a population bubble.,0,-0.8979,0,0.5,1,0,0.9906608462333679
971,deadass so done warning the british about brexit im just going to sit back and watch,0,-0.3976,0,0.0,1,1,0.9067935943603516
972,Kate Upton & Justin Verlander -- To Hell With Cy Young ... It's Vatica #TrumpTransition #PresidentElectTrump #MAGA,0,-0.6808,0,0.1,1,0,0.9901736974716187
973,The Evelyn McCPeters Art Journal is out! Stories via @user #thanksgiving #nbawards,1,0.0,1,0.0,1,0,0.9878697991371155
974,Time to celebrate for Indian Liberals?,0,0.5719,1,0.0,1,0,0.8204632997512817
975,#GilmoreGirlsTop4 4. Sookie3. Richard2. Emily1. The Dog Paul Anka,1,0.0,1,0.0,1,0,0.9796755313873291
976,same ppl protesting are overly emotional nu fags that had their life saved by a screamo band i hope they get run over #TrumpTransitionTeam,0,0.5423,1,0.0,1,0,0.9990479350090027
977,"RT @user Tell me again how the alt-right are just benign ""populists...?""",0,0.3182,1,0.0,1,0,0.9995859265327454
978,― if only.► happy thanksgiving everyone! 🦃❤► cc hell's canary► ac twin audio... (Vine by @user,1,0.6114,1,1.0,1,0,0.9616800546646118
980,#embracing #autonomous #self driving #cars #corporations that shall #revolution an #industry,1,0.0,1,0.4,1,0,0.8424900770187378
981,If Kim Jong Un ate ass... that's James Kim,0,-0.5423,0,0.0,1,0,0.9976301193237305
982,Got my mom hooked on #ThisIsUs. Binge watch weekend. ❤️,1,0.0,1,0.0,1,0,0.975253164768219
987,#Spurs #GoSpursGo 2008 Fleer #116 Tim Duncan PSA 10 Gem Mint Low POP 4 #TimDuncan #NBA,1,-0.2732,0,0.0,1,0,0.9480574727058411
988,"@user Obama WARNED us that if the U.S. doesn't step in & help write TPP rules, China will! Who should we trust? Now TPP is a goner",0,0.536,1,0.0,1,0,0.9994120597839355
990,Ban anime ban hentai ban manga ban movies ban tvdeath penalty for everybody who makes itnot joking,0,-0.9643,0,0.0,1,0,0.9985848665237427
992,DOPing Newz LIVE FEEDS - Watch the #Infowars Nightly News! #MAGA #Deplorables,0,0.0,1,0.17045454545454544,1,0,0.9991300702095032
994,🔥 EMERGENCY STATE DECLARED IN #HAIFA. #HAMAS PRAISE FOR MORE FIRES.  HEAVY RETALIATION AND SCALATION TO A FULL OPEN-WAR WITH #GAZA EXPECTED,0,-0.1027,0,0.13749999999999998,1,0,0.9854733347892761
997,@user @user lmfao. Trump doesn't advocate anything. If anything George Soros and Hillary pay them to stir up violence.,0,-0.25,0,0.0,1,0,0.9956804513931274
998,Kim Fatty The Third will be pleased to know we've not been banned from nick naming him in the UK.,0,0.6575,1,0.09999999999999999,1,1,0.9985346794128418
999,"Industry leaders were stunned by the election of Trump and unprepared for plans to ""repeal and replace"" Obamacare.",0,-0.1027,0,0.0,1,0,0.9910494089126587
1000,"@user This tweet is written ""I'm so in love, can it be valentines day already"" all over it.",1,0.6682,1,0.5,1,0,0.9834504127502441
1002,Of course #clownshoes #altright #IllinoisNazis,0,0.0,1,0.0,1,0,0.9859209656715393
1003,@user @user A better plan is just mass euthanasia.,0,0.4404,1,0.5,1,0,0.9988817572593689
1005,@user @user If it's anything like medicaid most healthcare specialists won't accept it...bring down drug prices...better start,0,0.0813,1,0.17222222222222222,1,0,0.998314619064331
1007,Obama will not restrict drone strike 'playbook' before Trump takes office,0,0.3724,1,0.0,1,1,0.9930950999259949
1009,"This is mostly true, thoug I’m not letting the left of the hook for being capable of being exactly as shitty as lib…",0,0.2023,1,0.2,1,1,0.9911786913871765
1011,"If you support this, history will remember you exactly as you are- Deplorables & Irredeemables.  He'll get you, too.",0,0.4019,1,0.25,1,1,0.999650239944458
1012,"FOREST FIRES IN ISRAEL‼️ New form of forest terrorism, eye that this can easily be exported to #Europe#Terrorism…",0,-0.4939,0,0.28484848484848485,1,0,0.9905003905296326
1014,So. Many. Plot twists. 😩😭😭😭😭 #Westworld #WestworldFinale,0,-0.926,0,0.5,1,1,0.9301275014877319
1015,@user happy bday isabelle thx for beefin with me all last year😩👌💦 #Hollywood #OneDirection,1,0.8816,1,0.4,1,0,0.9059023857116699
1017,@user ...oblivious to the fact Trump's electoral college win was flimsy compared to HRC winning popular vote by nearly 3 million votes.,0,0.875,1,0.5,1,0,0.9984400868415833
1018,Liberals who think Castro was coolLook no further than the Cubans rejoicing in Miami They know Cuba,0,0.3818,1,0.0,1,0,0.9244287014007568
1019,"@user The Obama Admin is forcing products from non-industries on us. Remove subsidies and no solar, no biofuel, etc.",0,-0.0803,0,0.0,1,0,0.9975119829177856
1020,@user the horsehoe theory AND the bell curve. mmm this will put those alt-rightists to task boy howdy,0,0.0,1,0.0,1,1,0.9705232381820679
1021,"With men like Steve Bannon (worked for Goldman) the financial sector is loaded with ""White-Collar Supremacist,"" harboring awful views of POC",0,0.0,1,-0.5,0,0,0.998809814453125
1022,"Hey, @user please don't stop inciting these anti Trump riots. You're ensuring a Trump/Pence re-election in 2020. Thank you, u moron",0,-0.2528,0,-0.8,0,1,0.9905298352241516
1023,It can decrease anxiety...Read more >>>,1,0.0,1,0.5,1,0,0.8205975294113159
1024,@user get it? doubled down on whorish greed...if only I could do that with my #Obamacare penalties. Just need MRI 4 4fkd vertebrate....,0,0.0,1,-0.07777777777777778,0,0,0.9987480640411377
1028,we need a  Fidel Castro in Kenya  to gear up a revolution against a corrupt regime and have better health reforms #DoctorsStrike .,1,0.4404,1,0.0,1,0,0.9884079098701477
1030,"My #GilmoreGirlsTop4 is ; 4. Babette. 3. Miss Patty. 2. Luke. 1. Richard & Emily, ( as they are one!) ❤️",1,-0.2244,0,0.0,1,0,0.8700711131095886
1031,How stupid can you possibly be? If you buy from too faced you're supporting Estée Lauder & supporting animal testin…,0,0.34,1,-0.07499999999999998,0,0,0.9994251728057861
1032,@user @user @user if #Calexit happens dems wouldn't win EC or pop for next 20 years,0,-0.4717,0,0.4,1,0,0.9975364208221436
1033,You know it's #Friday when your #uber driver is playing #FeelTheBeat by Darude. #Trance #FridayFeeling,1,0.2648,1,0.0,1,0,0.9880494475364685
1034,"@user @user speeds in an alley near Bay / queens quay, almost hits me, then driver gives me a finger #greatservice #uber",0,0.0,1,0.1,1,0,0.6944910883903503
1035,RT @user .@ShaunKing: The alt-right movement goes full Nazi as Steve Bannon prepares to enter the White House,0,0.0,1,0.175,1,0,0.9990987777709961
1036,@user Why are you all of the sudden scamming the Americans? Taking millions from George Soros...so now you join the devil himself.,0,-0.4939,0,0.0,1,0,0.9977042078971863
1037,@user @user @user You all need to find a spot in your ADMIN for @user he has class/would be great asset!,1,0.784,1,1.0,1,0,0.6959203481674194
1038,"And he gets away with this. He will ruin America along with Paul Ryan, Steve Bannon, Mike Pence and all the others.…",0,-0.5859,0,0.0,1,0,0.9961405396461487
1039,@user yeah true. Leftists are actually willing to stab nazi scum like you,0,0.4019,1,0.09999999999999999,1,0,0.9018580913543701
1040,"@user If they kept noses out of my business, but they don't. Nat's Catholics stopped euthanasia law. Hope they go to hell.",0,-0.3718,0,0.0,1,0,0.9968584775924683
1042,@user @user @user scum politicians on both sides signed bills like nafta & were ready to implement tpp which was worse,0,0.2263,1,-0.16666666666666666,0,0,0.9996857643127441
1043,Cause of Severe Injury at Pipeline Protest Becomes New Point of Dispute,0,-0.8442,0,0.13636363636363635,1,0,0.9993506073951721
1045,#DonaldTrump is NOT #DrainingTheSwampNOT bdlg a wallNOT getting rid of #Obamacare ANDNOT rooting out corruption…,0,0.0,1,0.0,1,0,0.9954056739807129
1046,#Facebook gives #Hamas bandit the boot; Shuts their accounts down,0,0.0,1,-0.15555555555555556,0,0,0.9992709755897522
1047,I know I'm late af but is #5SOS like the new #OneDirection or something,1,0.5023,1,-0.08181818181818182,0,0,0.9778178930282593
1049,.@AdrianCJax @user It's not over till its over. Time for America and the electoral college to fix this screw up of historic proportions!,0,-0.2003,0,0.0,1,0,0.9954668283462524
1058,@user whoever is doing these atrocities for #ISIS will NOT escape justice! @user,0,-0.5553,0,0.0,1,0,0.9997711777687073
1059,"Oath! . Rand Paul Ignores Staff, Talks Social Security to Seniors .",0,0.1511,1,0.03333333333333333,1,0,0.9962389469146729
1061,@user @user yeah they found it in the files of the PS3 version,1,0.296,1,0.0,1,0,0.9896765351295471
1063,Don't know if I have the stomach to watch another episode of #TheWalkingDead,0,0.0,1,0.0,1,0,0.9984073042869568
1064,Hacked PELOSI emails CONFIRM Dems responsible for Mayhem in Cleveland during RNC proving they are Party of DISGUST!,0,-0.561,0,0.25,1,0,0.9991490840911865
1067,"GOP will take all the savings from destroying Medicare, Social Security, ACA, and put it into tax cuts for rich, military and corp. welfare",0,0.0516,1,0.027083333333333327,1,0,0.9788877367973328
1068,What infuriates me why AFTER THE ELECTION all dirt is coming out about Trump during campaign ignored? 😒😒 #stillwithher #notmypresident,0,-0.8074,0,0.0,1,0,0.9985330104827881
1069,City bankers’ skills will serve them well after Brexit via @user what is it about bankers? The special ones? Rubbish,0,0.6322,1,0.35714285714285715,1,1,0.9855527281761169
1070,It'll be a blue Christmas. #StillWithHer,0,0.0,1,0.0,1,1,0.9896060228347778
1071,@user love both of you die hard trump train here.pence u rock,1,-0.0258,0,0.10416666666666666,1,1,0.9964564442634583
1073,#PresDT's gonna sell #NASA to #Putin...Why not(?) #NasasPutinsBitch anyways,0,0.0,1,0.0,1,0,0.9988762736320496
1074,"@user @user i will fight them on this ins, medicare&paying rent thing because mr&mrs won't live together? Not our problem!",0,-0.1615,0,0.17045454545454544,1,0,0.9952686429023743
1078,@user @user (D)s have absolutely lost their !@#$* Hacks @user & @user calling for Trump to be investigated,0,-0.4376,0,0.25,1,0,0.9997847676277161
1079,@user @user - I am going to repeal and replace ObamaCare. We will kill your mom tonight,0,-0.6908,0,0.0,1,0,0.9969369173049927
1080,"#NeverRomney is not about Calling @user fraud, or phony. It's about being way on top of the necessary #draintheswamp",0,-0.4588,0,0.25,1,0,0.9978752136230469
1081,"@user Belgium legalized infant euthanasia, Thats degenerate",0,0.0,1,0.0,1,0,0.9919191598892212
1082,I AINT KNOW THEY DID GLEN LIKE THAT!!! #TheWalkingDead,0,0.626,1,0.0,1,1,0.9476051330566406
1083,@user that's amazing😎. I am a tipp supporter living i Sixmilebridge for 35 yr😎s. Then again there is no convention centre in smb😎,1,0.9136,1,0.0,1,0,0.9940225481987
1084,Problem with this is the voter suppression going on..,0,-0.4019,0,0.0,1,0,0.999244213104248
1085,@user so an inbred neo-nazi wants to play too eh? Do You Dare?  @user @user @user @user @user,0,0.4137,1,0.2,1,0,0.9992774128913879
1087,I like the day after thanksgiving no one at my house askin a million questions and all the leftovers here 😂,1,0.4939,1,0.0,1,0,0.9967648983001709
1088,@user Only because burning fossil fuels never includes the cost of carbon pollution.,0,0.0,1,0.0,1,0,0.9945639371871948
1089,This car smells like piss 😷😷😷 #uber,0,-0.0516,0,0.0,1,0,0.9989099502563477
1091,"@user planning on ripping apart Medicare and Medicaid, they said they were going to do it without you,  really!!",0,0.0,1,0.3125,1,0,0.9979524612426758
1092,Vancouver Mayor and anti-Trump rioters:  - // #GeorgeSoros is also funding foreign groups for riots not just in USA!,0,-0.5562,0,-0.15625,0,1,0.747989296913147
1096,"I just hope that the samsung smartphone I am getting doesn't end up like the samsung galaxy note 7 disaster.,",0,-0.5122,0,0.0,1,0,0.993724524974823
1097,"If you dislike someone because of skin colour, you're a muppet.If you're concerned about mass immigration, you're entitled to be.#SkyNews",0,-0.128,0,0.0,1,1,0.9969569444656372
1099,"@user social security ,and Medicaid are self sustaining program ,the bullwork of bluecollar retirement .you cut it you save nothing",0,0.5423,1,0.03333333333333333,1,0,0.9991788268089294
1100,Black Friday I'm shopping for a good game heading to Trent Arena tonight Fairmont versus Tipp let the grind begin,1,0.4404,1,0.04444444444444443,1,0,0.903151273727417
1101,@user @user @user @user @user THAN DISGRACERomney #ReStockSwampBREAK PROMISE #DrainTheSwamp.,0,0.4648,1,0.0,1,0,0.9993857145309448
1102,"@user @user @user @user Clinton foundation donations drop like a rock when she loses,circle of life is complete!",0,0.1759,1,0.125,1,0,0.9956473708152771
1103,Deep Learning Makes Driverless Cars Better at Spotting Pedestrians,1,0.4404,1,0.25,1,0,0.7378883361816406
1104,Saakashvili accused the government of trying to disrupt \the Last winter with this Parliament\ #news #Russia,0,-0.296,0,0.0,1,0,0.997345507144928
1106,@user Only the Nazi Leftists want to force vaccines on people.,0,0.0772,1,0.0,1,0,0.9964199066162109
1108,"#Russia-ns are meeting with terror org of #Hezbollah , #America-ns are meeting with terror org of #PKK , meanwhile #KSA & #Turkey are +",0,-0.7783,0,0.0,1,0,0.9265727996826172
1109,".@TheRealTnisha @user @user Argued w/a lot of ""swing-state"" Bernie voters who sd their protest vote wouldnt elect Trump",0,-0.5423,0,0.8,1,0,0.9981880784034729
1110,Animal testing should not be a thing,0,0.0,1,0.0,1,0,0.9993763566017151
1111,The architect of the most racist law in modern American history has been named to Trump's team #TrumpTransitionTeam,0,-0.6478,0,0.2333333333333333,1,1,0.990967333316803
1113,Steve Bannon's Face Was on an Ad on Pornhub How Will I Ever Feel Desire Again: An Autobiography,0,0.4019,1,0.0,1,0,0.99224853515625
1115,"@user @user Rampant CORRUPTION is one common factor among all Marxist Leftists..! Obama, Sanders,…",0,0.0,1,-0.375,0,0,0.993571400642395
1118,@user notice how the open society founded by george soros is a pedophilic squiggle as well?,0,0.2732,1,0.0,1,0,0.9976546168327332
1119,shitty but litty thanksgiving w mel 💘 @user,0,0.6705,1,0.0,1,0,0.9941152334213257
1120,#DrainTheSwamp...suckers.,0,0.0,1,0.0,1,0,0.9994786381721497
1121,@user Yeah frustrating. Can I have Tim Duncan back? lol,0,0.2732,1,0.13333333333333333,1,0,0.9986274242401123
1123,I've created a quiz. #OneDirection Singles,1,0.25,1,0.0,1,0,0.8979352116584778
1124,"White-Collar Supremacy LOL@ the Supremacists including Breitbart's faux news story ""NYT Failing"" w/ their whining denials of White Power",0,-0.3542,0,0.4,1,0,0.9991031885147095
1125,Exhibit A of #terrorist sympathizers. Someone better wake them up & show them what #SAA #Hezbollah #RuAF are doing,0,-0.4215,0,0.5,1,0,0.9954664707183838
1126,'Long Live Fidel!': Castro's Ashes Interred in Cuba,1,0.0,1,0.06022727272727272,1,0,0.674224317073822
1128,@user @user I assume Obama and a large contingency of Dems & celebs will attend the funeral.,0,-0.3612,0,0.21428571428571427,1,0,0.990196704864502
1129,@user The @user once labeled Dr. Ben Carson as an extremist which took away the little credibility they still had.,0,0.0,1,-0.1875,0,0,0.999396562576294
1130,"@user @user @user ...and when they break this oath in favour of miniskirts & gay marriage, what then?",0,0.4404,1,0.4166666666666667,1,0,0.9906970262527466
1131,"@user that last message is for Pope Francis, he cannot answer the 4 cardinals, he knows Amoris Laetitia is of the Devil",0,-0.6597,0,0.0,1,0,0.9966238737106323
1133,"He's a disaster yes. But you can't campaign, and lose, on the electoral colleges system and then complain about hav…",0,-0.2647,0,0.0,1,0,0.9869316220283508
1135,"I liked a @user video from @user TUTORIAL de BAILE ""Vente Pa'ca"" de Ricky Martin ft. Maluma",1,0.4215,1,0.6,1,0,0.6922177672386169
1138,Oh. my. God. Bernie is a white supremacist Nazi. The warning signs have been there for years and we never noticed!!…,0,0.1984,1,0.0,1,0,0.995792031288147
1143,@user fakahontas at it again. Keep it up and u demorats will lose the next election,0,-0.4019,0,0.0,1,0,0.996787428855896
1146,Mah Stuff. #TheWalkingDead,1,0.0,1,0.0,1,0,0.9914331436157227
1151,"@user @user I'm all for it until u get to ""Nazi"". Third leg of subculture that requires amputation",0,0.0,1,0.0,1,0,0.9988225102424622
1153,"Trump has tried to illegally invest in Cuba during embargo. Now he wants to make sure he can do it, and Cuba will b…",0,0.3182,1,0.06666666666666667,1,0,0.8648654818534851
1154,@user @user @user religion is a scare tactic and these folks are a prime example. #stomptheyard  #steppinforchrist,0,-0.4939,0,0.0,1,0,0.5612055659294128
1155,"@user Hey Liz, the People are despairing at all this Russian hacking stuff - can you let us know you're working on it?",0,-0.5106,0,0.0,1,0,0.9986156225204468
1156,@user I got this! So far my #GilmoreGirlsTop4 3.Sookie 2.Luke 1.Emily and my invisible 5 would be Richard!,1,0.0,1,0.125,1,0,0.9208772778511047
1158,@user @user get u2 buy thier product than ur parents get ripped off managemnt rigs it2drop n steal thier 401…,0,-0.4939,0,0.0,1,0,0.9988431930541992
1160,"Rock Princess ; Let's Keep This Secret 2 Ourselves ; DON'T Tell Loony Leftists That They Could've Bought  , Lots Of…",0,0.0,1,-0.4,0,0,0.9827396869659424
1165,@user @user Not so. Seems the #Kremlintrolls keep lying up a storm to blame UKR for #MH17 even though they've been debunked,0,-0.7003,0,0.0,1,0,0.9967103004455566
1166,Dems inaction over 2 million vote victory shows why they lose @user via @user,0,-0.5719,0,0.0,1,0,0.9959256649017334
1167,"@user Literally a Nazi. I don't follow comics, does this mean Captain America is an SJW?",0,0.0,1,-0.3125,0,0,0.9994456171989441
1168,I liked a @user video from @user [News] WTF - Black Lives Matter praises Fidel Castro for his,1,0.1943,1,-0.022222222222222227,0,1,0.9698031544685364
1171,CNC and 3D Printing Brief is out!,1,0.0,1,0.0,1,0,0.995609700679779
1173,"@user @user we just started . learned it from the left from ppl like Michael Moore, Soros, sharpton. The great unifiers.",1,0.765,1,0.4,1,0,0.9672188758850098
1175,@user And JIT has tons of evidence to convict #MH17 murderers. #Kremlintrolls are in massive denial.,0,-0.6486,0,0.0,1,0,0.9991400241851807
1176,"@user #0bumas Anti American Muslim phoney incites cop killing,Riots- CIVIL WAR.Goal martial law 2 stop @user BECOMING 45 POTUSMAGA",0,-0.5423,0,0.15,1,0,0.9985225796699524
1177,.@TurnbullMalcolm A $1Billion loan of tax payers $$$ to lock ourselves into fossil fuels for 30+ years while we’re in a deficit. Great work.,0,0.34,1,0.8,1,1,0.5048571228981018
1178,@user @user all the liberals in the US will be morning their hero. Let's see if Obama lowers white house flag.,0,0.4767,1,0.0,1,0,0.9540401697158813
1179,"Journalism at its lowest, radical,rightists denotes new definition of Hinduism 4 sake of power who kills annihilates people with slave media",0,-0.7269,0,0.13636363636363635,1,0,0.99078369140625
1180,I just can't stop listening to this :( Leonard Cohen - Leaving the Table via @user,1,-0.3584,0,-0.75,0,0,0.9983062744140625
1181,"@user @user Side with Hollywood or the media? Hillary was also a Goldwater Girl in the 60's, anti gay marriage, pro Iraq war",0,-0.7351,0,0.4166666666666667,1,0,0.9657027721405029
1182,"@user @user No, it's that others didn't have Roger Ailes to advance their careers!!! Only to back stab him later.",0,-0.6884,0,0.0,1,0,0.9996544122695923
1183,"That's great, but who purchased those shares? Shifting responsibility doesn't solve the problem. #NoDAPL",1,0.7468,1,0.8,1,0,0.9975305199623108
1184,"This is not a joke, please try not to laugh""China websites block searches for 'Fatty Kim the Third'"" -",0,-0.6956,0,0.033333333333333326,1,0,0.9992313385009766
1187,"@user @user @user @user @user ""Liberals"" & conservatives alike ensured l it didn't have a public option..",0,0.4588,1,0.0,1,0,0.9996172189712524
1188,Australia Cuts Clinton Foundation Donations To $0 | Zero Hedge #FidelCastro  Hillary only has the Saudis as contrib,0,-0.296,0,0.0,1,0,0.9916576743125916
1192,The #Westworld need to learn much from east culture.,1,0.0,1,0.2,1,0,0.9895883798599243
1193,@user FUCK YOU MADURO YOU'RE NEXT !!!! HUEVON !!!,0,-0.7507,0,-0.2,0,1,0.746853768825531
1194,Looks like Obama lost yet another ally to Putin's Russia! #ThankYouObama,0,0.126,1,0.0,1,0,0.8844727277755737
1196,#jerusalem is now trending in Malaysiahttps://t.co/3Tp6hN0Inf,1,0.0,1,0.0,1,0,0.986467182636261
1197,"@user @user @user @user It's only a small left fringe that does, not the actual mainstream left, unlike main rightists",0,0.0,1,-0.01388888888888889,0,0,0.9969877600669861
1198,Feels weird hearing it again after all these years. So many new targets for conservatives to go for...,0,-0.1779,0,0.04545454545454545,1,0,0.9888826012611389
1199,@user @user #Hamas took over ruling #Gaza after #Israel withdrew from #Gaza in 2005 and uprooted Jewish communities there.,0,0.0,1,0.0,1,0,0.9930601119995117
1203,Five-year-olds caged to clean up streets for Pope Francis via @user,0,0.4019,1,0.3666666666666667,1,0,0.9502495527267456
1204,New Low for Dems-@pattonoswalt encourages Terrorists to attack PresidentElect's properties @user @user,0,-0.7506,0,0.06818181818181818,1,0,0.9986710548400879
1206,The Roots are keeping it funky. #ThankYouObama,1,-0.1027,0,0.0,1,1,0.9997833371162415
1207,@user @user @user @user That's how the Clinton Foundation works. Only 5 % goes to charity and the rest to ClintonCart,0,0.4215,1,0.0,1,0,0.9937719702720642
1211,@user @user Gotta love experts on Putin style.,0,0.6369,1,0.5,1,0,0.9635415077209473
1219,@user There are 2 options for the US to fight terrorism. Full scale war or drone strikes. I support the lesser of 2 evils,0,-0.9393,0,0.175,1,0,0.8143211603164673
1220,"RT @user This is real. VERY REAL. Alt-Right Neo Nazis loved by Trump's Chief Strategist say ""Hail Trump"" w/ Nazi Salute.",0,0.6369,1,0.48,1,1,0.9996497631072998
1221,Pics from @user on the Interview by #HollywoodLivetoday about #Homewalk and more! #ThisIsUs,1,0.0,1,0.625,1,0,0.994454562664032
1222,"Brexit could draw more criminals to the UK, says police chief... via @user #EU #EUpol",0,-0.6115,0,0.5,1,0,0.9948831796646118
1223,Grayson Allen is so cute 😭😭😭,1,-0.6905,0,0.5,1,1,0.9997157454490662
1225,Google Earth now available in VR #internet #feedly,1,0.0,1,0.4,1,0,0.9779937267303467
1227,"MSM & lefty pundits after decrying #Trump cabinet as ""all white men"" for the past two weeks:",0,0.0,1,-0.125,0,0,0.9972426891326904
1228,The movie where Zac Efron is a DJ is super fucking rad,1,0.5994,1,-0.13333333333333333,0,0,0.996458113193512
1229,THANK GOD Donald J. Trump didn't appoint Dr. Ben Carson to Surgeon General!,1,0.7475,1,0.06250000000000003,1,0,0.9217888712882996
1231,BOOM! Schumer/Pelosi is on it. Medicare at risk. #theresistance,0,-0.3382,0,0.0,1,0,0.9876426458358765
1232,@user @user Because everyone knows it's George Soros?,0,0.0,1,0.0,1,0,0.9891356229782104
1233,@user @user America will move on when White Supremacists aren't running emboldened throughout the country.,0,-0.25,0,0.0,1,0,0.9574116468429565
1234,Nobody should be underestimating this recount. Came right after Trump said he'll pull out of TPP. It's not over until inauguration on Jan 20,0,0.0,1,0.2857142857142857,1,0,0.9621703624725342
1235,"Millions agree w/ Paul Nehlen, Newt, Mike Huckabee, Sean Hannity- #NeverRomney! Reject ROMNEY! @user",0,-0.1984,0,0.0,1,0,0.9865882992744446
1238,@user you don't need coffee when the spirit of Kim Jong-un is there to keep you awake,0,0.1779,1,0.0,1,1,0.9932575225830078
1241,"DJT is a volatile diet cocktail of Erdogan, Kim Jong Un, Putin, Gaddafi, and Mugabe.",0,0.0,1,0.0,1,0,0.9755527973175049
1244,Lady Gaga On Melania's Anti-Bully Speech: ‘Your Husband Is 1 Of The Most Notorious Bullies',0,-0.4927,0,0.5,1,0,0.8282321691513062
1245,Been looking forward to this for a long time #FantasticBeasts,1,0.0,1,-0.05,0,1,0.9990928173065186
1246,I can't believe they killed former chief police officer now FBI special agent Denise Hemphill! *Denise voice* #ScreamQueens,0,0.7637,1,0.08214285714285714,1,0,0.9841199517250061
1247,@user same guy bashing obama and cheering on trump is supporting standing rock protest. one of these rob's is not real,0,0.6369,1,0.049999999999999996,1,0,0.9996556043624878
1248,#Outnumbered STFU @user you're a toxic Democrat who is the LAST person who needs to be talking about #DrainTheSwamp!,0,0.0,1,0.0,1,0,0.9991788268089294
1249,Why Israel Is A Threat To World Peace #gaza #palestine #israel #BDS,0,0.0258,1,0.0,1,0,0.994449257850647
1250,@user @user #ThankYouObama for flying in #Pizza from #Chicago @user expense. $65.000 to another #Pizzagate,0,0.0,1,0.0,1,0,0.9876262545585632
1251,@user well medicaid told mom i can't have it nomore cause i have a job and a cry and we were like umm i've never had a job in my life,0,0.128,1,0.0,1,0,0.9935196042060852
1252,Hey @user - worth checking this week's @user on what robots are learning from octopuses,1,0.2263,1,0.3,1,0,0.8061035871505737
1253,The Constitution lets the electoral college choose the winner. They should choose Clinton. #StillWithHer,1,0.5859,1,0.0,1,0,0.8544248342514038
1254,Burtle for sale! DM me! #Hatchimals #hatchimal #blackfriday #burtle,1,0.0,1,0.0,1,0,0.9867910146713257
1256,@user any updates on that income tax audit or was that all a lie? #BlackFriday #StillWithHer #Thanksgiving #AuditTheElection,0,0.0,1,0.0,1,0,0.9973377585411072
1264,Pope Francis insults Catholic youth - The Detroit News,0,-0.4215,0,0.0,1,0,0.9960838556289673
1268,National fast food day is the only thing that matters🍔 Watch the animation here🍟,1,0.0258,1,0.1,1,0,0.9937856197357178
1269,@user             BBC Bullshit Baffles BrainsMarine Le Pen..,0,-0.5859,0,0.0,1,0,0.998907208442688
1270,"W/ Trump, nationalists strike back against immigration  #politics #elections #news #startup",0,-0.128,0,0.0,1,0,0.9289805293083191
1271,Firstpost: Venezuela’s Maduro calls nephews’ drug conviction ‘U.S. imperialism’ | Reuters…,0,0.0,1,0.0,1,0,0.970011293888092
1272,"@user Well, I doubt Saakashvili is above rent-an-angy-mob.",0,-0.1027,0,0.0,1,0,0.9055620431900024
1273,Spoiler alert: this is what's inside of your Hatchimal. #ruinedchristmas #Hatchimals,0,0.296,1,0.0,1,0,0.991669774055481
1275,Found my Bernie soulmate 🙆🏻🐦 #NODAPL @ Dakota Access Pipeline Resistance Camp,1,0.7804,1,0.0,1,0,0.7077118754386902
1276,@user your mom cheated on your dad with bad hombres all the time. He secretly knew and kinda liked it.,0,-0.6478,0,-0.16666666666666663,0,1,0.9878777265548706
1280,"Um. For many of us, life-threatening. Save #Medicare #Medicaid thou shalt not kill",0,0.7869,1,0.5,1,0,0.9935609102249146
1281,"@user @user I hope it doesn't replicate in Pak, rightists coming to power. Congress will strike back. No guarantees :)",0,-0.3138,0,0.25,1,0,0.9959975481033325
1283,"He had Michael Moore camping on his doorstep like a groupie, played 'em like a pro—but does it matter now? Wait,…",0,0.7579,1,0.0,1,0,0.998035728931427
1285,How time changes: Microsoft joined Linux Foundation as platinum member - long gone the Halloween documents!,1,0.0,1,-0.0625,0,0,0.9927351474761963
1286,Analyzing Post-Disaster #Structural Damage Using #DeepLearning Systems,0,-0.4939,0,0.0,1,0,0.9929943680763245
1287,"""We're already experimenting with more materials."" - 3D_Fuel co-founder John Schneider via cnntech",1,0.0,1,0.5,1,0,0.9764564037322998
1288,@user I spent my 25k and got verlander,1,0.0,1,-0.1,0,0,0.6695934534072876
1289,Jacob ✌🏻️🤑  #screamqueens,1,0.4939,1,0.0,1,0,0.98115473985672
1290,"But something something Clinton foundation something Saudi Arabia, right?",0,0.0,1,0.2857142857142857,1,0,0.5174367427825928
1291,France hard-right politician Marine Le Pen says she hasn't made up ‘dumb’ tax law to fill hole in her hans:,0,0.0,1,-0.375,0,0,0.9623148441314697
1293,😂😂WHEN I SAY WE TRIED 20 DAM TIMES!! STANDING STILL IS HARD AF😂😂 #mannequinchallenge…,1,0.7392,1,-0.2916666666666667,0,0,0.9984130859375
1294,The election of Donald Trump  could have a significant future impact on the project Dakota Access Pipeline when he takes office.,1,0.2023,1,0.1875,1,0,0.9821392893791199
1296,"@user @user you're laboriously ensuring pedophillic priests are arrested, convicted, incarcerated?",0,-0.25,0,0.0,1,0,0.9982477426528931
1297,Doctors warn Victoria against legalising euthanasia via @user,0,-0.1027,0,0.0,1,0,0.9891651272773743
1299,"so much love for this woman, ughh 💍💍 #arianagrande",1,0.6682,1,0.5,1,0,0.9717753529548645
1300,Undersecretary of Cement on the Mexican Border..BUILD THE WALL.,0,0.0,1,0.0,1,0,0.9667366743087769
1302,"When Leonard Cohen and Fidel Castro both kick the bucket to avoid dealing with a Trump Presidency, choppy waters ahead...",0,-0.296,0,-0.2,0,1,0.5212241411209106
1303,Liam...just...OMG!❤️😍 #ARIASONEDIRECTION #onedirection #LiamPayne #1DDayAnniversary #1DWeMissYouPleaseComeBack…,1,0.5093,1,0.0,1,0,0.9960607886314392
1306,@user @user @user Plez fight Putin!,0,-0.4389,0,0.0,1,0,0.9914342164993286
1307,I liked a @user video Donald Trump Prepare Cabinet - SNL (Cold Open),1,0.4215,1,0.0,1,0,0.9923959970474243
1309,Take To The Streets! Protest The Trump Inauguration January 2017 via @user,0,-0.3164,0,0.0,1,0,0.9806719422340393
1311,"Right after they kill Medicare & Social Security, and get a two vote advantage on the Supreme Court.",0,0.3182,1,0.1595238095238095,1,1,0.7874466776847839
1313,"Anti-Trump Riots are a Smoke Screen Vote =Tyranny. Founders were genius. Dems want control, NOT play by rules.",0,-0.6169,0,0.0,1,0,0.992137610912323
1315,"niggas aint post ""tony romo's favorite dessert? apple turnovers"" memes in 3 years they dont know what to do with th…",0,0.1531,1,0.5,1,0,0.9920347332954407
1316,Google Earth VR may be the best way to explore the world without a plane ticket by #CrescentVale via @user,1,0.6369,1,1.0,1,0,0.928626298904419
1317,@user don't know but now that relativity & political correctness are things past it means rightists can be called poo #auspol,0,0.0,1,-0.125,0,0,0.9980643391609192
1318,.@SpeakerRyan never thought a pot of money he didn't want to raidTrump says okThere goes another campaign promisehttps://t.co/VSsYSQTUL8,0,-0.0572,0,0.0,1,0,0.9791420102119446
1320,Please don't consider donating to @user They'll just buy more euthanasia.,0,0.3182,1,0.5,1,0,0.997126042842865
1321,"You do understand that calling alt-right outlets ""Nazi"", like Breitbart which was founded by a Jew, makes you look…",0,0.3612,1,0.0,1,1,0.589760959148407
1322,"Of course I would out Christopher in my top 4 and it would be a controversial choice, so I'm just not gonna do the #GilmoreGirlsTop4",1,0.0,1,0.525,1,0,0.9978569149971008
1323,@user News from the US The statues of liberty has left the country in protest against Trump.,0,0.34,1,0.0,1,0,0.9962419271469116
1324,Lover Lover Lover by Leonard Cohen is totally about being a trans girl like come on it's not even subtle,0,0.9313,1,-0.16666666666666666,0,0,0.9946087598800659
1326,Cat in the Hat Valentines Fabric -- Last Piece -- 40-70% off Listings throughout our  by altcollect #offer,1,0.0,1,0.0,1,0,0.9985465407371521
1327,"Hackers can replace original Android and iOS Telsa apps with a malicious one, steal login credentials stored in...",0,-0.2263,0,0.375,1,0,0.9984599351882935
1328,"@user OK liberal, Bill of RIGHTS, I see GUN not TOILETS! Yet I see libtards constantly wanting to ""sensibly"" CONTROL my RIGHTS",0,-0.126,0,0.3125,1,0,0.9837693572044373
1329,"@user How many actual voters went from liberals to supporting a RW neofascist because of ""fake news"" or the Comey letter? None?",0,-0.1431,0,0.0625,1,0,0.9995790123939514
1330,Kim Jong-un is wearing a muumuu and trying to pull a tiny muppet across a desk for some reason.,0,0.0,1,0.0,1,0,0.9976289868354797
1331,Animal Testg Must stop.Dogs r force fed poisons.Cold metal cages.Bitter pain.Unseen convulsions via @user,0,0.0,1,0.0,1,0,0.9977477192878723
1332,"we are in dangerous days, when the far right wing gains such a prominent and powerful position:  ""...“Many of...",0,0.5267,1,0.15510204081632653,1,1,0.9763643145561218
1334,"Trump is a real threat to public health, especially the lives of children.",0,-0.5267,0,0.06666666666666667,1,0,0.8570516109466553
1335,These white supremacists are terrorists,0,-0.7269,0,0.0,1,0,0.9940096139907837
1337,Trump cabinet is being filled with racist and weirdos. The lack the qualification to fill these seats. Our country is in trouble.,0,-0.8779,0,0.1,1,0,0.9997233748435974
1338,Saw @user 's name on new wikileaks documens about #Yemen. Intresting!,1,0.0,1,0.17045454545454544,1,0,0.9962599277496338
1339,@user @user @user @user @user yes I know but Comey should be pressured for further explanation about letter .,0,-0.128,0,0.0,1,0,0.9969291090965271
1340,"@user @user Amen! they all know the machines were hacked, totals are WAY off, and tons of voter suppression",0,-0.4574,0,0.0,1,0,0.9988946318626404
1342,"Let the Government know we are with Doctors and Nurses on this #LipaKamaTender  & stop stealing funds for vaccines, hospitals, equipment!",0,-0.7345,0,0.0,1,0,0.9964221715927124
1343,#Iraq #TalAfar #MosulOffensiveIraqi Kata'ib Hizbollah shiite terrorists record the detonation of a Daesh terrorist…,0,-0.6249,0,0.0,1,0,0.9851106405258179
1344,I LOVE CRISTIANO RONALDO BUT I HAVEN'T MONNEY FOR GO TO SEE ONE MATCH OF CRISTIANO,1,0.3818,1,0.5,1,0,0.5713670253753662
1345,@user What makes Steve Bannon racist?,0,-0.6124,0,0.0,1,0,0.99897301197052
1346,@user @user @user finally someone who understands the electoral college!,1,0.0,1,0.0,1,0,0.979685366153717
1347,@user reports #UK becoming more divided with increase immigration! Quelle surpirise! You listening #Liberals? #multicultruralism disaster,0,-0.4802,0,0.615625,1,0,0.9987112283706665
1348,The 3d printing Daily is out! Stories via @user @user #3dprinting #3d,1,0.0,1,0.0,1,0,0.9882411360740662
1349,@user LOL muh popular vote. 😂😂😂,1,0.9329,1,0.7,1,0,0.9904592037200928
1350,@user UM YOU ARE TALKING AB YOURSELF IM MELANIA TRUMP BEXT TO YOU,0,0.0,1,0.0,1,0,0.9843699932098389
1351,"@user We dont hav Obamacare but this piece was 👌🏼. I wish DT cud keep ins 4 all, but ⬆️competition so we're not the ones paying for it!",0,0.9192,1,0.0,1,0,0.9985829591751099
1355,"When Ben Carson talks about some things ,It is like an explosion of nonsense that seems to make us all feel like we…",0,0.3182,1,0.0,1,0,0.9993661046028137
1357,@user @user what about the rights of the unborn?  Nine month abortions are infanticide,0,0.0,1,0.0,1,0,0.9978746175765991
1358,#ThisIsUs is my new favorite show... why did it take so long for someone to think of this show?!?! @user,1,0.6052,1,0.18607954545454544,1,0,0.9014816880226135
1362,So how many times did President Obama's admin. try to assassinate Castro? Asking for a friend.,0,0.4939,1,0.5,1,0,0.9990100860595703
1364,"@user you can say shitty fan bases all you want, but you did see that every other state wanted the @user to win the WS, right?...",0,0.6908,1,0.32023809523809527,1,0,0.9923642873764038
1366,"I like James Brown, Little Richard , Ben Carson - but not this-   African culture for everyone via @user",1,0.1901,1,-0.09375,0,0,0.6056810617446899
1367,@user @user @user Why are we allowing Russia to run our country. Trump is unfit. This will g…,0,0.0,1,0.0,1,0,0.9996955394744873
1368,"HA! #Giuliani is a UGE crook! #CrookedRudy never ever trust him, he was in w #Comey #Romey be a fair not a #bigot…",0,-0.2467,0,0.7,1,0,0.9982118606567383
1371,Is Trump trying to make America great again or just dismantling everything we stand for!?@VanJones68 #UniteBlue…,0,0.6588,1,0.8,1,0,0.9913817048072815
1372,Exams done!!  Yay! Taking a drive and spending time in Blouberg 🎊💃#MyMoments 📷 did somebodddyy say tequila??  Here I come!! Opa 💞 #Uber baby,1,0.8814,1,0.0,1,0,0.9919185042381287
1373,Funny. @user uses corrupt ex-Georgian president Saakashvili as some sort of an expert. This guy is dodging extradition hiding in Ukraine,0,0.0772,1,-0.125,0,1,0.9937893748283386
1376,"""Putin only has to sit on the fence and wait until Ukraine kills itself” Yeah, or until Saakashvili & Tymoshenko do…",0,-0.3182,0,0.0,1,0,0.9941632151603699
1377,The fact that Melania Trump could memorize and entire speech but @user couldn't memorize 16 iconic bars baffles me,0,0.0,1,0.25,1,0,0.9982346296310425
1378,@user @user @user why don't you accuse #Israel of aiding #Hamas,0,0.1511,1,0.0,1,0,0.9950432777404785
1380,@user #Hatchimals # Hatch these are like gold dust now 💚💚,1,0.8979,1,0.0,1,0,0.9973951578140259
1381,@user @user @user @user  SAY NO TO @user   #NoToMittRomney. HELL NO!!!,0,-0.8791,0,0.0,1,0,0.9989306330680847
1383,@user Please do cut Medicare. You are causing so much anxiety. Don't you understand SS & Medicare are all some people have? Have a heart!,0,0.5738,1,0.25,1,1,0.7888546586036682
1387,I wish I had thanksgiving dinner leftovers to eat but I ate all yesterday,0,0.2144,1,0.0,1,0,0.9740671515464783
1391,"Regardless of what @user and @user think, the liberal agenda was defeated. These deplorables are enemies of the state.",0,-0.743,0,0.0,1,0,0.9988977909088135
1392,You better nominate @user for the #MannequinChallenge,1,0.4404,1,0.5,1,0,0.9845702052116394
1393,@user @user nope.Obamacare would cost me $500 bucks. Company offered healthcsre for 200 minimum,0,0.0,1,0.0,1,0,0.9985166192054749
1394,@user Spencer is even one of the softer alt-rightists. I guess Paul doesn't know much about shitposting and chan culture.,0,0.0,1,0.2,1,0,0.998933732509613
1395,Trump has time to tweet about SNL but he doesn't have time to disavow the KKK and Nazi Party of America for backing him,0,0.5719,1,0.0,1,1,0.9803285598754883
1396,"@user 2 mill. pop. vote says more than those 3 things. Comey, russia, rigged  blue states going off th grid #outsidecollusion. Fishy.",0,-0.3612,0,0.25,1,0,0.9946780204772949
1398,These people are clutching their pearls over leftists hoping for Steven Woolfe's death.,0,-0.2732,0,0.0,1,0,0.9858814477920532
1401,The way the mainstream media is putting the spin on #MosulOffensive versus #Allepo is disturbing and instructive. The enemy is who THEY say,0,-0.7783,0,-0.5,0,1,0.9952103495597839
1402,Forget it Porks. Obama has turned like the tide and is now praising Russia as a world power @user @user,0,0.6249,1,0.0,1,1,0.9925447106361389
1403,"Raul Castro announced that Cuba would not be allowed to name any streets or monuments after Fidel to ""avoid a cult of personality"" -ABC News",0,-0.296,0,0.0,1,0,0.9969749450683594
1406,@user I know you limousine liberals love him. We hate him. JFK should've provided air support during the Bay of Pigs invasion.,0,0.4939,1,-0.15000000000000002,0,0,0.9872066974639893
1407,"VIDEO: #Russia FM Lavrov (@mfa_russia) caught lying red-handed about airstrikes in #Aleppo, #Idlib & #Homs in…",0,-0.5267,0,0.0,1,0,0.9985707998275757
1408,"@user Where is the ""outrage"" from the ""fiscal conservatives"" over gummit spending?",0,-0.5106,0,0.0,1,0,0.9991174340248108
1409,"@user @user @user to Ukraine and their timber; you using them as a resource, you eurohipocrites",0,0.0,1,0.0,1,0,0.8973553776741028
1410,"david blaine is god, and the bible is a lie.. mark my words",1,0.2732,1,0.0,1,0,0.9990398287773132
1412,New Data On Israeli Offensive On Gaza Shows Victims Were Overwhelmingly Civilian #gaza #palestine #israel #BDS,0,-0.7003,0,0.3181818181818182,1,0,0.9968653321266174
1413,@user #Get rid the #Chicago mayor by voting him out.,0,0.0,1,0.0,1,0,0.9974361062049866
1414,#Repost @user with repostapp・・・Happy #Thanksgiving from the #ScreamQueens Family! 📷:…,1,0.0,1,0.0,1,0,0.9910752773284912
1416,@user dude I just saw you on a rooftop in a David Blaine special where he's doing magic for you guys. Is that guy wild or what?,1,0.4019,1,0.3190476190476191,1,0,0.9767819046974182
1419,For some reason I've been staying up late watching David Blaine videos on Netflix. What?,1,0.0,1,-0.3,0,0,0.9955592155456543
1420,Spencer-type alt-rightists are normalizing themselves by not being screaming jackbooted skinheads. Much scarier.,0,0.2924,1,0.2,1,1,0.9724773168563843
1422,"If you voted for Donald Trump, you’re a special kind of stupid who just got screwed.",0,-0.5994,0,0.05238095238095238,1,0,0.9996449947357178
1423,Words have no power to impress the mind without the exquisite horror of their reality.  Edgar Allan Poe. #resist…,1,0.5716,1,1.0,1,0,0.9988344311714172
1426,"@user Maybe if you hadn't violated the embargo against Cuba, I'd believe you.",0,0.4168,1,0.0,1,1,0.9905718564987183
1430,@user @user lmaooo all day everyday ‼️ Her cougar self got her lil cubs in check so it's only right 😊❤️❤️,1,0.7184,1,0.028571428571428564,1,0,0.9489805102348328
1433,@user @user FBI Comey is a traitor working for Russia,0,0.0,1,0.0,1,0,0.9965247511863708
1434,Area vets join massive North Dakota protest against pipeline #Fem2 #Fracking #NoDAPL,0,0.0516,1,0.0,1,0,0.9953409433364868
1437,via @user & NYPost - Consumer Reports trashes Tesla’s ‘flawed’ Model Xhttps://t.co/QWP5yaU99O,0,0.0,1,-0.5,0,0,0.9997513890266418
1438,When conflicts of interest get elected into government office #TrumpTransitionTeam #MikeFlynn,0,0.1027,1,0.0,1,0,0.9857985973358154
1439,"fossil fuels are killing the earth, genius. grow up & look at the big picture.",0,-0.6597,0,0.0,1,1,0.9941787719726562
1440,you are out of your gourds if you are a jew supporting trump.https://t.co/u1Y4Z4Bd4r,0,0.4404,1,0.25,1,0,0.9590838551521301
1442,@user WSJ is not liberal.,0,0.0,1,0.0,1,0,0.7610341906547546
1444,i guess ima have to have my mom keep buying me big ass bears for valentines and christmas now since trey's not here.. 😓,0,-0.2887,0,0.0,1,0,0.99784255027771
1445,Watched the #Westworld finale? Want to watch the whole season all over again. Do it! @user and @user Also visit,1,0.1511,1,0.25,1,0,0.6765591502189636
1446,"Zionist Organization Tells Howard Dean ""Apologize For Disgracefully Calling Steve Bannon a Nazi""",0,0.1027,1,0.0,1,0,0.9981629252433777
1453,"@user btw, matches the 60% Insurance Mafia skims off the top of our health care $$https://t.co/EAxzhW514w#WhoProfits #ThankYouObama",0,0.6124,1,0.5,1,0,0.9898800849914551
1456,@user Tony Romo is a cancer to the American people.,0,-0.6597,0,0.0,1,0,0.9919582605361938
1457,I think people are forgetting that HRC is STILL under investigation for Clinton Foundation. This is a seperate issu…,0,0.0,1,0.0,1,0,0.9988168478012085
1459,Melania Trump will be a long distance FLOTUS. Perhaps her inability to speak coherently extemporaneously is a factor.,0,-0.4019,0,0.225,1,0,0.998961329460144
1460,Ukraine junta considers extraditing Saakashvili back to Georgia (but they don't seem to want him):,0,-0.0857,0,0.0,1,0,0.9964761137962341
1461,I liked a @user video Fidel Castro's ashes arrive in Santiago de Cuba to be interred,1,0.4215,1,0.6,1,0,0.9814981818199158
1463,@user @user one what? too bad we base the win off of electoral college votes. Therefore she won nothing,0,0.6124,1,-0.2333333333333333,0,0,0.9997274279594421
1466,Wow! Liberals are now asking for a refund from Jill Stein lol,0,0.784,1,0.4625,1,0,0.7758665680885315
1467,for the next video im gonna need some help from you guys.so...please tweet me some questions regarding animal rights and vegetarianism!,1,0.4574,1,0.0,1,0,0.9951229691505432
1469,"The ""Clinton Foundation"" enterprise has nothing to sell if she is not in power. Desperately trying to stay in busin…",0,0.2924,1,-0.6,0,0,0.9993966817855835
1473,This pic is everything 😷😷#AuditTheVote #NotMyPresident #TrumpTransitionTeam #mittromney,0,0.0,1,0.0,1,0,0.9970341920852661
1474,Hell yeah Steak n Shake! #NationalFastFoodDay,1,-0.6588,0,0.0,1,1,0.5359644889831543
1476,"@user @user @user very happy for u Bel, I really hope there will be a #owt dvd 💃🙌🙋",1,0.8856,1,0.6,1,0,0.976637065410614
1480,ISIS: A 'perversion' of Islam?  #trump #maga #isis #tcot,0,-0.3182,0,0.0,1,0,0.9946375489234924
1481,"@user Ah yes, another liberal buzzphrase that is moronic. Leftists are always looking for an avenue of victimhood.",0,-0.6124,0,0.0,1,0,0.9993688464164734
1483,I took this at the capital in Salt Lake. Fitting scripture. I can't believe they cut my brother's Medicaid and caus…,0,0.2057,1,0.5,1,0,0.9750472903251648
1484,"They also changed their minds about the ""peaceful transition of power"" Trump was going to disrupt 🤔@Moo4pies02 @user @user",0,0.4939,1,0.25,1,0,0.9666460752487183
1486,"@user those damn left libertarians, remember when they divided public opinion on obama using drone strikes and mass survei-wait.huh.",0,-0.6249,0,0.0,1,0,0.9976346492767334
1488,@user @user I can only agree.  Republicans always want to cut Medicaid.,0,0.1779,1,0.0,1,0,0.9906829595565796
1489,White supremacists want the ancient Egyptians to be Caucasian only because it supports their belief of being the su…,0,0.2023,1,0.0,1,0,0.9910861849784851
1491,"Lesson 3 of Being Extra: have a rule that you must wear sunglasses in fluorescent lighting and blame it on being ""90's"" #MariahsWorld",0,-0.34,0,0.0,1,0,0.9962807297706604
1492,"@user Obama Admin: Feds hope to drill Arctic Ocean, despite climate change, oil spill risks",0,0.2023,1,0.0,1,0,0.9168016910552979
1493,#Westworld has blown my fucking mind.,1,0.0,1,-0.6,0,0,0.999477207660675
1494,"U.S. Officials Defend Integrity of Vote, Despite Hacking Fears  /MAYBE OBAMA ADMIN. SHOULD MIND IT'S OWN BUSINESS---",0,0.6036,1,0.6,1,1,0.7776654362678528
1495,@user Where are the Persona 5 PSN avatars for EU? They weren't in the store yesterday like you guys promised.,0,0.6124,1,0.0,1,0,0.9989457726478577
1499,"Do the loud, meme making Alt Rightists think they are ushering in a new age of political discourse? Or just #Nazi trolling?",0,0.0,1,0.07878787878787878,1,0,0.9960585832595825
1504,Whoever is in charge of leaking fake names to the liberal press on the #TrumpTransitionTeam is doing a great job #Kudos,0,0.6486,1,0.15000000000000002,1,1,0.9961721301078796
1505,Why drive? Get where you're going with $50 in #FREE rides on #Lyft. Click here>>> … … … #Uber #PHX #PDX #LAX #LAS,1,0.6166,1,0.4,1,0,0.9937528967857361
1506,I just saw #FantasticBeasts and I cannkt wait for @user to do a video,1,0.0,1,0.0,1,0,0.9924803972244263
1507,I'm Dying😂😂😂 #TheWalkingDead,1,0.8271,1,0.0,1,0,0.9852449297904968
1510,When you and your girls get those #BlackFriday deals... 💁 #ScreamQueens,1,0.4939,1,0.0,1,0,0.9914645552635193
1512,Jammin out to Ricky Martin - livin la Vida Loca #NP on @user  Now hiring!,1,0.0,1,0.0,1,0,0.9779573082923889
1513,".@SpeakerRyan, the Republican Party is now an arm of Russia and nazi-sympathizing white supremacists. Are you proud? Why endorse hatred?",0,0.3094,1,0.4,1,1,0.9981402158737183
1514,Anyone else ends up ending their career and possibly in jail. But well connected leftists are given a pass.,0,0.3919,1,-0.1,0,0,0.9889625906944275
1516,"China censored Fatty Kim the Third (or ""Kim 3 the Fat = Jin San Pang"") because Best Korea complained about mean com…",0,0.2263,1,0.0375,1,0,0.9986463189125061
1517,@user @user @user The answer to @user for why Trump must continually and forcefully denounce white supremacists.,0,-0.5267,0,0.0,1,0,0.9832887053489685
1520,@user same thanksgiving is always SUPER hectic . now its time to Relax until christmas,1,0.8192,1,0.16666666666666666,1,0,0.8968769907951355
1522,Evaluating the BBWAA Cy Young voting through the years #fantasybaseball,1,0.0,1,0.1,1,0,0.7694230079650879
1523,@user someone has feelings hurt. Those sweet tolerant liberals never DM me. Bummed!,0,0.2481,1,0.4375,1,0,0.974555492401123
1525,"I can and will fight for #BlackLivesMatter . However, I am white. I never will be turned down for a job because of my skin tone.4/?",1,-0.3818,0,-0.07777777777777778,0,1,0.9447351694107056
1527,"@user @user Geeky yeah, but it wasn't great for dancing :-( In that regard @user is the gold standard.",0,-0.8121,0,0.01666666666666668,1,0,0.9516507387161255
1528,Florist’s free speech: Comparison to Melania Trump is a false equivalency,0,0.5106,1,-2.7755575615628914e-17,0,0,0.9944072961807251
1531,"Melania Trump can copy Michelle Obamas speech word for word, but if I plagiarize on a research paper I'll get kicked out of my university 🙃",0,0.0,1,0.0,1,0,0.9995492100715637
1532,@user I'm guessing that means valentines??🤔😏❤️,1,0.0,1,0.0,1,0,0.988286554813385
1535,@user @user @user @user the defense budget! Add another 357B in Medicaid benefits.  Why is it costing us almost,0,0.5255,1,0.0,1,0,0.9790199398994446
1536,@user Get rid of steve bannon the Racist. !,0,-0.6476,0,0.0,1,0,0.9496476650238037
1538,country for stories to extend life of their anti-Trump narrative.Weren't paid riots & protests enough?,0,0.3616,1,0.0,1,1,0.9411489367485046
1539,"A milestone in our battle against corporate greed! We can live without fossil fuels, not water #NoDAPL #StandingRock",1,-0.68,0,0.06818181818181818,1,1,0.9771022200584412
1540,Scream Queens (S02E06) .Watch now. 😍 @user @user #ScreamQueens #chenel #bloodshed,1,0.0772,1,0.0,1,0,0.9854023456573486
1541,#Beauty #ArianaGrande-CHRISTMAS & CHILL-JAPAN ONLY #CD BONUS TRACK C94 #Deals #TopSeller,1,0.8415,1,0.0,1,0,0.8983609676361084
1544,Why does he have to die 😥😢😥😢😥😢 #ThisIsUs,0,-0.9437,0,0.0,1,0,0.9952470660209656
1546,"Ivanka Will Move Into WhiteHouse To Fill Melania’s Vacancy. ""She just rolls up her sleeves or drops to her knees...""",0,0.0,1,0.0,1,0,0.9941966533660889
1547,Keep what you stole. Is this Poroshenko's unofficial policy?,0,0.0,1,0.0,1,0,0.9929537177085876
1548,Hi @user VotersObamacare is goneMedicare is goneMedicaid is goneSoc Security is goneWho in your family have you destroyed?,0,-0.2023,0,0.0,1,0,0.9993329644203186
1550,Bioethicist Dr. Margaret Somerville makes a blunt #prolife prediction about state-sanctioned #euthanasia. And she's…,0,0.0,1,0.0,1,1,0.9827640056610107
1552,White-Collar Supremacy LMFAO White Supremacists making White-Collar Supremacy trend whining they're really NOT White-Collar Supremacists.,0,0.5771,1,-0.05,0,0,0.9939542412757874
1553,"Raids kill dozens in Syria's Idlib, UN to vote on ceasefire - Yahoo7 News",0,-0.6908,0,0.0,1,0,0.9978156089782715
1554,@user Do you think the Almighty let Leonard Cohen and Florence Henderson make the third pick?,0,0.0,1,0.0,1,0,0.9942301511764526
1556,"@user White supremacists, alt-right leaders argue, think white people are the best race. The alt-right doesn’t necessarily think that",0,0.2023,1,0.25,1,0,0.9932830333709717
1557,@user Can we make a petition to abolish the electoral college if they don't go for the candidate with over 2.5 mill more popular vote,0,0.4754,1,0.55,1,0,0.996360719203949
1558,Ughhhhhh. The RNC is the decider here.,0,0.0,1,0.0,1,0,0.9825869202613831
1559,"So many more pipelines, tar sands, fracking that must be stopped from poisoning precious water sources. One down, 957 to go.",0,-0.25,0,0.33611111111111114,1,0,0.997139573097229
1562,Some transition thoughts: Trump's NASA looks good for human space exploration and terrible for Earth science @user,1,0.1779,1,-0.10000000000000002,0,0,0.9455874562263489
1563,@user @user DAY-O! DA-DA-DAY-EEE-OOO! Liberals are Commies & Like Fidel-They Need To Go-o!!!,0,0.5673,1,0.0,1,0,0.9948969483375549
1564,"@user My ""favourite"" conspiracy: contraceptive pill causes genetic damage to kids so vaccines can cause autism. But homeopathy can cure!",0,-0.5562,0,0.0,1,0,0.9905588626861572
1566,@user @user That's the Galaxy Note 7. We don't speak of it.,0,0.0,1,0.0,1,0,0.9917318820953369
1567,@user she needs to be convicted first. Will Obama pardon Trump for his Cuba embargo fiasco?,0,-0.25,0,0.25,1,0,0.9953352808952332
1568,Australia has abruptly ceased all donations to the Clinton Foundation. I wonder how much the Clinton Foundation has received from UK Gov?,0,0.0,1,0.037500000000000006,1,0,0.99918133020401
1569,Consider donating to Standing Rock amidst all your Black Friday shopping!,1,0.0,1,-0.20833333333333331,0,1,0.8742104768753052
1570,"@user what about those private jets, TJ? what about his hypocritical fossil fuels rhetoric, TJ?",0,-0.5204,0,0.0,1,0,0.9986695051193237
1571,Podesta: FBI leakers should 'shut up',0,0.0,1,0.0,1,0,0.999761164188385
1572,@user How these scumbag animals are not receiving the death penalty by a jury for this I do not know.,0,-0.6192,0,0.0,1,0,0.9988172650337219
1573,The latest 3D Printing! Thanks to @user @user @user #3dprinting #3d,1,0.4926,1,0.4125,1,0,0.7283979654312134
1574,[Tom Tango] Cy Young voting point system is 7-4-3-2-1: can we do better?,0,0.4404,1,0.3,1,0,0.9980762004852295
1575,@user @user Scotland only needed one mass shooting of kids to institute real gun control. #Newtown #Dunblane #gunsense,0,-0.34,0,0.1,1,0,0.9893069863319397
1576,"if you're upset about trump taking that phone call, you're gonna be absolutely livid when you find out about obama's drone strikes",0,-0.8357,0,0.2,1,0,0.9824020266532898
1577,"My baby girl has changed so much! It seems like yesterday, she was 8 years old. :(•{#twd #twdg #TheWalkingDead…",1,0.4199,1,-0.13333333333333333,0,0,0.7321006655693054
1578,"The 3 #NBAwards winner are all POC, but according to @user authors are only white men - w/a white woman thrown in for diversity.",0,0.34,1,0.0,1,0,0.9904317259788513
1580,"Best censured name yet for a national leader. Kim Fatty the Third, or just Kim Fat Fat Fat",0,0.6369,1,0.26666666666666666,1,0,0.9961735606193542
1581,"RT @user Literal Nazi: ""I am a literal Nazi.""Media: ""This alt-right reactionary is stirring up nationalist fervor.""",0,0.0,1,0.0,1,1,0.9910141825675964
1582,.@realDonaldTrump Why you considering that GUN-GRABBER Petraeus for anything?????,0,0.0,1,0.0,1,0,0.9969499707221985
1583,Trump admitted he's gonna screw the world except his friends. They're gonna screw everyone including the deplorable…,0,0.4019,1,0.0,1,0,0.9924182891845703
1585,@user @user but the conservatives and labour will keep it strong 😂😂😂😟 ?? they haven't done much of a job In my life time,0,0.9388,1,0.31666666666666665,1,1,0.9231629371643066
1586,Innocent lives being taken in these drone strikes are giving the people of Afghanistan a reason to become terrorists in the first place.,0,-0.4215,0,0.375,1,0,0.7257169485092163
1587,@user @user perfect365 app does live makeup pics ☺ shiseido still animal testing 😐,0,0.4588,1,0.13636363636363635,1,0,0.9791635870933533
1589,"My #GilmoreGirlsTop4 are, Luke,Paris, Emily and Kirk @user",1,0.0,1,0.0,1,0,0.8784133195877075
1590,"I liked a @user video from @user Cristiano Ronaldo .. Do you think he is arrogant? Ok, watch this",1,-0.1027,0,0.55,1,0,0.8575655817985535
1593,"#Khamenei #Hezbollah #IRGC able to Get #Shia all in Harmony to Assault #Sunni people & Lands, a type of #Devil Warlord",0,-0.7579,0,0.5,1,1,0.6982038617134094
1595,"Tell it, Sistah! #ElizabethWarren #TrumpTransitionTeam #DrainTheSwamp",1,0.0,1,0.0,1,0,0.9973746538162231
1598,Children wounded in the #MosulOffensive receive life-saving treatment in Kurdistan Region’s Erbil city.,1,0.0,1,0.0,1,0,0.6913267374038696
1600,#ScreamQueens Cassidy & Ingrid team up. | ... via @user @user,1,0.0,1,0.0,1,0,0.9763196706771851
1603,Fossil fuels by their nature are finite. We are going to run out sooner rather than later.,0,0.0,1,0.0,1,0,0.9991205334663391
1604,@user I wonder how much of this is Bannon.  Can't help but thinkthat he wants Trump to crash and burn.,0,-0.6345,0,0.2,1,0,0.9980683922767639
1606,@user  When you #DrainTheswamp you will find Illegals swarming pile of Romney & hiding under every Bush,0,-0.296,0,0.0,1,0,0.9986741542816162
1607,@user Does New York have the death penalty? When they capture this assassin that should be his sentence.,0,-0.765,0,0.13636363636363635,1,0,0.9978127479553223
1609,Our biggest sale ever is live now! Free shipping in the US on any size order!  #thewalkingdead  #disney…,1,0.5972,1,0.3352272727272727,1,0,0.7324953675270081
1610,"i am obsessed with @user nail colour in #ScreamQueens this week ,.. #badass #bombshell 😍😍😘😘",1,0.9062,1,-0.5,0,0,0.9977902173995972
1611,Managed-care plans increasingly taking over Medicaid long-term care. Not everyone is happy,0,0.0521,1,0.8,1,0,0.9996154308319092
1613,O.K. Trump you won the election; don't fuck with Medicare or S.S. Fuck Ryans' proposal to gut Medicare & Medicaid; Be a FDR!\,0,0.5175,1,-0.4,0,0,0.8772879242897034
1614,"But that specific point she made, out of frustration with leftists, liberals, and conservatives alike, stands.",0,-0.631,0,0.0,1,1,0.9956411123275757
1615,OMG 3 out of @user #GilmoreGirlsTop4 will be on @user #Hyperventilating 😃😃😃🙃🙃🙃 @user @user,1,0.7579,1,0.0,1,0,0.9964969754219055
1617,@user Good Luck!#Democracy is an illusion!#Iraq#Palestine#Hamas#Egypt#MuslimBrotherhood#Trump#Pensionand so on...,0,0.5399,1,0.7,1,1,0.8115723133087158
1618,Need a man who looks at me like this guy looks at Kim Jong-un 😩😍,1,0.5267,1,0.0,1,0,0.9967621564865112
1619,"Trump tried to blame Melania's plagiarism on her speech writer, but I don't know if anyone bought it.  Melania stol…",0,-0.1779,0,0.0,1,0,0.9979852437973022
1622,Uncounted paper ballot travesty. Election fraud and voter suppression AGAIN! Just like HRC did to Bernie. Turnabout,0,-0.7424,0,0.0,1,0,0.9995911717414856
1624,Legends only 💪#onedirection,1,0.0,1,0.0,1,0,0.9840282797813416
1626,sometimes i cant tell if white liberals are willfully obtuse or not,0,0.0,1,0.0,1,0,0.9940239787101746
1627,@user wake up world...Putin is a child  killer!,0,-0.68,0,0.0,1,0,0.9334466457366943
1630,"@user foodstamps ,Medicaid and social security are not enough to fund billionaires taxcuts.so add a couple trillion national debt+int",0,0.34,1,0.016666666666666666,1,0,0.999170184135437
1631,Trump has stock in DAPLWho's surprised?https://t.co/fMXnut6ipE,0,0.0,1,0.0,1,0,0.9845035076141357
1632,"@user @user desrespectful to what, a piece of trash that calls herself a ""journalist"" Shows you how low the profession's fallen",0,-0.5574,0,0.0,1,0,0.9997742772102356
1634,An anti-immigration adviser to Trump says he may start construction of a wall on the Mexican border without a congressional approval.,0,-0.3724,0,0.0,1,0,0.999605119228363
1635,Mix it up thoroughly broad visas headed for immigration charlatan: SyDTC,0,0.0,1,0.0625,1,0,0.7879767417907715
1636,Tell @user to reduce their animal testing - they KILL 226 ANIMALS A DAY!,0,-0.7734,0,0.0,1,0,0.9989270567893982
1638,"God forgive me for this but I sure hope Director Comey develops permanent ball rot.  Ok, I said it... #RESISTANCE #NotMyPresident",0,0.836,1,0.5,1,0,0.9980331063270569
1639,"Why dont you also publish the views of Kim Jong Un, Kabila etc?",0,0.0,1,0.0,1,0,0.9940935969352722
1640,@user how's the @user binge watching going? Can't believe your #GilmoreGirlsTop4 didn't include Emily or Richard! Love her!,1,0.6988,1,0.625,1,0,0.9984263181686401
1641,"#BREAKING:#Hezbollah condemns the terrorist bombing that occurred in the city of #Hilla, south of #Baghdad#MosulOps#ISIS#Daesh#PMU#PMF",0,-0.8402,0,0.0,1,0,0.9616793990135193
1642,Obama admin did a pretty good job marginizimg him. Snowden is now begging Obama for a pardon,1,0.8126,1,0.475,1,0,0.9582682251930237
1643,lol my in-laws are gonna be PISSED! They're still waiting for that fracking well to pay out big money!,0,-0.4566,0,0.5,1,0,0.9991965889930725
1644,"In China, #Obama and Kim Jong Un Are Actors and Best Friendshttps://t.co/VisWZ3HHrV",0,0.6369,1,1.0,1,0,0.5574560165405273
1646,He gets on my nerves,0,-0.1027,0,0.0,1,1,0.8942912817001343
1648,"Now you will have company Che Guevara, Chavez & others...We wish the same for Maduro & North korea leader to end th…",0,0.4019,1,0.0,1,0,0.7778798937797546
1650,.@segsig @user @user BULLSHIT. There is no difference between #Fatah and #Hamas.,0,-0.7739,0,0.0,1,0,0.9997667670249939
1651,I agree wiv verifications and all but lets not forget its just a means of social security just to get ppl goinhttps://t.co/fMxBw0FCJW,1,0.7049,1,0.03333333333333333,1,0,0.986855149269104
1653,"You should b ashamed JILL STEIN, u are in the tank w George Soros & Hillary Clinton, go to hell..",0,-0.8271,0,0.0,1,0,0.9987919926643372
1654,@user He ain't nowhere... As usual. He's the fragile Tony Romo of WR's.,0,0.0,1,-0.125,0,0,0.7776932716369629
1656,@user @user fake emotions & attitude? You're making things up.,0,-0.4767,0,-0.5,0,1,0.9952120780944824
1658,Like who the hell is more qualified than myself to get screamed at by pissed soccer moms for minimum wage! I've been a pee on my whole life!,0,-0.8802,0,0.4375,1,0,0.9975551962852478
1660,#Spurs #GoSpursGo Tim Duncan 1998/99 2nd Yr Starquest & #Topps & 2000 Upper Deck Lightning Strikes #TimDuncan #NBA,1,-0.3612,0,0.0,1,1,0.8911012411117554
1662,Ronaldo was subjected to homophobic slurs at the Camp Nou again as some fans sang - ‘Cristiano come out of the closet’ during Clasico,0,0.0,1,0.0,1,0,0.9947507977485657
1663,"@user at the time it happened, gun control was a big topic .. to sway people from wanting guns they staged a mass shooting",0,-0.34,0,0.0,1,0,0.9547837972640991
1664,"SERCO Smuggle Drugs/Weapons/Children?Connects w/Julian, HRC, Obama, COMEY #PizzaGate #wheresjulian #Proofoflife…",0,-0.3818,0,0.0,1,0,0.9923987984657288
1665,Google Accounts for 13 Accidents in Its Self-Driving Cars,0,-0.3182,0,0.0,1,0,0.9975607395172119
1669,@user segregation is natural when you are intent on dividing people. That is just how Democrats/White supremacists roll.,0,0.128,1,0.1,1,0,0.9375812411308289
1670,Please stop propping up Marine Le Pen as a standard-bearer of European conservatism. She is no such thing.,0,-0.2732,0,0.0,1,0,0.9765207171440125
1671,"The carnage in #yemen is hardly being covered in Western media. They're not what's known as ""worthy victims""",0,0.1531,1,0.013888888888888876,1,0,0.9947020411491394
1672,".@realDonaldTrump First Melania steals a speech from FLOTUS, then you steal one from Gene Roddenbury. #Plagiarism",0,-0.7579,0,0.25,1,0,0.996522068977356
1673,Having to work the day after Thanksgiving should be a crime smh,0,-0.7003,0,0.0,1,0,0.9975252747535706
1675,#Uber should try to solve their glitches with #BRTA restrictions and try ASAP for Uber availability in #Dhaka.,0,0.2023,1,0.0,1,0,0.999390721321106
1676,Cause who doesn't love Zac Efron{Dt: Cass} (Vine by @user,1,-0.5216,0,0.5,1,0,0.9970013499259949
1677,Vaccines should not be legally required especially when doctors cannot predict ahead of time who will be harmed,0,-0.5261,0,0.1,1,0,0.9965304732322693
1678,@user Electric Vehicles must be promoted to Curb pollution in the country & support for fossil fuels vehicles must be stopped..,0,0.5574,1,0.0,1,0,0.9978929162025452
1679,You can tell who the leftists are; they're joking they're prostitutes with the #ISpreadLoveBy tag.,0,0.2263,1,0.0,1,0,0.996103048324585
1680,Obamacare Raised Premiums & Taxes To Combat... RISING PREMIUMS & TAXES!? @user #TeaParty #tcot #PJNet,0,-0.4003,0,0.0,1,0,0.9664575457572937
1681,@user @user yep. Which is why I read their satanic koran to see what made them tick. Ignorant leftists say I did to be muSLIME,0,0.0258,1,0.0,1,0,0.9697810411453247
1682,How Netanyahu Divides and Occupies America via @user #gaza #palestine #israel #BDS,0,0.0,1,0.0,1,0,0.9583649039268494
1683,@user @user @user Liberals probly Favored this Job Killin Bullshit Cluster fuck!TPP Would Slaughter Middle Class Income,0,-0.3164,0,0.4,1,0,0.9962872266769409
1684,@user glad I read to the end to see Grayson Allen shit on,0,-0.1531,0,0.15,1,0,0.9960232973098755
1687,@user @user that's rich coming from Labour after the Medicare lies you shower of con men lying to the elderly for shame,0,-0.6908,0,0.375,1,0,0.9563145041465759
1691,"Cuba's Fidel Castro, A Revolutionary Leader Who Defied The US",1,0.0,1,0.0,1,0,0.7813389897346497
1692,"@user @user Judge a tree by its fruit. Swamp filled with ""say 1 thing & do another "" & a bipartisan issue. Must #DrainTheSwamp",0,0.0,1,0.4,1,0,0.9988621473312378
1693,@user what tsunami? He lost the popular vote by 2mil votes PS - that was irony,0,0.0772,1,0.6,1,0,0.9997218251228333
1695,@user @user @user Obama got Nobel Prize for PEACE. And he's supposed to have authorised more drone strikes than Bush+,0,0.6961,1,0.5,1,0,0.9925228953361511
1697,@user I was worried if you were gonna fed him or not 😂,0,0.505,1,0.0,1,0,0.9964123368263245
1698,"When the pilot says ""if you have a Samsung galaxy note 7, get off the plane"" #lol #flying #samsung #faa #tsa #dot",0,0.4215,1,0.8,1,0,0.9946826100349426
1699,This thread.  Short version = call them white nationalists.  Not alt-right or white supremacists.,0,-0.25,0,0.0,1,0,0.9975979924201965
1700,"Let's be clear, politicians orchestrating mass protests in #Ukraine have only their own interests at heart - NOT Uk…",0,0.7845,1,0.2333333333333333,1,0,0.993558943271637
1701,@user President @user VP @user @user @user RADICAL OR ISIS MEN RAPE GIRLS HERE…,0,-0.7531,0,0.0,1,0,0.993779718875885
1702,#BreakingNewslist of the terrorist groups at #Jordan meeting are..#Hamas #katabThawratAlAshreen #AlJaishAlislami #BaathParty & others,0,-0.6908,0,0.0,1,0,0.9897715449333191
1703,"@user Yeah, probably not. She would have lost to mice in an animal testing facility.",0,-0.0258,0,0.0,1,0,0.9991858601570129
1704,"@user @user NO, not the #TrumpTransitionTeam, the #AltLeftMedia R THE ONES LYING! When r ppl going 2 OPEN THEIR 👀's",0,-0.6625,0,0.0,1,0,0.9991126656532288
1705,Outed As Russian Spieshttps://t.co/JPjfY9m168#KremlinTrolls,0,0.0,1,0.0,1,0,0.9975185394287109
1706,Just trying to imagine this was real...Those must have been some huge suitcases haha#Iran #Israel #Hezbollah,1,0.3182,1,0.39999999999999997,1,0,0.9911647439002991
1709,"Abortion supporters help create a culture that accepts murder. It starts with the unborn & terminally ill but ends with ""societal cleansing""",0,0.0644,1,-0.5,0,0,0.8974395394325256
1710,Why wasn't Adam on this list ? He was on as much as Chelsea ❤️ I miss him #but love #thisisus #yr,1,0.7579,1,0.35,1,0,0.5243367552757263
1711,"@user @user hilllary won the popular vote, you stole our election",0,0.7579,1,0.6,1,1,0.5232073068618774
1713,@user @user @user @user The US has death penalty and tortures many on the island of Cuba,0,-0.886,0,0.5,1,0,0.9968467354774475
1714,"Thank you for thinking about abortion.In this scene, ""Thank you"" is not good. I'm sorry, oh...",0,0.4245,1,-0.425,0,0,0.9994839429855347
1716,Ukraine Saakashvili accuses authorities to trying to disrupt his planned protest in Kyiv - Kyiv Post,0,-0.5267,0,0.0,1,0,0.9978787899017334
1719,"#TheLinuxFoundation Microsoft doubles down on Linux love, joins foundation. Read more:",1,0.6369,1,0.2814814814814815,1,0,0.9651669859886169
1722,I'm not for the animal cruelty or animal testing tbh,0,-0.5994,0,0.0,1,0,0.9957222938537598
1723,"... the death penalty. In 1876, the court reviewing the case of Yang naiwu, Yang naiwu wrongs righted, acquitted. 1914 Yang naiwu died ...",0,-0.8591,0,0.0,1,0,0.9516096115112305
1724,"@user @user they will-because Dems are pussies. There, I said it. Republicans go for jugular, Dems are just too nice. Sucks.",0,0.0772,1,0.15,1,1,0.8273875713348389
1725,"@user @user So, in either scenario, she looks clueless. Trump's transition has been one big garbage fire.",0,-0.5994,0,0.0,1,0,0.9994081258773804
1727,Melania Trump always is squinting like she's staring directly into the sun.,0,0.3612,1,0.1,1,1,0.6872299313545227
1728,LOOOOOOOOL I FORGOT THERES A CATHOLIC BLESSING OR W/E THAT LOOKS LIKE THE NAZI SALUTE,0,0.6908,1,0.0,1,0,0.992438793182373
1729,"GRASSROOTS FUROR OVER#ROMNEY ""ACKNOWLEDGED.""DAMN RIGHT! GO PATRAEUS:https://t.co/dURyDnLtr6#DrainTheSwamp…",1,0.0,1,0.3571428571428571,1,0,0.9936904907226562
1732,"Didn't you get the memo? Fossil fuels are yesterdays news, destroys our habitat you know. Yes, your children's too.",0,-0.2263,0,0.0,1,0,0.998786985874176
1733,"@user Re: Louisiana Senate Race, as the pres election showed,  dems aren't losing elections because they aren't spending enough money",0,0.2924,1,0.0,1,1,0.9629886746406555
1735,#RejectedDecorations - Chestnuts roasting over a Galaxy Note 7@HashtagRoundup @user,0,0.0,1,0.0,1,0,0.9995478987693787
1736,I didn't think #ThisisUS would be this awesome. Officially addicted 💓,1,0.8113,1,0.3,1,0,0.8862717151641846
1737,"Classic 3rd world dictator move, surround yourself with unquailfied loyalist that will be yes men to an...",0,0.6369,1,0.08333333333333333,1,1,0.9767736196517944
1738,Grayson Allen Is Something Serious 💪🏀,1,-0.0772,0,-0.3333333333333333,0,1,0.9986411929130554
1739,"Thank you @user for #ThankYouObama. ""History will Absolve You."" And we will remember. This Black genie ain't going back into any bottle.",1,0.5719,1,-0.08333333333333333,0,1,0.9966022968292236
1741,"@user This year I’m already taken care of with World of FF, Persona 5 and FFXV. So much to play.",1,0.7063,1,0.2,1,0,0.9326680898666382
1742,@user allows #National Council to fine channels for calls for #revolution,0,0.2023,1,0.4166666666666667,1,0,0.5447918772697449
1743,"@user Deportation force, VP who wants to overturn gay marriage, pro-life SCOTUS appointees, climate change denialism, blatant racism.",0,-0.6249,0,0.038888888888888896,1,0,0.9944197535514832
1747,@user I understand some GP's also practise Homeopathy are they QUACKS?,0,0.0,1,0.0,1,0,0.9959720969200134
1748,@user @user #Hamas  is inept!!,0,0.0,1,0.0,1,0,0.9997649788856506
1751,@user >Ad hominem Irrelevant.Gun control places the people YOU ELECTED above you.,0,0.0,1,0.0,1,0,0.9996973276138306
1752,"@user #SYRIA Why should the good people of East #ALEPPO leave their homes under an Assad Regime ""Kneel or Starve"" campaign ?",0,-0.0516,0,0.7,1,0,0.9979889392852783
1753,"e.g. the meme among some leftists accusing Clinton supporters of being ""vagina voters"" even when many of us had strong reservations.",0,0.6705,1,0.4666666666666667,1,0,0.9915241003036499
1754,@user Trump is just a middleman for GOP agenda & Putin goals.  His payoff is: self-enrichment.,0,0.0,1,0.0,1,0,0.9881012439727783
1756,A transient night with strangers can be held forever in music. Leonard Cohen on the inspiration behind song:…,1,0.5267,1,-0.4,0,1,0.9992140531539917
1759,@user @user Depressing how many people deluded that Supreme Court are deciding whether Brexit referendum is overturned,0,0.25,1,-0.04999999999999999,0,0,0.99943608045578
1761,"which is why this president deserved to be hers. she carried weight for the clinton admin., weight for the obama admin., and it was her turn",1,0.0,1,0.0,1,0,0.9787649512290955
1762,May Nazi it coming,0,0.0,1,0.0,1,0,0.9799956679344177
1763,@user If all alt-rightists looked this good  Trump would have won the popular vote,0,0.8713,1,0.6499999999999999,1,0,0.9976086616516113
1767,"When Media sells killer vaccines,give it FEAR label: ZIKA;  when MEDIA wants2hide a REAL DANGER (Black violence), I…",0,-0.955,0,0.016666666666666677,1,0,0.9954321384429932
1769,"GOPe insider whos willing 2 Sabotage an elected,BY POPULAR VOTE,GOP Nominee,is Traitor! 2 KNOW HRC Criminality-Still do it,inexcusable!",0,0.182,1,0.59375,1,0,0.9948838353157043
1770,Galaxy Note 7 Banned In U.S. Flights & Violators Will Be Sent To Prison,0,-0.8481,0,0.0,1,0,0.9988407492637634
1772,"Mass immigration is turning communities into GHETTOS, report reveals | UK | News | Daily Express:",0,0.0,1,0.0,1,0,0.9530545473098755
1773,@user funny everyone i know is paying actual money for theirs w/ some subsidies. Only 1 person i know got expanded medicaid,1,0.4404,1,0.08333333333333333,1,0,0.9950960278511047
1774,"Plot twist: Trump leaves Melania, marries Mama June, Trump is impeached but rebounds with #1 reality show in History Money Boo Boo",0,0.0,1,0.0,1,1,0.541382908821106
1775,regrann from jpusbrasil  -  @user #Matteo #Valentino #Moment #HappyThanksGiving…,1,0.0,1,0.0,1,0,0.9604743123054504
1776,"Jihadis in Aleppo complaining they are running out of munition, still shoot indiscriminately.",0,-0.4939,0,0.0,1,0,0.9956296682357788
1777,@user or when Democrat leaders didn't care when Afghani and Iraqi children and innocent adults have been killed by their drone strikes?,0,-0.8035,0,0.15,1,0,0.9985455274581909
1778,"@user Unlike Poroshenko who has now murdered 9,000 of his own people...",0,-0.6597,0,0.6,1,1,0.8183010816574097
1786,@user @user Currently is not across rez at any point + 92 ft below river bed.  Natives being used by anti-fossil fuels agenda.,0,0.0,1,0.0,1,0,0.998375654220581
1788,Because the Nazi Democrats lost the election they are out for revenge-& these NEW NAZI propaganda tweeters have les…,0,-0.7717,0,0.018181818181818174,1,0,0.9969603419303894
1789,4 Stages of Acceptance:1. Election Denial2. Protest3. Recount4. All aboard Trump Train #UsefulNewVerbs,0,0.0258,1,0.0,1,0,0.9883195161819458
1790,"In 2015, the poverty rate for US families was 10.4 percent, the lowest level since 2008. #ThankYouObama",1,-0.7096,0,0.0,1,0,0.9959188103675842
1791,Has Putin ever *seen* a Steven Seagal movie? This is a decision he could live to regret,0,-0.4215,0,0.13636363636363635,1,0,0.9855961799621582
1793,#Russia 'brainwashing' Europeans says Lithuanian FM @user video:,0,-0.3612,0,0.0,1,0,0.9974936246871948
1795,The real scandal is the massive voter suppression by the #PoliceState. #BlackLivesMatter #RestoretheVRA,0,-0.4404,0,0.1,1,0,0.9975444674491882
1796,@user your like a fish ( flip flip) now your starting to smell #draintheswamp,0,0.3612,1,0.0,1,0,0.9989342093467712
1797,"@user @user wonder how many whites (all supremacists, of course) work at NY Times?",0,-0.25,0,0.5,1,0,0.9973233342170715
1800,#Oldpost Samsung Officially Axes Galaxy Note 7 Following 'Fire' Incidents,0,-0.34,0,0.0,1,0,0.9945816397666931
1802,Kim Jong Un executed another top military people for falling asleep.,0,0.0516,1,0.2,1,0,0.9986603260040283
1806,WATCH @user '16 Shots' by @user #musicvideo #catchup #BlackLivesMatter #indestructableVic,1,0.0,1,0.0,1,0,0.9883536100387573
1807,"Dear MSM, CNN bitches, every election one turning point..there you go again I will not use my opponents youth & NOW ""basket of deplorables""",0,-0.3182,0,0.0,1,0,0.9749167561531067
1808,"@user @user and a corruption crisis. Lives are no longer lives, left control, no individual! Ashamed!",0,-0.7601,0,0.0,1,0,0.9973203539848328
1809,"@user Hillary and Bernie both would have backed out of TPP, but now that Trump is, it's bad news?  Had HRC one, MIC would love TPP...",0,0.2732,1,-0.09999999999999992,0,0,0.9970910549163818
1812,"Castro now joins Bowie, Prince, Leonard Cohen and the mum from the Brady Bunch in the communist afterlife ✊",1,0.0,1,0.0,1,0,0.7458486557006836
1813,"Some of you view the #Obama legacy through rose-colored glasses. You're ignoring the drone strikes, corporate elitism and war profiteering.",0,-0.8658,0,0.0,1,1,0.7122080326080322
1815,"Potentially oil rich, Venezuela under won't-let-you-recall-me Pres Maduro is now producing refugees from the misery.",0,-0.0258,0,0.1875,1,0,0.9860040545463562
1816,@user Well it's genius because we all know Melania stole Michelle speech and to imply that Melania wants Michelle life... Well,0,0.4939,1,0.2,1,1,0.9972158670425415
1817,joke: vaccines cause autismwoke: homo autistus is mans next evolutionary step,0,0.296,1,0.0,1,0,0.9966490864753723
1819,#China websites block searches for #FattyKimTheThird - THEY WANT TO DENY THE F*** TRUTH?,0,-0.2422,0,0.0,1,0,0.9986608028411865
1821,!!! THIS IS The SIDE Of his FACE @user SHOWS To his #DEPLORABLES - 'NOW' !!! /// FLIP-FLOP !!!,0,0.0,1,0.0,1,0,0.9985938668251038
1822,@user Including the many innocent men women and children killed by his direct authorized drone strikes?,0,-0.6808,0,0.225,1,0,0.9931026697158813
1826,We need the death penalty introduced (and implemented) for theft of public funds while one is an elected or state o…,0,-0.7845,0,0.0,1,0,0.993492066860199
1827,The world we live...😢 #palestine #arabs #muslims #turkey #saudiarabia #bbc #cnn #aljazeera…,0,-0.4767,0,0.0,1,0,0.9357160925865173
1828,Nostradamus WARNED: Pope Francis Will Abdicate the Papacy via @user,0,-0.4278,0,0.0,1,0,0.9939433932304382
1831,@user Neural Net Shows Deep Learning Can Get Way Deeper #business #machinelearning,1,0.0,1,0.0,1,0,0.9796120524406433
1833,Is Trump in the spot to tell ppl to stop harassment when he himself attacked immigrants & minorities? #langmchs18https://t.co/SNyNwUscfT,0,-0.8271,0,0.0,1,0,0.9885504841804504
1834,i just remembered one of my teachers think that democrats are getting paid to protest against trump 😳,0,-0.25,0,0.0,1,0,0.9811453223228455
1836,"@user I never bought from them because they were strongly into animal testing, gone so far that now I'm into natural only products!",0,0.5983,1,0.15833333333333333,1,0,0.9865143895149231
1837,For the #book lovers on your list: #BlackFriday #ImWithHer #StillWithHer,1,0.5267,1,0.0,1,0,0.5234515070915222
1839,@user @user as I would give a damn about what Nazi-Barbie has to say.,0,-0.4019,0,0.0,1,0,0.9897856712341309
1842,@user @user Get the $ from Clinton  foundation? How appropriate.Islamic anti human rights buddies contributed to it,0,-0.3182,0,0.0,1,0,0.9978863596916199
1843,@user @user The Tribe has LEGAL standing from the Treaty of 1851. The Army Corps has no BUSINESS working for fossil fuels,0,0.0085,1,0.2,1,0,0.9540808796882629
1845,"FYI @user @user @user ""DrainTheSwampAlert""! #NeverRomney sums it up for me.…",0,0.4263,1,0.0,1,1,0.9614859223365784
1846,.@neeratanden @user Did you speak out against pay for play Clinton Foundation scandals? I'm guessing Cruz did bc it actually happened,0,-0.296,0,0.0,1,0,0.9928902387619019
1847,@user @user Co-owner of the Cubs Todd Ricketts appointed by Trump as Deputy Secretary of Commerce 😨 what the hell Lucifer,0,-0.8316,0,0.0,1,0,0.9935153722763062
1848,Run #MELANIATRUMP run! Save yourself,0,0.5411,1,0.0,1,0,0.998211145401001
1849,"Giving Thanks for Foster Campbell,  We need 1 more Dem in the Senate to save Soc Sec,   Medicare & Medicaid .https://t.co/34UILEKTS1  VOTE!",1,0.8313,1,0.19166666666666665,1,0,0.9705811738967896
1850,How do I get HUD secretary? Ben Carson's reluctant? Why don't you want the homeless to have housing? Do something about it @user,0,-0.4141,0,0.0,1,0,0.9899013042449951
1851,@user The same media that hides from the truth about the Clinton Foundation...,0,0.1531,1,0.0,1,0,0.9973644614219666
1852,@user Sir We Want Rudy As SOS If Not Than Dr. Ben Carson Please you have to listen to our voice We elected you not stupid Romney,0,0.6571,1,0.39999999999999997,1,1,0.981306254863739
1853,@user @user its not about liberals or conservatives. Im neither and couldnt care about either. Its about basic human decency.,0,0.297,1,0.0,1,0,0.9993333220481873
1855,@user and pro dt because they knew Putin could manipulate him,0,0.0,1,0.0,1,0,0.997517466545105
1857,"@user @user They'll say that Nazi referrals are fine as it's driven by ideology, whereas Islamism.....*coughs*...,.obviously isn't",0,0.2023,1,0.4166666666666667,1,0,0.9926260113716125
1859,.@JustinTrudeau @user @user @user Crimea not so different from the Joan of Ark story @user ⚽️👀👅☃💞,0,0.6486,1,0.0,1,0,0.9745333790779114
1860,"Catherine McKenna, what a winner she is, refusing to answer Peter Armstrongs question in regards to the pipeline.Typical Liberals.👎👎👎",0,0.2732,1,0.0,1,0,0.6497920155525208
1862,#Yemen: Thanks to @user for US$10M contribution to help @user fight malnutrition in #Hodeidah…,1,0.4588,1,0.2,1,0,0.9713670015335083
1863,Fave song?? Celebrating #3YearsofMidnightMemories 🎉🎉#MPN #OneDirection,1,0.9074,1,0.0,1,0,0.9934104084968567
1865,This is 'Fatty Kim the Third' says the Chinese public.,0,0.0,1,-0.05,0,1,0.8879253268241882
1866,"Frustrated me throughout campaign. Clinton Foundation took DONATIONS, Trump PROFITS from Saudi Arabia. @user",0,0.0601,1,-0.7,0,0,0.9990503191947937
1867,"#Mosuloffensive: More than 68,000 Iraqis displaced since October, says #UnitedNationshttps://t.co/wCjRwLZBBq",0,0.0,1,0.5,1,0,0.9944865107536316
1868,TRUMP: Sanctions will have to go. Putin's a great guy.POROSHENKO: I'll give you a chocolate factory.TRUMP: DEATH TO PUTIN!,0,-0.2083,0,1.0,1,0,0.9924501180648804
1869,"Minimum wage is a joke. And those pretzels at the mall are way too expensive, are you listening auntie Annie ?",0,0.296,1,-0.5,0,0,0.9997047781944275
1870,Obama calls for unity in Thanksgiving message #Trump2016 #TrumpTrain #GOP #ccot #tcot #ThanksTrump #UniteBlue,1,0.0,1,0.0,1,0,0.8764360547065735
1871,"Disgraceful, hope Trump dumps US puppet @user - how many thousands of  own citizens has Kiev regime killed? (…",0,-0.6486,0,0.30000000000000004,1,0,0.9994074106216431
1872,Obviously @user must sing #BeautyAndTheBeast Again !!!! @user @user  (WE WANTTTTT) 🙏🏻,1,0.0,1,0.0,1,0,0.9925018548965454
1874,"@user $15 min wage? ""Well actually..."" Tuition-free college? ""Well only for..."" TPP ""Well we have to consider..."" S T O P",0,0.6868,1,0.0,1,0,0.9934659600257874
1875,@user To comment on supremacists would be giving them undeserved attention. These idiots are best off being ignored altogether.,0,0.5106,1,-0.03333333333333336,0,0,0.9953489899635315
1876,"@user Wow, Putin and Richard Spencer gets face palmed by Bloomberg. What’s the Russian and Nazi words for “dis”?",0,0.5859,1,0.05,1,0,0.9830529689788818
1878,"HackRead: #TeslaModelS can be located, unlocked, stolen by manipulating #Tesla apps | #Ha…",0,-0.6908,0,0.0,1,0,0.9954442977905273
1879,\Saakashvili's government was an insult to inhabitants of Odessa and all Ukrainian people\,0,-0.5106,0,0.0,1,0,0.9993754029273987
1880,cc @user Just a note about one troll.,0,0.0,1,0.0,1,0,0.9971489310264587
1881,Agree. But now that Rs in congress don't have Obama and Killary what will unite us?  Ryan killing Medicare? @user @user,0,-0.7724,0,0.0,1,0,0.9935704469680786
1883,Watch Drake and Dave Chappelle Lose It Over a David Blaine Trick,1,-0.4404,0,0.0,1,0,0.9995182752609253
1884,@user shuld LEGIT b ashamed yes #Hatchimals R THE TOY of the season it seems but they are only 50$ jacking it up…,0,-0.0516,0,0.0,1,0,0.9986181259155273
1885,It all adds up to why @user won the election .. Voter Suppression .. Money over Votes .. Criminal Behavo…,0,0.0772,1,-0.4,0,1,0.965844988822937
1886,Samsung Galaxy Note 7 officially discontinued #review,0,0.0,1,0.0,1,0,0.9981305003166199
1889,@user @user my religion teacher hates me because I'm not a Christian and because I support the likes of abortion and euthenasia,0,0.3818,1,0.0,1,0,0.9981599450111389
1892,Nasty women and bad hombres celebrating our diversity and committing to action for an empathic  and kind community.,1,0.0772,1,-0.24999999999999992,0,1,0.9504472017288208
1893,Conservatives Get The Last Laugh At  Liberal Jokesters In Denial That These Are Their Best Days & ThingsAre Only G…,0,0.8658,1,0.325,1,0,0.9673405289649963
1896,"@user @user Curious an alleged anti-Semite uses Yiddish word ""golem."" Guess even alt rightists can't resist the mamaloshen...",0,0.3182,1,-0.1,0,0,0.9871304631233215
1897,It has been a blessing for many with no Medicaid expansion in Florida. Most jobs don't offer insurance and many onl…,0,0.25,1,0.5,1,1,0.9889968633651733
1902,"@user Start with #NoDAPL #NoBombing Syria Yemen Libya End Glass Stengal put in by Bill Clinton, no TPP, No Pedophiles in Dc",0,-0.0803,0,0.0,1,0,0.9957641363143921
1904,The talent pool is slim for #Filmmaking in #Hollywood. Too many re-makes #BeautyAndTheBeast and #MaryPoppins,0,0.4215,1,0.5,1,0,0.9996252059936523
1905,"@user I am taking notice,of all Democratic Party elected officials, who r not fighting 4 USA as @user 2 replace 4 fighters",0,0.5588,1,0.0,1,1,0.9905515909194946
1906,"It doesn't matter if Trump ""just said stuff to win."" What he said was vile, petty, destructive, and now borne out by his Cabinet picks.",0,-0.733,0,0.10000000000000003,1,0,0.9994719624519348
1908,"So I'm gonna finish the revival later, but for now let's get my sister up to speed on #ThisIsUs ❤️",1,0.0,1,0.0,1,0,0.6776658296585083
1909,Well past horror and into laughter. Trump is stocking the cabinet with rich donors or folks who hate the depts assi…,0,0.128,1,-0.225,0,0,0.9414213299751282
1910,NYC celebrates free cabs! Go free on #Uber for mobile with credit code MIGUELT10. Hot promo.,1,0.9215,1,0.3833333333333333,1,0,0.9477223753929138
1911,Demonstration in #Tripoli today condemns the assassination of Sheikh Nader Al-Omrani. #Libya,0,-0.7783,0,0.0,1,0,0.9753984212875366
1912,"i despise people who say they love Fidel, Chavez/Maduro & Daniel Ortega... if you never seen the bad part of the county, don't talk",0,0.6858,1,-0.09999999999999992,0,0,0.9694104194641113
1913,"📷 #nlpoli #DrainTheSwamp #Newfoundland #Nfld #NL MHA Bernard Davis is an Anti-White, Cultural Marxist....",0,0.0,1,0.1,1,0,0.9944370985031128
1914,I went in a Tesla model S yesterday. And now I don't think it's fair that I don't own a Tesla model S.UNFAIR!,0,-0.308,0,0.725,1,0,0.9975973963737488
1915,Part of @user history w/ Cuba #hypocrite @user,0,0.0,1,0.0,1,0,0.9928941130638123
1918,@user The beginning of a dictatorship is gun control and election rigging!,0,-0.4003,0,0.0,1,0,0.9955344200134277
1920,So #media nonstop about #Taiwan protocol but nonissue with #cuba embargo lift #ransom #iransanctions lift? @user fascinating!!!,0,0.7668,1,1.0,1,1,0.9568973183631897
1922,FastPowerPunch MovesBowieAction NotFastest #Israel's Samson Slew1000 #HAMAS AssesCalledPhilistines #IStandWithIsrael,0,0.0,1,0.0,1,0,0.9921095967292786
1927,The Globalists want to demolish States Rights. Without the Electoral College almost all of the States will no longe…,0,-0.2263,0,0.0,1,0,0.8458644151687622
1929,👏Brillant idea!👏 #3D printing for #wildlife conservation. #animals #EcoAfrica @user,1,0.0,1,0.0,1,0,0.9597122669219971
1932,"@user what about  bombing in yemen, Drone strikes in Pakistan, bombing in Iraq and Syria by US.. you people are disgrace to society",0,-0.6908,0,0.0,1,0,0.9992326498031616
1934,Trump’s Wild Ride With the Press as Transition Turmoil Continues,1,-0.3612,0,0.1,1,1,0.9988724589347839
1936,Arroyo: OK with Duterte if I oppose death penalty reimposition | News | GMA News Online via @user,0,-0.6081,0,0.5,1,0,0.9834945797920227
1938,Vaccines contains mercury.. I will not fuck up my potential childrens life with an excessive amount of chemicals,0,0.431,1,-0.016666666666666663,0,1,0.8322789072990417
1942,I don't feel bad for the Sox or their fans at all. I'm glad they're in turmoil. All their focus on hating the Cubs has led them astray,0,0.0129,1,-0.09999999999999992,0,0,0.7968229055404663
1944,Lying Pokahontas Warren! Where is Ben Carson on this list?!?,0,-0.6535,0,0.0,1,0,0.9988125562667847
1945,Years of research cuts: China is ahead of the US in #machinelearning  #deeplearning #ArtificialIntelligence via @user,1,-0.296,0,0.0,1,0,0.9111249446868896
1946,You should try the new McDonald's Fänniburger. @user #NationalFastFoodDay,1,0.0,1,0.13636363636363635,1,0,0.9887011051177979
1949,do i buy a ps4 or wait until persona 5 come out,1,0.0,1,0.0,1,0,0.9984400868415833
1950,Wow! I saw a single Facebook video on one patient who uses medical marijuana! That must mean it solves every ailment on earth! Wowowowow,1,0.7767,1,-0.08426339285714285,0,0,0.6939233541488647
1952,Everything in my @user store is now on sale! 48 hours only! If you like #DavidBowie #TheWalkingDead #ledzeppelin #HorrorMovies,1,0.4738,1,0.0,1,0,0.9916694164276123
1954,School musical went amazingly! Gonna miss my silly girl costume so much😭 #BeautyAndTheBeast,1,-0.6634,0,0.08333333333333337,1,0,0.9568925499916077
1955,@user @user Death penalty for imaginary crimes. Simply barbaric.,0,-0.7845,0,0.0,1,0,0.9987640380859375
1956,this picture drawn by muhammad ali is KILLING ME,1,-0.7297,0,0.0,1,0,0.9994650483131409
1957,@user @user Trump owes nothing 2 national review crowd Those conservatives gave us wars & big spending never delivered NO Mitt,0,-0.2891,0,0.0,1,0,0.9979026317596436
1958,"Come ON, Electoral College, fix this on December 19th - go rogue!",0,0.0,1,0.0,1,0,0.9989815354347229
1959,@user ha ha... Think I've just come up with your #valentines social media campaign #lovestable - you need me on your marketing team!!,1,0.4559,1,0.05208333333333333,1,0,0.9930956959724426
1960,"YOUNG MAN SEEKS EUTHANASIA FOR MENTAL ILLNESS PAIN. WILL CBD HELP? November 28, 2016, Adam Maier-Clayton posts...",0,-0.6166,0,0.0,1,0,0.9852692484855652
1962,"#CJTFOIR:Near #Mosul, 6strikes engaged destroyed 6boats, 4vehicles, 3VBIEDs#Mosuloffensive #MosulOp #Iraq#ISIS…",0,-0.128,0,0.0,1,0,0.994345486164093
1964,@user Hill seeing money signs... we go as far as he takes us! Fat contract coming up!,1,0.0,1,0.15625,1,0,0.9957515001296997
1967,"Medicare, people. Don't mess with the olds. Mobilize them.",1,0.2755,1,-0.175,0,1,0.9956264495849609
1968,Donald Trump may not be able to get White House security clearance for Steve Bannon via @user,0,0.34,1,0.25,1,0,0.9994292855262756
1969,@user @user @user @user @user Damn the smooth transition @user Nothing smooth about racism. Trump has giv…,0,0.1516,1,0.4,1,0,0.9215251207351685
1973,Evidently @user dramatic gain of about 1k followers in 9 days is not organicDid he buy fake followers?…,0,0.0772,1,-0.22777777777777777,0,0,0.998128354549408
1974,Perhaps I'd be going over the line by insinuating a connection between Melania Trump and Vladimir Putin. Cuz I can'…,0,0.0,1,0.0,1,0,0.963060200214386
1975,Are you really using the anniversary of a #massacre aka #Thanksgiving to show off all the junk you are 'thankful' for? #warpedhistory,0,0.5719,1,0.2,1,0,0.9995580315589905
1980,Damn liberals hear KKK and immediately think #racism (not #communityservice).,0,-0.7783,0,0.0,1,0,0.9937273263931274
1981,Just watched #ScreamQueens now I'm in a pink mood 💘 @user @user,1,0.6369,1,-0.1,0,0,0.9906885623931885
1985,Obama is disrespectful & saddening Obama does what Dems FEAR Trump may do,0,-0.7983,0,0.0,1,0,0.9959553480148315
1987,@user Her best segment was the bit on immigration near the end. I thought she did fairly poorly throughout the first 24 minutes.,0,0.6369,1,0.23750000000000002,1,0,0.999413013458252
1988,"This is what Trump's border wall could cost USA roughly 2,000-mile fence on the Mexican border would cost 100's of billions, with foreign?",0,0.0,1,-0.075,0,0,0.9932132959365845
1989,Is @user harassing @user under guise of debate? If tables were turned Ariana would be on to @user,0,-0.5423,0,0.0,1,0,0.99856036901474
1991,"Sen. Warren wants investigation of Trump's transition team , Democrats are the poisinous snakes living in America have proven it in 2016 .",0,0.0,1,0.2,1,0,0.8295738697052002
1992,The supremacists are very hypocritical....,0,-0.6478,0,0.2,1,0,0.9959622025489807
1993,@user only if fatty Kim the third finds Twitter,0,0.0,1,-0.06666666666666667,0,0,0.9938833713531494
1994,child trafficking a growing problem in Iran #iran #syria #Yemen #us #paris,0,-0.25,0,0.0,1,0,0.9758483171463013
1995,Houston: A473269>>SOS!!!! SOS!!!!! Help!!! Folded card!!! At risk for euthanasia tomorrow morning. Need an...,0,0.4153,1,0.0,1,0,0.9926424622535706
1997,"I liked a @user video from @user Touch My Coffee (Eminem vs ""Persona 5"")",1,0.4215,1,0.6,1,0,0.9562230110168457
2000,Libs voter suppression argument rises again. The election really was rigged,0,-0.6461,0,0.2,1,0,0.9960312247276306
2001,"@user write in: Cy Young and 20 strikeout, 20 game winner: Max Scherzer",1,0.5859,1,-0.15000000000000002,0,1,0.9755891561508179
2002,"Obama has already put his EVIL plan in action with George Soros, you must like him if you are supporting this EVIL…",0,-0.186,0,-0.21666666666666667,0,1,0.9944475889205933
2003,"NAZI TRUMP: Up retirement age, privatize VA/SS/MEDICARE, outlaw abortion, outlaw Gay marriage, no min wage, deport ALL DREAMERS #janesville",0,-0.296,0,0.4166666666666667,1,0,0.9661515355110168
2004,In good conscience (which is really absent) dems never intended to release the poor from bondage to the gov dole. Q…,0,-0.0516,0,0.16666666666666663,1,0,0.9989439845085144
2007,Rollie Mae at Thanksgiving😂.. or should I say at everyday life.. and no wonder she loves U…,1,0.6597,1,-0.2,0,1,0.9786643981933594
2008,Can you say George Soros? He needs to be on the top of the list 2 investigate.  He is a snake 🐍who'll do anything 2…,0,0.2023,1,0.5,1,0,0.996746301651001
2010,Process to con for the vegetarianism aside from soft-pedal boast an scratch feed damp: JnWLMKaKa,0,0.0,1,0.0,1,0,0.9927235245704651
2011,Trump & his cabinet together w/ his family just downgraded America into Banana Republic in just 2 wks.We're the lau…,0,0.0,1,0.0,1,0,0.978605329990387
2013,"@user don't need to be informed to vote. i will benefit financially. i don't need healthcare, ss or medicare. hope you don't.",0,0.7096,1,0.0,1,1,0.9936664700508118
2014,@user I HAVE ALWAYS KNOWN THT THIS WAS A HOAX SINCE IT STARTD TO BE PROMOTED BY THE MEDIAS LEFTISTS & ECO-LEFTISTS. I've studied Geology,0,0.1779,1,0.0,1,0,0.9969789981842041
2017,@user It's not okay to ignore animal testing just because it's your opinion that it doesn't matter.,0,0.0951,1,-0.25,0,0,0.9994767308235168
2021,@user @user @user it's a reaction to PC liberals.. Less PC liberals = less nationalism ... Reducing liberals is key,0,0.0,1,-0.1111111111111111,0,0,0.9927946925163269
2022,@user ye ursa went and got married to her former lover before ozai went *melania trump voice* hello,0,0.5859,1,0.125,1,1,0.9187527894973755
2023,Didn't worry Latvian's losing main suppliers why DO we allow GOV'T& previous CONSERVATIVES SCARE MOUNGER by ACTIONS 80's to 2020 god help us,0,0.655,1,0.0,1,1,0.7391254305839539
2024,@user @user Your mother should have had a medical plan that included abortion,0,0.0,1,0.0,1,0,0.9992222785949707
2026,"How the Electoral College always has protected white power, from slave states to whose vote counts #ElectoralCollege",0,0.4404,1,0.0,1,1,0.6129096746444702
2027,Imagine that? Bait and switch? Noooo lol. #maga #draintheswamp #potus45https://t.co/cc1JPKppRa,0,0.4871,1,0.8,1,0,0.9993407130241394
2029,I only ate once yesterday and was full until i went to sleep. I suck at thanksgiving.,0,-0.4404,0,0.175,1,0,0.996315062046051
2030,#Spurs #GoSpursGo 1997 SP Authentic #128 Tim Duncan RC Rookie BGS 9.5 #TimDuncan #NBA,1,0.0,1,0.5,1,0,0.9528284072875977
2032,"Message @user maybE a snakey little strut, biblically with stick but can b trusted",1,0.631,1,-0.1875,0,0,0.9822447896003723
2033,F U C K. WHY. #ScreamQueens,0,0.0,1,0.0,1,0,0.9896975159645081
2038,I liked a @user video from @user What Would A World With Self-Driving Cars Look Like?,1,0.6486,1,0.6,1,0,0.8763498067855835
2040,@user I bought 2 Note 7s; which obviously I had to return; now using LG V20 over my Galaxy 7 plus; when is next Note version?,0,0.0,1,0.0,1,0,0.9979204535484314
2043,@user @user We honestly did not know you guys were still alive. Grats! #DrainTheSwamp #NRA #FoxNews #realDonaldTrump,1,0.7088,1,0.3625,1,0,0.9983747005462646
2044,@user @user drug prices are damaging American health systems.  We need AUDIT of MEDICARE drug price hikes,0,-0.5106,0,0.0,1,0,0.998273491859436
2045,"#RIPFlorenceHenderson She Was <3 Because, She Was Born On Valentines Day, Aw... Every's1 Mama...#YouWillBeMiss!",1,0.4926,1,1.0,1,0,0.9740511178970337
2046,#NASA #DeepLearning Program Aims to Ward Off #Asteroid Attack via @user #AI #Space,1,-0.4767,0,0.0,1,0,0.9979027509689331
2047,"Head of #Ukraine's National Bank, accuses populists (#Saakashvili, #Tymoshenko) of undermining ""fragile stability""https://t.co/cXZGSyahtB",0,-0.5994,0,0.0,1,0,0.9967424273490906
2048,"""Microsoft joins The Linux Foundation"" #hellfreeze",1,0.0,1,0.0,1,0,0.9750687479972839
2051,AQ operative & BRSC leader Mohamed Aldresi (Al-Nus) calls on Jihadist from 10 states to join fight against Libyan a…,0,-0.1027,0,0.0,1,0,0.7937836050987244
2056,The latest Journal of #SOCMINT! Thanks to @user @user #ecommerce #hezbollah,1,0.4926,1,0.4125,1,0,0.7038554549217224
2057,"Have an article to write, notes to re-organize & a house to clean, yet all I want to do is read all day. And maybe go see #FantasticBeasts.",1,0.4588,1,0.3666666666666667,1,0,0.8928806185722351
2059,"Again, Eddie, fascists are invariably leftists. Don't call Mike a leftist unless you want to end up...not well.",0,0.1531,1,-0.05,0,0,0.9976434111595154
2060,There's a lot of gun control and violence going on here in the United States. Why isn't nothing been done about this.,0,-0.5719,0,0.0,1,0,0.9944846034049988
2061,<-Thai Politician Scandal At Bangkok Fitness #tits #boob #memek #bispak  #onedirection,0,-0.4019,0,0.0,1,0,0.9944577217102051
2063,"As a teacher & mother, I'm afraid of what @user appointment of #BetsyDeVos will do to public ed. #publiceducation #stillwithher",0,0.0,1,-0.3,0,0,0.9983301758766174
2064,"@user lol, you're a winner mongrel. Just watching the shit you're pulling on LHHH, David Blaine ain't got shit on you!",0,0.9302,1,0.1166666666666667,1,0,0.9735093116760254
2066,"@user Do u honestly think Romo is better than Dak as a all around qb? Look at the record, turnovers ratio, n where tony is seated",0,0.7096,1,0.55,1,0,0.7503610849380493
2068,"And so they call him Kim Fatty the Fourth 金四胖 now ,",0,0.0,1,-0.1,0,0,0.9861159324645996
2069,@user @user while their at it they throw out all the illegal votes so we don't have to hear how she won the popular vote,0,0.4404,1,0.04999999999999999,1,0,0.9975525736808777
2070,GEORGE SOROS DID FOR HILLARY WILL MAKE YOU SICKWATCH VIDEO!!,0,0.0,1,0.0,1,0,0.9861704111099243
2071,"Yes @user - ignore $millions that #RudyGiuliani took from #Qatar, the main sponsor of #Hamas -…",1,0.0516,1,0.16666666666666666,1,0,0.999478280544281
2073,#Ukraine Is ‘Running Against the Clock’https://t.co/2BooCNWTyr,0,0.0,1,0.0,1,0,0.9968029260635376
2074,Spain probe Cristiano Ronaldo after tax evasion reports,0,0.0,1,0.0,1,0,0.9755417108535767
2075,"From #TheWalkingDead, we interview #DanielBonjour! And he wants to #cosplay #deadpool! #costumes #twd #twdfamily",1,0.0,1,0.25,1,0,0.9883290529251099
2076,"Justin Verlander and Miguel Cabrera are the big names, but trading Ian Kinsler could hurt the #Tigers the most.…",0,-0.6808,0,0.0,1,0,0.9864329695701599
2080,GOP was really dumb to hand the House of Representatives to Paul Ryan & his 10% approval ratings again. might lose House in 2018.Medicare,0,0.0697,1,-0.375,0,0,0.9990205764770508
2081,"@user @user ""but we can now."" One 4 u <3 #StillWithHer #ThePeoplesPresident My President. Not quitting yet.",1,0.5927,1,1.0,1,0,0.908128559589386
2083,"@user when #Hamas is diverting 95% of resources (Concrete in this case) for homicidal tunnels into Israel, #Hint",0,0.0,1,0.15000000000000002,1,0,0.996371865272522
2085,Retweeted Oldman (@gary_stone0):@Corraandrews @user @user @user @user @user ripping off the dems again,0,0.0,1,0.0,1,0,0.9981784820556641
2086,Australians found the previous leftist government donated millions to Clinton Foundation. Halted the money flow.Dem…,0,0.0,1,-0.10833333333333334,0,0,0.9975622892379761
2087,@user what gets me is they are critical of Fidel..but are ok with the effect the U.S. embargo on Cuba has has on the Cuban ppl,0,-0.0258,0,0.25,1,1,0.9939016103744507
2090,"@user @user The convention was started to help take back control from obama admin and big gov , GOP will try to take power from trump",0,0.4019,1,0.0,1,0,0.9929665327072144
2091,"He didn't fight anything, that's his excuse, just like it was Chávez's excuse and it's Maduro's excuse.",0,0.6792,1,-0.05000000000000001,0,0,0.994168758392334
2092,"if u haven't been watching WestWorld, u need to!",1,0.0,1,0.0,1,0,0.995622456073761
2093,Comedic buffoonish Marxist dictator Maduro in Venezuela sings along while country burns...let them eat cake. Social…,0,0.4019,1,0.0,1,1,0.953309178352356
2094,Ashley Graham Shows Off Her Killer Curves in a Sexy Lace LBD,1,-0.2263,0,0.5,1,1,0.994401752948761
2095,. @user how are houses going to get built in an only service economy? Prefab 3D printing or discarded shipping containers,0,-0.34,0,0.0,1,0,0.9997308850288391
2097,"Reading this piece from several days ago, Obama admin seems bizarrely passive in face of Russian threat to election",0,-0.3818,0,0.13333333333333333,1,0,0.99527907371521
2098,"@user @user @user @user @user you voted for a nazi, genius",0,0.0,1,0.0,1,0,0.9789285659790039
2099,#RudyGiuliani took $millions from #Hamas #terror-sponsor #Qatar - this alone is disqualifying for #SecState,0,-0.3071,0,0.0,1,0,0.9985312223434448
2100,Fossil fuels aren't sustainable. Digging for more harms the environment. Basic 6th grade earth science. Go watch…,0,-0.5413,0,0.25,1,0,0.9981447458267212
2101,@user @user Criticisms like this show a fundamental misunderstanding of what leftists are talking about,0,-0.296,0,0.0,1,0,0.9995819926261902
2102,@user Exactly so when do you and the GOP investigate every single aspect of George Soros? I am waiting for an answer!,0,0.0,1,0.08035714285714286,1,0,0.9969292283058167
2103,"The more insecure you are, the more prone you are to create c... #MikheilSaakashvili #citations",0,-0.2484,0,0.16666666666666666,1,0,0.9994472861289978
2104,Vireo cheers Department of Health medical marijuana decision -,1,0.4767,1,0.0,1,0,0.8190650343894958
2105,520 years? lol why not just death penalty his ass,0,0.6028,1,0.8,1,0,0.9919266700744629
2106,"@user @user Sure. Why not? How about ramp up in drone strikes? FISA courts? US Citz targeted w/out due process? BTW, this is Obama",0,-0.2869,0,0.1875,1,0,0.9982681274414062
2108,@user @user It is a fact that rightists tend to have lower intelligence than leftists. If I'm not mistaken there was a study.,0,0.4606,1,0.0,1,0,0.9981006979942322
2109,So many ways to use these adorable hearts with #DIY by @user Fill with cloves for your tree or  pincushion…,1,0.8176,1,0.5,1,0,0.9844634532928467
2110,@user @user Tim Duncan has never committed a foul either. Some people just can't get over personal issues they have w/ some1,0,-0.2057,0,0.0,1,0,0.9684767723083496
2113,"In 2001, Microsoft CEO Steve Ballmer described Linux as a “… cancer that attaches itself in an intellectual...",0,-0.2732,0,0.3,1,1,0.88797926902771
2114,@user @user @user CA voter registration actually encourages voter fraud. And no one is looking into it.,0,-0.4767,0,0.0,1,0,0.9970918893814087
2115,@user @user @user the only one in town to have fought #ISIS *in that region* is #FSA . Assad regime strike only helps Daesh,0,-0.0516,0,0.0,1,0,0.9944105744361877
2116,Instead we must really reduce dependence on fossil fuels but then no one really cares...,0,0.3898,1,0.2,1,0,0.9996618032455444
2117,How can we believe him? He lies about everything. I still want him prosecuted for Cuba. What embargo? The Donald is…,0,-0.6662,0,0.0,1,0,0.9976354837417603
2118,"RT @user When are we gonna stop being cute and call the ""alt-right"" what it really is? Beyond disgraceful.",0,0.2023,1,0.35,1,0,0.9988797307014465
2119,The #deplorables should be forced to pay #DonaldTrump for #DonaldTrumps own security at #DonaldTrumps #TrumpTower,0,-0.25,0,0.14999999999999997,1,0,0.9997500777244568
2120,Too tired to comment without swearing and threatening vengeance on the infidels.,0,0.1571,1,-0.4,0,0,0.997093677520752
2124,"@user @user @user They also want to keep federal socialized medicine out of their Medicare. Opposite of a ""think tank"".",0,0.0772,1,0.0,1,0,0.9928505420684814
2125,Yes Drag Melania Trump is here !!!,0,0.3971,1,-0.1953125,0,1,0.795738697052002
2126,#BlackLivesMatter #potus #HillaryClinton You called for this. Getting what you chanted for. Disgraceful! You have i…,0,0.0,1,0.0,1,0,0.9980700612068176
2129,"@user @user If Jeb had won, he would still be looking at Cabinet. Trump has already selected abt 10 just in 3rd week. Outworks Jeb",0,0.5719,1,0.0,1,0,0.9888840913772583
2130,"I'm sorry, Jill, but this sounds like noise. #ThankYouObama",0,0.4767,1,-0.5,0,1,0.8179016709327698
2131,@user I LOLed at that one right away.Geographically challenged tweeps.,0,-0.1027,0,0.2857142857142857,1,0,0.8317640423774719
2132,@user Persona 5 is the only one I'll preorder without hesitation. I may never play another Tales game after Zestiria. Utter doo doo.,1,-0.0572,0,-0.13333333333333333,0,0,0.9909361004829407
2133,@user maybe of you would have done the Galaxy Note 6 and not skip from 5 to 7 we wouldn't have these problems not I have get iphone🤔😒,0,0.3089,1,0.0,1,0,0.8634869456291199
2135,Hillary Clinton was waaaay too conservative on her percentage of deplorables eatimate,0,0.0,1,0.0,1,0,0.9979122281074524
2136,hey PA can you um let me register for a medical marijuana identification card plz also gets some dispensaries thanks :-),1,0.6705,1,0.2333333333333333,1,0,0.9861506819725037
2137,"Just got a junk email entitled ""Here is how to beat ISIS"". It also contains a warning from Pope Francis",0,-0.0772,0,0.0,1,0,0.9995595812797546
2138,Omggggg Taylor Lautner #ScreamQueens #DrCassiyCascade #GreenMeanie,1,0.0,1,0.0,1,0,0.9863540530204773
2139,errr.. ricky martin? (with Feby) [pic] —,1,0.0,1,0.0,1,0,0.9886555671691895
2141,Listening to Melania practice the speech Michelle Obama wrote for her   #KeepsTrumpUpAtNight#2GirlsandaTag@charley_ck14,0,0.0,1,0.0,1,0,0.9894413948059082
2142,LIAAAAAM OMG!!  🔥🔥🔥I JIST CAN'T.. I'M LOSING MY SHIT HERE OHSSKXVSJSB#LiamPayne #OneDirection #1D…,1,-0.79,0,-0.2,0,0,0.9944868683815002
2144,I hope Donald trump builds a wall and says EA MADDEN EMOLOYEES ARE BAD HOMBRES @user,1,-0.3254,0,-0.6999999999999998,0,0,0.9993991851806641
2146,Just another effort by another #Clinton surrogate to steal the election. Mostly funded by George Soros who is no fr…,0,-0.6597,0,0.5,1,0,0.9990265369415283
2147,The latest BETT'S WORLD! Via @user @user #yemencrisis #yemen,1,0.0,1,0.625,1,0,0.8732002973556519
2152,@user @user I've been Trump supporter from beginning but he starts flopping & we will have civil unrest. #draintheswamp,0,0.1406,1,0.0,1,0,0.9996730089187622
2154,@user This is me in a nutshell! lol #FantasticBeasts #HarryPotterAddict Everything crossed :D,1,0.7978,1,0.9,1,0,0.977620542049408
2161,Trump is putting out a tweet that George Soros was an SS soldiew with  HITLER. Geirge Soros was 10 at he time! FOOL,0,-0.6027,0,0.0,1,0,0.99815434217453
2164,From @user New Pic Of Belle (#emmawatson) & Gaston (#lukeevans) In @user #BeautyAndTheBeast -…,1,0.0,1,0.13636363636363635,1,0,0.9749992489814758
2165,@user @user no swamp draining here more like filling it up with the dawn of dumb  and hateful sad…,0,-0.7102,0,0.0625,1,0,0.9956973791122437
2166,@user I'd Like the Next Bond car to be Tesla Model S or X. @user @user #tesla #modelS,1,0.3612,1,0.0,1,0,0.9910447597503662
2168,"@user I was referring also to the children of the nations that are the target of the attacks, like in US drone strikes",0,-0.4404,0,0.0,1,0,0.9956036806106567
2169,PIZZAGATE BOMBSHELL: MONICA PETERSEN MURDERED FOR INVESTIGATING CLINTON FOUNDATION IN HAITI!,0,-0.69,0,0.0,1,0,0.9886464476585388
2171,"He sat on his ass and watched the world burn for eight yrs, payoff is a house worth 7 times what salary he made in…",0,-0.3818,0,0.3,1,0,0.9903123378753662
2172,🎶 Browse this site for more information on Dallas 3D Printing. This...,1,0.0,1,0.5,1,0,0.9943943023681641
2174,When will #Amerikkka wake up ?Before their#SocialSecurity#Medicare#Medicaid#AbortionRightsare tossed asideby the #Trumpand the #GOP,0,0.0,1,0.0,1,0,0.9972549080848694
2175,@user @user @user maybe take a look at the Clinton foundation if government corruption actually bothers you now,0,-0.2023,0,0.0,1,0,0.9980236291885376
2178,"4. Babette, 3. Miss Patty, 2. Richard, 1. LANE!!! #GilmoreGirlsTop4",1,-0.3561,0,0.0,1,1,0.6162267923355103
2179,Tested the Google Earth vr thing with Vive. Crouching over an entire city was a surreal experience to say the least 😅,1,-0.2755,0,-0.016666666666666663,0,0,0.9778261184692383
2180,"When a mother in-law justofies her son to fucking 20 women, but won't let him marry the woman he loves who fucked 2…",0,-0.2617,0,-0.6,0,1,0.8205925822257996
2181,@user @user @user people hate white supremacists. Trump emboldened white supremacists. I don't get what you fail to see,0,-0.8807,0,-0.325,0,1,0.9522081613540649
2182,"Kim Fatty the Third not happy!People in China are calling Kim Jong Un fat, and North Korea isn't happy about it",0,-0.509,0,0.20000000000000004,1,0,0.9996253252029419
2185,Minimum wage and these unpaid internships 😕😕😕,0,-0.7096,0,0.2,1,0,0.9919307827949524
2186,@user I don't think a diet would make Michael Moore any funnier.,0,0.4019,1,0.0,1,0,0.9970760345458984
2190,ALL NATIONS UNITE.... HUMAN BEINGS STANDING UP TOGETHER WILL FORCE THE CHANGE FROM FOSSIL FUELS TO CLEAN ENERGY...,0,0.5859,1,0.18333333333333335,1,1,0.999764621257782
2191,Hilfiger defends 'beautiful' Melania Trump you mean illegal immigrant?  The speech stealer?,0,-0.4137,0,0.012499999999999992,1,1,0.9332486391067505
2194,The jails are full so here is your sentence. Home detention with full entertainment package and guaranteed social security payment. #auspol,0,0.4588,1,0.24444444444444444,1,0,0.9850635528564453
2195,"@user No, there is more to it that Trump telling a story, like Comey's crooked political moves, and Russian hacking, and Assange...",0,0.3612,1,0.125,1,0,0.9466959238052368
2199,Messmoorize (from Michael Moore): to panic and lose critical thinking while gaining weight.  #UsefulNewVerbs,0,-0.6705,0,0.0,1,0,0.998248815536499
2200,MILLIONS Are Sharing What Tommy Hilfiger Just Did For Melania Trump! Liberals Can't Stand It!,0,0.5242,1,0.0,1,0,0.9943473935127258
2201,WHY SHOULD I CARE?...What is #FRACKING ?& WHY is it Controversial?...STOP #GeoEngineering OUR PLANET #EARTH,0,0.0,1,0.0,1,0,0.9996032118797302
2202,"Tesla’s Model X: ""A ride too firm and choppy for a $110,000 car, says Consumer Reports.Ouch.…",0,0.0,1,-0.2,0,0,0.999626874923706
2204,"@user @user @user @user @user And yes, your extremist gun control is designed to kill families, children...",0,-0.6597,0,0.0,1,0,0.9970611929893494
2207,Snap!BURNING THE FLAG SHOULD BE A CRIME!#DrainTheSwamp#MAGA#BoycottCNN#BoycottMSNBC#BoycottNFL…,0,0.0,1,0.0,1,0,0.9996381998062134
2211,Melania looked angrywhite house tour day!She's not moving in? Temporary?Time 4 #Trump 2 disgrace the office…,0,-0.593,0,0.0,1,0,0.9997890591621399
2212,Hillary Clinton is wishing Wisconsin were a Clinton Foundation donor- a foreign state that would serve her on silver platter #RecounttheVote,0,0.2263,1,-0.125,0,0,0.993514895439148
2215,I pray @user does the right thing #MAGA #draintheswamp #NeverRomney,1,0.3182,1,0.2857142857142857,1,0,0.9895479679107666
2217,"@user @user @user Is that what you call ignorant white trash these days, conservatives ?",0,-0.2732,0,0.0,1,0,0.9976732134819031
2218,"Browse our exclusive collection of autographed titles, including @user #SettleForMore! @user",1,0.2003,1,0.0,1,0,0.9753108620643616
2220,i don't understand why outcries against the dakota access pipeline are so few. where are the social justice warriors when you need them?!,0,0.5707,1,-0.07916666666666668,0,0,0.9981597065925598
2221,THE PRICIEST PRESIDUNCE!...We taxpayers are paying $9.5 million for DJT's transition.Warren's and Cummings' letter:,0,0.0,1,0.0,1,0,0.9967457056045532
2223,What do you call an egg type person sitting on a wall that they just built on the Mexican border?- Humpty Trumpty,0,0.0,1,0.0,1,0,0.9970780611038208
2224,@user my deep learning algorithm isn't though - training can take time.,0,0.0,1,0.0,1,0,0.9765531420707703
2228,"Damned Trump admin..oh, wait, still Obama: Army Corps Of Engineers Tells Pipeline Protesters To Leave Camp By Dec. 5",0,-0.5719,0,0.0,1,0,0.9978074431419373
2229,@user @user @user @user @user @user Jamui hospital says some vaccines are not avlbl since 1 yr,0,0.0,1,0.0,1,0,0.9983388185501099
2230,Create articles for #blog #seo #marketing | #NationalFastFoodDay 6 #SEO Analysis Tools…,1,0.2732,1,0.0,1,0,0.9700189232826233
2232,@user maybe Hillary will give a speech without charging half a million$$. And please no more pantsuits. Maybe Melania will dress her,0,0.0258,1,-0.20833333333333331,0,0,0.993024468421936
2233,"@user @user if you want to do something viable, for your legacy, before you leave, bring back the death penalty for this puke!",0,-0.8883,0,0.0,1,0,0.9964369535446167
2236,People were voting against their own self interests because they started to believe repeation? You don't say!https://t.co/6V71BvUbdr,0,0.3164,1,0.6,1,0,0.9977097511291504
2237,Surely #Trump knows #Romney's a spy for elite Conservatives petrified by the 'Strangelovian' group so far assembled.,0,-0.1531,0,0.3,1,0,0.9950554370880127
2239,📉@Olacabs Said to Be Seeking Funds at 40% Lower Value -  #india #uber #ola,0,0.0516,1,0.0,1,0,0.999453604221344
2240,I Stand With #Syria #Aleppo #Palestine #Kashmir #Burma #Iraq #Afg Do You ??? Share !!!,1,0.5597,1,0.0,1,0,0.9729309678077698
2241,@user Show me on google maps where the FEMA camps are. Otherwise you're a MSM nazi democrat propagandist!,0,0.0,1,0.0,1,0,0.9990825653076172
2243,@user let's see how many dead dems and illegals voted let's get into it b/c I'm sure #trump got more than current records show,0,-0.4588,0,0.26,1,0,0.6620604395866394
2244,"#Belarus #humanrights community, including @user , strongly urges authorities to abolish the death penalty…",0,-0.4215,0,0.43333333333333335,1,0,0.9159587025642395
2246,@user @user UR voter suppression is clear assault on older whites & blacks U clearly R a @user subscriber #shameful,0,-0.4019,0,0.12222222222222222,1,0,0.9983626008033752
2248,@user @user She's under the Clinton Foundation umbrella now. Only explanation for her change of heart towards Hillary.,0,0.6369,1,0.0,1,0,0.9954406023025513
2249,"After seeing me ugly cry over Leonard Cohen, my husband is genuinely concerned about Werner Herzog's health",1,-0.7506,0,-0.14999999999999997,0,1,0.998128354549408
2254,I do not care if HRC goes to prison or is deported. But George Soros and son must be arrested and given to Russia. He must be dealt with.,0,-0.7972,0,0.0,1,0,0.995208203792572
2255,George Soros has a knack for manipulating outcomes:https://t.co/2uXHDUNanj,0,-0.3612,0,0.0,1,1,0.7906007170677185
2256,"Trump will pay his way because he got away with fraud, rape, breaking embargo laws with Cuba, assaulting. The USA c…",0,-0.9217,0,0.0,1,0,0.9527702927589417
2257,@user @user @user I thought I told you bigwigs to cut out the physical fraternizing! I got enough on my hands with Erdog.,0,-0.3382,0,0.0,1,0,0.9901350140571594
2259,"Bob Dylan sings his 2nd biggest hit, Rainy Day Women #12 And 35 live at Farm Aid in 1986 -",1,-0.0772,0,0.06818181818181818,1,1,0.9946622252464294
2260,"FIDEL CASTRO LIES IN HIS BOOK ""LA HISTORIA ME ABSOLVERA""- HE AND HIS FOLLOWERS HAD A LOT OF PREVILEGIES DURING THE TIME THEY WERE IN PRISON.",0,-0.7269,0,0.0,1,0,0.9675000905990601
2261,"@user yes, but wouldn't  gun control work better?",1,0.8049,1,0.5,1,0,0.9989116191864014
2263,"If Trump is a good man he will leave Medicare, healthcare &amp; SS alone. He will address capitalism and student lo…",0,0.1779,1,0.7,1,1,0.6220654845237732
2265,Who is responsible for the Persona 5 EU theme? Kinda want it.,1,0.3197,1,0.2,1,0,0.9835741519927979
2266,"@user @user I am terribly saddened by your story. I want to learn more about euthanasia. I wish you peace, my friend.❤️",0,0.4019,1,-0.25,0,0,0.9745438098907471
2267,when u start eating thanksgiving dinner before u say grace & ur grandma catches u,1,0.4215,1,0.0,1,0,0.972897469997406
2268,I'm thankful for @user and my Internet buddies @user @user enjoy it my bad hombres.,1,0.5267,1,-0.1499999999999999,0,0,0.6968675851821899
2269,"@user @user @user They can't feed people, help with Medicare, shelter the needy but babysit a dull trophy is ok",0,-0.473,0,0.10416666666666666,1,1,0.6112887859344482
2270,Obama Downplays Trump Trade Agenda  O can stick TPP & his 0 legacy #tcot #pjneet #maga #lnyhbt #wakeupamerica #tgdn,0,0.0,1,0.0,1,0,0.9916205406188965
2272,Greece: Adult vaccination in an age of austerity,0,0.0,1,0.1,1,0,0.7179597616195679
2273,@user sicko is too kind. These are depraved murderous thugs acting out the education they received from #Fatah and #Hamas,0,-0.2023,0,0.3,1,0,0.9944983124732971
2280,Yo when is maduro gonna die tho #urnotevenVenezuelan #makeVenezuelagr8again,0,-0.5994,0,0.0,1,0,0.985386848449707
2281,and that CA minimum wage goes up on the first for the next 5 years ayyy 😋,1,0.0,1,0.125,1,0,0.9890201687812805
2282,Anyone who thinks OTW is a black-hearted ghoul. #ACA #Obamacare #fixit #haveaheart #prolife #trump,0,0.0,1,0.0,1,0,0.9928478002548218
2285,@user Next time use the U.S. president or Kim Jong-un and don't rescue him. That would be the script of the year.,0,-0.4023,0,0.0,1,0,0.9989491105079651
2291,⚡Dangit wish I had a hamburger and frenchfriesright about now#Yummielicious #NationalFastFoodDay,1,0.4019,1,0.0,1,0,0.9975684285163879
2293,@user death penalty?  No just put him behind bars for life in general population.  Death is an easy way out,0,-0.8779,0,0.02777777777777779,1,0,0.9939444661140442
2295,"@user Kim Jong Un wishes his propaganda was a good as this.  BHO never uses the restroom either, We believe that. Wink wink",0,0.3612,1,0.3,1,0,0.6345949769020081
2298,"@user @user @user @user @user @user U assholes got us here, you're all Fired!",0,-0.8268,0,0.0,1,0,0.9996962547302246
2300,"Obama says he didn't have any scandals in his admin, but I think he forgot to tell or account for Border Agent Brian Terry (#FastFurious)",0,0.2057,1,0.0,1,0,0.9994805455207825
2301,@user My neighbor-a Trump voter-is now all upset about Soc Sec & Medicaid benefits for her deaf& disabled son. Umm...Duh,0,0.0,1,-0.15000000000000002,0,0,0.9982337951660156
2302,@user @user @user @user Rightists & whities who ignore the fact he was a radicalised Nazi are despicable.,0,-0.3612,0,0.0,1,0,0.9995378255844116
2304,"@user Not really. The electoral college is an anachronism, created for a reality that doesn't exist anymore. Should be changed.",0,0.25,1,-0.1,0,0,0.9994714856147766
2305,"@user @user you can't fix stupid, he probably then went to Starbucks and had them write Trump on his cup..U know, in protest",0,0.1965,1,-0.7999999999999999,0,0,0.9991089701652527
2307,"Don't *^%#+* defame Fidel Castro. Rotten Capitalist system murders millions, creates & sustains puppet Tyrants. USA & Co, please! Hypocrites",0,-0.636,0,0.0,1,0,0.9942786693572998
2308,😇GOD WON 👸 ANGEL @user  THE POPE Says @user has an EGO...IS the POPE with the EGO PROBLEM..…,0,0.8143,1,0.0,1,0,0.98685222864151
2309,"Oh Hester..I love you😂Seriously @user in this role, it's EVERYTHING..I mean Rachel Berry to Hester? DAMN girl👏🏼🙌🏼❤️#ScreamQueens",1,-0.0343,0,0.09375,1,1,0.984000027179718
2310,@user I'm just going out to buy some fuses! I couldn't believe it. Ford is in on this! #Westworld,0,0.0,1,0.0,1,0,0.8510668277740479
2311,@user Medicaid is the main cause of ER overcrowding. Medicaid patients are 8x more likely to go to the ER for non-emergencies.,0,0.0,1,0.2222222222222222,1,0,0.9957898259162903
2312,@user #GilmoreGirlsTop4 Top 4 + invisible 51. Jess 😍2. Paris😂3. Luke💜4. Sookie🎈5. Taylor 😅,1,0.6597,1,0.5,1,0,0.9769353866577148
2317,Hahahaha Chanel having a bitch fit when Munsch was removing her points. That was hilarious! #ScreamQueens,0,0.1759,1,0.4083333333333334,1,1,0.9973493814468384
2318,Against no team has Luis Enrique lost more games as a manager than against Real Sociedad #fcblive [opta],0,-0.5423,0,0.35,1,0,0.976796567440033
2319,Fight me.,0,-0.3818,0,0.0,1,0,0.8153014183044434
2320,@user oh my😱 yes please #BlackFriday #Hatchimals,1,-0.2023,0,0.0,1,0,0.9796381592750549
2325,.@sgtreport his research is the gold standard. Whenbi say this looks like a drug deposit based on it. Is no small thing. Iris location 2/3,0,0.0772,1,0.0625,1,0,0.9953821301460266
2326,169 Members of Congress Issue DEMAND That Trump IMMEDIATELY Dismiss Steve Bannon (DETAILS) via @user Report,0,-0.3034,0,0.0,1,0,0.9987356066703796
2327,@user will provide federal funds to have an agency like Blackwater be contracted to hire public school teachrs,1,0.3612,1,0.0,1,0,0.9941864013671875
2328,.@JoyAnnReid @user  been saying media must stop providing cover to racists with euphemisms chosen by white supremacists themselves.👀,0,-0.7717,0,0.0,1,0,0.9977573752403259
2329,Lord Monckton: The Leftists System Is Political Satanism,0,0.0,1,0.0,1,0,0.991354763507843
2332,"Bernie Sanders may be a white supremacist, dudes. Has he been a crypto-Nazi all these years?https://t.co/JW44QX3GuD",0,0.128,1,0.0,1,0,0.9951672554016113
2333,@user These mother**kers know how to protest -Trump inauguration will be the same,0,-0.25,0,0.0,1,0,0.9980202913284302
2334,@user (without the Gilmore Girls) 4. Madeline 3. Finn 2. Zack 1. Lane or Sookie.But I ❤ them all! #GilmoreGirlsTop4,1,0.6696,1,0.0,1,0,0.9285463094711304
2335,Because Water is our Human Right!  Step off our land!,0,0.0,1,0.2232142857142857,1,0,0.9736263751983643
2336,#Saakashvili was also an insult to the #Georgia|n people,0,-0.5106,0,0.0,1,0,0.9990800619125366
2337,"RT @user Remember, the alt-right aren't trying to win outright. They're going full Nazi to make the new Trump regime look moderate.…",0,-0.4717,0,0.4287878787878787,1,0,0.9984906911849976
2338,Nope.  You can stop listening to Maduro tho,0,0.2235,1,0.0,1,0,0.9966813921928406
2341,"@user To those who think of alt-rightists as Nazis, what percentage of them are racists in the sense of hating non-whites, or Jews?",0,-0.7783,0,0.0,1,0,0.9899307489395142
2342,@user i'm feeling that The democratic party  was the shittiest candidate honest with corruption in voter suppression causing,0,0.2732,1,0.6,1,0,0.998776376247406
2343,#Valentines #Gifts NEW Ted 2 in Jersey 24-Inch R-Rated Talking Plush #TeddyBear SALE,1,0.0,1,0.13636363636363635,1,0,0.9732513427734375
2344,@user yo! Hot #uber driver last night 😝 #TurkeyDay 🦃,1,0.0,1,0.125,1,0,0.9901309013366699
2346,"Americans NEED TO PUSH AGAINST THIS WHICH ALLOWS ANYONE TO VOTE, INCLUDING ILLEGALS~write your congressman today!https://t.co/bozz1PJGyy",0,0.0,1,0.0,1,0,0.9850717782974243
2350,@user You don't need them when you have Kim Jong-un,0,0.0,1,0.0,1,1,0.9246949553489685
2354,#UK gov rejects critics of #Libya attacks 'protecting civilians' 9700 #NATO sorties 7700 bombs dropped but only 60-…,0,-0.5647,0,0.0,1,0,0.9894997477531433
2355,something something Clinton Foundation something... nevermind I've got nothing here,0,0.0,1,0.0,1,1,0.9168819785118103
2356,@user but with none of the legitimacy. Compare Maduro and Chavez. Hopefully it signals the collapse of the regime.,0,-0.1901,0,0.0,1,0,0.9988707900047302
2357,"@user drone strikes, and how she helped fund Al Qaeda and Isis?",0,-0.3612,0,0.0,1,0,0.9973182082176208
2358,.@MikeYenni Better call Mike Pence. Maybe he can shock you back. #FuckingGOPHypocrite #ResignNow #UniteBlue,0,0.0772,1,0.25,1,0,0.931660532951355
2359,What?Model If this through your company you steal millions of dollars to medicare and have the highest fine...…,0,-0.4939,0,0.0,1,0,0.9978846907615662
2360,"Poroshenko's rating dipped to 11%, less than ""unpopular"" Yanukovich ever had - 17%",0,0.0,1,-0.16666666666666666,0,0,0.9994478821754456
2361,@user @user I don't think that free Persona 5 theme is ever coming to Europe. Atlus has lied to us.,0,-0.6488,0,0.4,1,0,0.9959778189659119
2362,LMFAO. A white person pretending to be a Jew isn't a Jew. Ask the Nazi's. Her children don't qualify as Jews.,0,0.6841,1,0.0,1,0,0.9993046522140503
2363,90's-00's Bob Dylan just put out 10-track heaters for albums that shit legendary,1,-0.5574,0,0.4,1,1,0.9484454989433289
2367,UK Department for International Development has given @user highest possible rating in its latest Multilateral Development Review #vaccines,1,0.0,1,0.15,1,0,0.8313661813735962
2368,"@user ~ Thanks to Due Process, this piece of trash has choices- We can only hope that Soon he'll get what he deserves the Death penalty!",0,-0.3382,0,0.025000000000000005,1,0,0.9784194231033325
2370,"@user @user @user Just explaining why I'm pro death penalty. You kill, you should get the same.",0,-0.9118,0,0.0,1,0,0.996587872505188
2371,@user The only consolation to this nightmare is that #NotMyPresident will take you & @user down with him.,0,0.0,1,-0.07777777777777778,0,0,0.9984915256500244
2374,THIS FOO PUT A ICE PICK THROUGH HIS HAND AND IT DID NOT BLEED HE DID THIS NOT ONCE NOR TWICE BUT THREE TIMES FUCKING DAVID BLAINE,0,0.2732,1,-0.6,0,0,0.8093050718307495
2375,25% off TODAY ONLY! #BlackFriday for .@TheDemocrats #NotMyPresident…,1,0.0,1,0.0,1,0,0.9968811273574829
2376,Arizona Democrat: 'We have a duty to treat Trump like the threat he is' #NeverTrump #TrumpTransitionTeam,0,0.2023,1,0.0,1,0,0.9702933430671692
2379,Sen. Warren wants investigation of Trump's transition team Pocahontas pussy lies as much as that crotch Hillary!,0,-0.4753,0,0.225,1,0,0.9940477609634399
2381,where can i get me a ricky martin,1,0.0,1,0.0,1,0,0.9367982745170593
2383,Helping Melania work on her next Michelle Obama speech.  #KeepsTrumpUpAtNight,0,0.296,1,0.0,1,0,0.9287623167037964
2385,@user Comey CROOKED as HRC,0,0.0,1,0.0,1,0,0.9985803365707397
2387,#FidelCastro dear liberals you forgot the camps he put aids patients in,0,0.3818,1,0.0,1,0,0.9758636951446533
2391,@user Time for Seal Team 6 to pay George Soros a visit. 💩🔫,0,-0.1027,0,0.0,1,1,0.6420928835868835
2392,📷 Playing robots in the Himalayas,1,0.2023,1,0.0,1,0,0.9286091327667236
2394,No one said a word when Speaker Pelosi flew from Ca. to DC 3x/week on a pvt jet at a cost to taxpayers of $60K per flight or $5.7M per year,0,-0.296,0,0.0,1,0,0.999100923538208
2395,did melania ever apologize for stealing michelle's speech?,0,-0.5106,0,0.0,1,0,0.990494966506958
2397,After some 4 months of vegetarianism..it's all the same industry. #cutoutthecrap,0,0.0,1,0.0,1,0,0.9976097345352173
2398,"*@SnowflakesCharm says to @user ""You don't know the HALF of it dude!!..""*",0,0.0,1,-0.26041666666666663,0,0,0.9985456466674805
2399,FASCIST NAZI TRUMP owes $650M to COMMUNIST CHINA & RUSSIA! They own the RACIST SON OF A BITCH! Putin has TRUMP'S BALLS! #janesville #erie,0,-0.9475,0,0.9375,1,0,0.9710085391998291
2400,"@user you have California drivers licenses for illegals, and you have California motor voter registration and voting. COUNT THEM.",0,0.0,1,0.0,1,0,0.9872440695762634
2401,@user @user I read one for Medicaid expansion and it almost made my eyes bleed I swear.,0,-0.0516,0,0.0,1,0,0.9952859282493591
2402,fidel's dead maduro or donald trump better be next,0,-0.34,0,0.09999999999999999,1,0,0.9956597685813904
2404,@user please look into why old people at Serenola Pines take drug money to supplement their social security money,0,0.5719,1,0.06666666666666667,1,0,0.9847012758255005
2405,Yet those that screamed the Clinton Foundation had to be wound down are suddenly just fine with this and huge Int'l…,0,0.2023,1,0.16527777777777777,1,1,0.999683141708374
2406,more opposition than Obama drone strikes on US citizens?: Can Trump send American citizens to Guantanamo Bay? - CNN,0,-0.4329,0,0.25,1,0,0.9960585832595825
2410,Trump's potential cabinet pick suggests a vetting process for immigrants nobody in Trump campaign would pass.…,0,0.0,1,0.0,1,0,0.8922920227050781
2411,"You know that Eastern #Aleppo is under siege by #Assad, #Putin, #Iran & #Hezbollah? There is no way out.https://t.co/A1Gobky3SG",0,-0.296,0,0.0,1,0,0.9976761937141418
2412,"@user You, Comey, Bernie bros, 3rd Party and the GOP w/ their voter suppression gave us Trump. Own it!",0,0.4574,1,0.375,1,1,0.9951809644699097
2414,I really want to try the #MannequinChallenge,1,0.1513,1,0.2,1,0,0.7620044350624084
2415,This David Blaine movie is absolutely blowing my mind😍 @user,1,0.4588,1,0.2,1,0,0.9960315823554993
2416,@user @user @user Fracking art work should have CPS investigating but than maybe kids r welcome at strip clubs too!?,0,0.6476,1,1.0,1,0,0.9978500604629517
2418,"@user CA voter registration system is set up for illegals, min req ID to get DL, voter registration is automatic unless not requested",0,0.0,1,0.0,1,0,0.9931201934814453
2419,"I think if there is an ""alt-left,"" it's divided by actual Green Party homeopathy/alt medicine people, and contrarian dickheads like this guy",0,0.6369,1,-0.1,0,0,0.9985660910606384
2420,Genocide doesn't take a day off! #NoDAPL #Unconstitutional #PoliceBrutality #StandingRock #HumanRights #KelcyWarren…,0,0.0,1,0.0,1,0,0.9838444590568542
2421,@user Because in places where your vote is tracked you get a visit the next day from Kim Jong-Un.,0,0.0,1,0.0,1,0,0.5845028758049011
2422,"@user  Can you say ""out of touch"" -- Does ""Mitch"" understand this ""regular person"" is part of the basket of deplorables!",0,0.0,1,0.0,1,0,0.9945746064186096
2424,Tampa Teen Beaten by Israelis to Speak with UN #jerusalem #palestine #israel #BDS #gaza,0,-0.4215,0,0.0,1,0,0.9982661604881287
2425,@user Hillary got quite a few more votes but your man won the electoral college vote. It doesn't follow that Repubs 'crushed' Dems,0,0.3291,1,0.06666666666666667,1,0,0.9809610247612
2427,@user trump calls u lying ted. says your father was involved in murder of jfk.  And he has dirt on your wife. Compared her to melania.,0,-0.8885,0,0.0,1,0,0.9960907101631165
2428,Ultrasound and Thermography needs to be the gold standard!,1,0.0,1,0.0,1,0,0.9970241189002991
2429,#Ukraine: Saakashvili calls for anti-government protests this Sunday. Demanding snap elections,0,-0.4215,0,0.0,1,0,0.9824941754341125
2431,Must be a really big basket of deplorables,0,0.0,1,0.0,1,0,0.9939934611320496
2432,@user @user @user @user Chomsky makes Michael Moore look like an amateur in this regard,0,0.3612,1,-0.25,0,0,0.998920202255249
2433,Please no Globalists for Secretary of State #NeverRomney#DrainTheSwampNOT#FillTheSwamp,0,0.0258,1,0.0,1,0,0.9976180195808411
2434,America has done exactly what Putin wants. Aren't we proud?,0,-0.3724,0,0.4166666666666667,1,1,0.9860825538635254
2436,"Entrepreneurship is about risk-taking, this time it is paying off. #teachecon #Hatchimals #K12EconEd #shortage",1,-0.25,0,0.0,1,0,0.9785370826721191
2437,Israel 'directly targeted' children in drone strikes on Gaza: rights group  #gaza #palestine #israel #BDS,0,-0.3612,0,0.1,1,0,0.9925830364227295
2438,Ashley Graham rocks barely there makeup on her first Vogue cover,1,0.0,1,0.15,1,0,0.9990193843841553
2440,#VaughanRadio @user @user we don't support #NationalFastFoodDay  it's not sustainable. It's better to cook yourself,0,-0.5667,0,0.5,1,0,0.9996250867843628
2441,I'm pretty sure Tony Romo will never through another pass in the NFL.,0,0.6705,1,0.375,1,1,0.9837145209312439
2442,"When Steve Bannon watched Mississippi Burning, did he root for the Klan?  Just curious.",0,0.3182,1,-0.1,0,0,0.9781382083892822
2443,Woah that is whole lot of STDs for one single woman to have 😳😅 #ScreamQueens,0,0.3612,1,0.0642857142857143,1,0,0.9977128505706787
2444,#ThankYouObama for creating the strongest @user in almost a century and electing @user,0,0.6249,1,0.0,1,1,0.9997989535331726
2445,Apparently now Chomsky is not pure enough for the leftists.,0,0.0,1,-0.019047619047619046,0,0,0.9994974136352539
2446,#fbf to shaking my bon-bon 🍑with the legend @user a few months back. I'll be back with…,1,-0.1779,0,-0.06666666666666667,0,0,0.983873188495636
2448,@user  @user you throw that pass better than anyone man!,1,0.4926,1,0.625,1,0,0.9047552347183228
2453,@user @user @user @user @user what Fantasy world do u live in? The nazi regime,0,0.0,1,0.13636363636363635,1,0,0.9971012473106384
2456,Watching old episodes of The West Wing & realize Martin Sheen has more experience to run the US than our president-elect.#StillWithHer,0,0.0,1,0.3,1,0,0.9797798991203308
2457,#Entertainment #Buzz ZAC EFRON HANDSOME BEEFCAKE HUNK IN UNDERWEAR ON SET REAR CANDID PHOTOGRAPH…,1,0.7739,1,0.55,1,0,0.5728031992912292
2463,Melania Trump has decided she will champion cyber bullying as FL. She  should probably start with the person who sleeps next to her. wwwwwww,0,0.0,1,0.0,1,0,0.9931309819221497
2464,Report: The rickety finances behind the Dakota Access Pipeline. #NoDAPL @user @user @user,0,0.0,1,-0.4,0,0,0.9988376498222351
2465,@user @user @user #NBAwards Let's unearth more such jewels of #Bengaluru,1,0.507,1,0.25,1,0,0.9269180297851562
2466,Kim Fatty the Third. 🇨🇳 🇰🇵,0,0.0,1,-0.1,0,0,0.9704566597938538
2467,"Beppe Grillo ""A lesson for all: you can not lie to the people forever without suffering consequences""https://t.co/Z1O93m5zJ1",0,0.3724,1,0.0,1,1,0.99781334400177
2468,@user help me with my wedding  $$,1,0.4019,1,0.0,1,0,0.7655936479568481
2471,@user I guess you need a reading lesson Charlie,0,0.0,1,0.0,1,0,0.9969160556793213
2472,Pretty much convinced that David Blaine isn't human.,1,0.7096,1,0.15,1,0,0.9973669648170471
2474,Michael Moore is speaking much truth. This should have come out before the election. Remember when she hyphenated her name & folks flipped?,1,0.3182,1,0.2,1,0,0.6344972848892212
2477,going to Stop PlayingGames @user of these days w #ISIS ?…,0,-0.296,0,0.0,1,0,0.9996943473815918
2479,4.) Michael Moore even warned the MSM that Trump's victory in a Michigan was a near certainty. They ignored him.,0,-0.34,0,0.1,1,0,0.9970592260360718
2482,"The courts will come to the rescue?The courts are the ones enforcing these laws,they are trying to bring back Jim C…",0,0.0,1,0.0,1,0,0.9867321848869324
2483,MN MOST LIBERAL STATE IN US THANKS TO TWIN CITIES MIGRANTS & LEFTISTS. LOOK AT REPORT ON MN DECRIMINALIZING CHILD SEX ABUSE IT'S SICKENING!😡,0,-0.7734,0,0.35,1,0,0.9887943863868713
2485,"@user You probably also think building a wall on the Mexican border is a ridiculous idea, like most normal human beings do ! 😐",0,0.0,1,0.06333333333333332,1,0,0.9993070363998413
2486,Deep Learning (artificial intelligence) matters. Essentially what @user said at #perconalive last year,1,0.4939,1,-0.15,0,1,0.9932495355606079
2487,"Overt #KremlinTrolls will ReTweet covert ones who bash #Ukraine, to advance the Kremlin narrative. Subtle it is not.",0,0.0,1,-0.3333333333333333,0,0,0.9989533424377441
2489,TRUMP DROPS A BOMBSHELL ABOUT HIS PLANS FOR BEN CARSON. HE WANTED TO BE PRESIDENT JUST BECAUS HE FIGURED WON'T WIN?,0,-0.4717,0,0.8,1,0,0.9819918274879456
2490,"@user if this were true, it would be good... Because Assange would target Marine Le Pen",1,0.6908,1,0.5249999999999999,1,0,0.9953521490097046
2492,The Anti-Trump Riots are a Smoke Screen,0,-0.5106,0,0.0,1,0,0.7634533047676086
2493,"Jihadists: another bridge in #Mosul was bombed by coalition forces, rendering three access bridges out of commission so far. #MosulOffensive",0,0.0,1,0.1,1,0,0.9991598129272461
2494,And it officially starts!! Winter Sports kick off today!! Lady Red Devils at Fairmont 6/7:30pm. Go Tipp!!,1,-0.7067,0,0.0,1,1,0.9984723925590515
2495,My guess is that Republican vote is depressed in CA and NY because it really doesn't matter. Dems then cite popular vote for Hillary?,0,-0.2149,0,0.4,1,0,0.9990781545639038
2496,Famliy hittin the #mannequinchallenge & #hitemwiththeshoulders all at once. Lit this Thanksgiving 🔥,1,-0.34,0,0.0,1,0,0.9887147545814514
2497,"@user if michele obama was attacked and melania praised for same speech, same thing",0,0.0516,1,0.0,1,0,0.9899132251739502
2498,@user True. But there's a question that still needs to be answered: What if autism causes vaccines?,0,0.2263,1,0.35,1,0,0.9968372583389282
2503,which one would you prefer to listen to for a whole day? 😍🤘🏼; i could never choose #arianagrande #IntoYou #SideToSide #songs #Poll,1,0.4588,1,0.2,1,0,0.9838203191757202
2504,Fact 4:Trump is adding white supremacists to his teamFact 5: Trump is attacking the fundamental right of freedom o…,0,0.0516,1,0.14285714285714285,1,0,0.9135573506355286
2506,Why would rich people want a job? Expecially one that they have NO experience? Could it be power/ Greed? #UniteBlue…,0,-0.3123,0,0.375,1,0,0.9957022070884705
2507,"Western ISIS adventurism, Israel behind Hamas: Assange revelations  #assange #hamas #israel #palestine #BDS",0,0.3612,1,-0.2,0,0,0.9850029349327087
2510,"@user of course, it has nothing to do with Saakashvili. Oliver Stone has made ideal propaganda film, and Putin could get his oscar",0,0.34,1,0.4,1,1,0.6721112728118896
2512,@user Medicaid is not supposed to be a vehicle to redistrib wealth. Its used as one. The fraud is the fed govt abusing taxpayers,0,-0.5574,0,0.0,1,0,0.9965638518333435
2513,"@user @user Also, learn what the Electoral College is. Popular vote is a BYPRODUCT not a basis for our elections.",0,0.4215,1,0.6,1,0,0.9969030022621155
2514,People are boycotting these 50 brands to protest Trump via @user,0,-0.5719,0,0.0,1,0,0.9972334504127502
2515,This...is upsetting and a manipulative way of diverting the conversation about gun control.,0,-0.6705,0,0.0,1,0,0.9975389242172241
2516,Happy Thanksgiving from a couple of bad hombres! #movember #firefighters #thanksgiving…,1,0.126,1,-0.03749999999999987,0,1,0.9959558844566345
2520,World War III will start by Trump calling Kim Jong Un fat via twitter,0,-0.5994,0,0.0,1,0,0.9728096723556519
2521,"@user @user @user conservatives used to pride themselves on being grounded, practical, down to earth, not fantasists. #change",0,0.34,1,-0.15555555555555556,0,0,0.981918454170227
2523,"In Aleppo, Death Is Everywhere #UKPolitics",0,-0.5994,0,0.0,1,0,0.9952770471572876
2524,@user @user @user @user @user Trump no statements on this? I hope Melania/Barron NEVER move to DC,0,0.1779,1,0.0,1,0,0.9978489875793457
2525,@user @user Trump is not a Republican selected by the Bilderberg Group. The Democrats are funding Anti Trump Riots. It's Not over.,0,-0.6808,0,0.0,1,0,0.9851095676422119
2527,"The true parallel for #ItalyReferendum is brexit, you uninformed drama queens. We just saved democracy.",0,0.6808,1,0.175,1,0,0.986194372177124
2528,Can't wait til @user starts twitter beefing with Kim Jong-un from the official @user twitter account.,1,0.0,1,0.0,1,0,0.994337260723114
2529,"every time i think about melania's speech i die laughing. HELLO. *airhorns*hello, i am proud to be- HELLO. *airhorns-* HELLO.",0,0.34,1,0.8,1,1,0.9996405839920044
2530,"@user It was the beginning of the Civil War just ending. After riots conservatives went hunting for libs, lead to rebels forming",0,-0.8402,0,0.0,1,0,0.9884548187255859
2531,@user @user while humorless conservatives are a pleonasm,0,-0.3182,0,0.0,1,0,0.9935131669044495
2533,"NOT OVER YET.  If Germans had resisted Hitler's rise to power, millions would not have died. Trump wants $$, not re…",0,0.4449,1,0.2,1,0,0.990587592124939
2534,"@user Becoming painfully obvious of late ""The Hill"" losing credibility. Planted story by some Trump transition disgruntles.",0,-0.7184,0,0.05000000000000001,1,0,0.9998063445091248
2536,Pillar of the #Chappaqua community an outcast after backing Trump Petty libs#tcot #uniteblue #Clinton #ows #tlot,0,-0.1779,0,0.0,1,0,0.9907765984535217
2537,"""North Carolina Republicans passed a “monster” voter-suppression law that required strict photo ID""",0,0.0,1,0.0,1,0,0.9925963878631592
2538,#Syria #Palestine -  Calling All Believers ᴴᴰ ┇ Powerful Speech ┇ The Da... via @user,1,0.4215,1,0.3,1,0,0.9461842179298401
2539,Iraqi militias claim to have isolated IS-controlled #Mosul #MosulOffensive,0,-0.3182,0,0.0,1,0,0.9912524819374084
2540,Happy Thanksgiving ya buncha bad hombres!! @user @user @user @user @user @user @user,1,0.1984,1,-0.09999999999999998,0,0,0.9980108141899109
2542,"Happy Black Friday, sluts! Shop until you drop! Who's purchasing a pink jeep? #ScreamQueens 💋",1,0.3147,1,0.1465277777777778,1,0,0.9861815571784973
2543,#KeepsTrumpUpAtNight Should I build that wall around the entire America or on the Mexican border only???,0,0.0,1,0.0,1,0,0.9964078068733215
2544,@user @user Liberals never do anything that makes sense. Why start now?,0,0.0,1,0.0,1,0,0.9996145963668823
2547,Ep 8 of #ThisIsUs got me in tears :/ Can't wait for next week!,1,-0.5562,0,-0.125,0,0,0.8009393811225891
2548,"@user @user when did I do that? The minute I tweeted that, everyone replying to my tweet was being hateful.",0,-0.4939,0,0.0,1,0,0.998939573764801
2549,The eternal Nazi-German must be kept down at all costs.,0,0.0,1,-0.15555555555555556,0,0,0.9945214986801147
2550,@user @user @user @user yeah Grayson Allen didn't exist last year or anything. K dude....,0,0.296,1,0.0,1,0,0.9990472197532654
2552,"@user @user @user @user Reagan wasnt for gun control then he saw some Blk Panthers with guns,then he was forit",0,0.2584,1,0.0,1,0,0.9974725842475891
2553,What was SO infuriating was all the moronic Deplorables just LOVING Assange w/o even realizing what was actually ha…,0,-0.6541,0,0.0,1,0,0.993564784526825
2555,"@user traded a portion of the rotation and picked up a fucking short-stop. What a dumb move honestly, watch Walker win Cy Young 😪",0,0.5423,1,0.10500000000000001,1,0,0.9853755831718445
2557,@user @user @user Tho I wrote 2 PM this wk (1st time ever) 2 protest Trump rhetoric & tactics now used by him & his.,0,-0.25,0,0.0,1,0,0.9937305450439453
2558,5. I'm still not mad I'm not dating zac Efron,0,0.3875,1,0.3125,1,1,0.9960166811943054
2560,Walton family earns more than 130 million Americans - and food stamps and Medicaid funds used to subsidize its low wage earners,1,-0.2732,0,0.25,1,1,0.9391075372695923
2561,Tony Romo auto contest prize out of Huddle,1,0.5106,1,0.0,1,0,0.9330287575721741
2562,Left-wing activists chide police for... doing their job,0,0.0,1,0.0,1,0,0.9956862926483154
2564,"American Own rejects Mosque, sued by Obama Administration! #blackfriday #DayAfterThanksgiving #BanMosques",0,-0.5411,0,0.375,1,0,0.989660382270813
2565,China websites blocks searches for “Fatty Kim the Third.” Many in China uae the the term to describe rotund North Korean leader Kim Jong Un.,0,-0.2263,0,0.09999999999999999,1,0,0.9948746562004089
2567,"When you're doing research for a paper & you find that China censored ""Kim Fatty the Third"" from internet searches to protect Kim Jong Un 😂",0,0.5994,1,-0.1,0,0,0.9993060827255249
2568,"Vile tyrant #FidelCastro not only oppressed #Cuba but also helped to decimate #Venezuela. No #Castro, no #Chavez, no #Maduro. 😡@lisskron",0,0.0235,1,0.0,1,0,0.9853357672691345
2569,Women Are Planning to Strike to Protest Donald Trump’s Election #TrumpProtest #NotMyPresident #StillWithHer,1,-0.3612,0,0.0,1,0,0.9896921515464783
2571,@user Let people like @user choke on air pollution and let them figure out how to survive when fossil fuels run out.,0,-0.25,0,0.0,1,0,0.9935150146484375
2572,"Seems everyone is dusting off the ""what if....there was a nuke"" info.",0,0.0,1,0.0,1,0,0.999371349811554
2573,@user I think it takes tremendous teamwork to achieve military objectives. Gold standard. Thus the comparison.,1,0.0,1,0.07777777777777777,1,0,0.9786916375160217
2574,"I will not buy Mac makeup. Not because I am against animal testing,but because I cannot afford it.",0,0.0,1,0.0,1,0,0.9989124536514282
2575,"Is Trump's Cabinet, The David Dukes of Pennsylvania Ave.? Hear our Bob Dylan: Trump protest song. #RobbingUsBarren",0,-0.25,0,0.0,1,0,0.9657617807388306
2576,42% OFF! JUSTIN VERLANDER Pennant Base Bobblehead Home Detroit Tigers #sports #forevercol…,1,0.0,1,-0.8,0,1,0.5451180338859558
2577,"First Drive: Tesla Model S P100D - It may look like a garden-variety Model S, but Tesla's latest packs the bigg...",1,0.1901,1,0.375,1,0,0.9590491056442261
2578,its 2016 and there are people who think gay marriage and abortion should be illegal and every person should carry a gun. Really?,0,-0.7184,0,0.038888888888888896,1,0,0.9949821829795837
2582,@user - Martin Bryant's weapons & ammo' were all legally obtained. PM Howard gave us strong gun control laws #Nationals trash them,0,-0.1531,0,0.31666666666666665,1,0,0.9974935054779053
2584,"THIS Was Just Revealed About Hillary’s So-Called ‘Popular Vote Win’, She’s BUSTED!",0,0.0,1,0.8,1,0,0.9892149567604065
2585,"@user @user IMO, it was a unique shitstorm of about 12 reasons and unlikely to be duplicated. Dems need to hold their values",0,0.4019,1,-0.0625,0,0,0.9641461968421936
2586,Bet you the one that leaked Michelle's speech to Melania too huh? #ShudaKnownSas,0,-0.3182,0,0.0,1,0,0.9973107576370239
2588,"In his address, ousted #Ukraine president #Yanukovych reminds us that he, like #Putin, is a bald-faced liar with no regard for human life.",0,-0.4588,0,0.0,1,0,0.9974358677864075
2589,"How many homeless could we feed w/ funds req’d to protect Melania #Trump in NYC? (1 mil / day for NYPD) @user should chip in, no?",0,0.4515,1,0.5,1,0,0.9995079040527344
2590,"@user @user @user your not nasty your a born loser, you forgot, 4Americans are dead, NOT with there families!",0,-0.7243,0,0.125,1,0,0.9932196736335754
2593,"Slaving for minimum wage, being taunted and rejected. We're basically invisible.",0,-0.5106,0,0.0,1,0,0.9993465542793274
2594,Much better 'Old White Guys' than obama's 'Ignorant Black Guys'!BHO has mostly Black Admin.So Trump has mostly Wh…,0,0.2714,1,0.12083333333333333,1,0,0.883072555065155
2595,#FidelCare and #Obamacare are very similar.#FidelCastro #WorstPresidentEver - Both praised by #LiberalStupids,0,0.4939,1,0.2,1,0,0.9137861728668213
2597,i just told bea i wanna try vegetarianism and she thinks it's a joke and i won't last,0,0.296,1,0.0,1,0,0.9994161128997803
2598,Putin: Saakashvili's appointment as Odessa Governor was 'insult' to Ukrainians,0,-0.5106,0,0.0,1,0,0.999430239200592
2601,Great @user need to keep a check on this Disaster of a new administration! @user @user,0,-0.2656,0,0.48522727272727273,1,0,0.9994902610778809
2602,i can't believe george soros personally murdered julian assange by force-feeding him money #rip #pizzagate,0,-0.6597,0,0.0,1,0,0.9958676099777222
2603,@user @user both Obama and Clinton were anti gay marriage just a years back too.,0,-0.3182,0,0.20833333333333334,1,0,0.9884748458862305
2604,"One year on- #Libya 's #UN & #US "" sponsored political agreement"" produced NOTHING but more bloodshed-- It is time to bury that dead horse ?",0,-0.705,0,0.09999999999999999,1,0,0.997863233089447
2606,Go figure! Clinton Foundation’s hurting without a highly placed influence peddler: By  Doug Powers  #conservative,0,-0.4574,0,0.16,1,0,0.7869283556938171
2608,@user @user a twat of white supremacists?,0,-0.7506,0,0.0,1,0,0.9978419542312622
2612,This bullshit is exactly what Melania speech was about.  Rumors about 10 y.o child.  Internet bullies.,0,-0.5859,0,0.25,1,0,0.999336302280426
2617,"P.S. Y'all could have told me Yolanda Adams ATE ""Glory"" with Common on #ThankYouObama 🙌🏾",1,0.5423,1,-0.3,0,0,0.9454808831214905
2618,Will failing to learn lessons from #Libya be played out in #Mosul stabilisation?,0,-0.2263,0,0.0,1,0,0.9997236132621765
2619,"@user And that doesn't include #Comey, voter suppression & intimidation if they can all be investigated. It was gross fraud.",0,-0.8658,0,0.0,1,0,0.9994749426841736
2624,. @user is going to be on @user tomorrow. #GilmoreGirlsTop4,1,0.0,1,0.0,1,0,0.7617875337600708
2628,#RealNews: It’s now official; #Russia & #Hezbollah are now coordinating operations in #Syria ⬅️ Great news 😎https://t.co/58SRD1riqa,1,0.7964,1,0.8,1,0,0.9663307666778564
2629,Sore Loser Dems Already Demanding Govt Investigation into Trump Transition Team on Fox news 11/25/16: via,0,-0.7783,0,0.0,1,0,0.9959936141967773
2631,"Michael Moore Just Escalated Twitter War With Trump, “You Haven’t Seen ____”, Holy Sh*t -",0,-0.5994,0,0.0,1,0,0.9948467016220093
2633,"@user @user I am willing to hear pro death penalty opinions, but at this point the DP is inneffective due to decades of appeals",0,-0.5346,0,0.0625,1,0,0.9913198351860046
2634,"@user @user Madam, of all the people, ehy did you go to Dy FM of a country that's bankrupt? Next, iview of Nicolas Maduro???",0,-0.6767,0,0.0,1,0,0.9991403818130493
2636,‘Kim Fatty the Third’,0,0.0,1,-0.1,0,0,0.8530983328819275
2637,"Trump ""I'll wait and see"" - #Dems/#Liberals claim ""Attack on peaceful transition of power!!""Hillary recount: ""It's her devine right!!""",0,0.3111,1,0.4185267857142857,1,1,0.9247673153877258
2638,sakit cen wong iki #ABCGO — watching David Blaine: Beyond Magic,1,0.0,1,0.5,1,0,0.9689190983772278
2639,"Some1 sent me #Hamas green flag attached 2 this @user tweet, *directly in2 my phone* but I'm blockd from posting it.",0,0.0,1,-0.05,0,0,0.9993231296539307
2642,The rise of the white men determined to control what women do with their bodies @user #thepool,0,0.34,1,0.0,1,0,0.9670639634132385
2644,@user  @user @user  Senator Warren please get out to #StandingRock and make sttmnt. #NoDAPL  is #Bernie alone??,0,0.168,1,0.0,1,0,0.9978048205375671
2645,The popular vote has never mattered it's a lie. Look at the election of 1824,0,0.4215,1,0.6,1,1,0.6241461634635925
2647,"@user but he's trash. The full on rant he did where he said animal testing ""is okay."" And an ""opinion,"" proved that to me.",0,-0.1901,0,0.425,1,1,0.9801550507545471
2649,#NationalFastFoodDay ? Samosas r gr8. Ever tried #chicken and #cheese?https://t.co/1BEuhkdcdJ  @user,1,0.6199,1,-0.6,0,0,0.995786726474762
2650,Israel & friends spends millions NIS on hasbara and anti-Palestinian materials. They are relentless. 🇵🇸#Palestine…,0,0.5106,1,0.0,1,0,0.9973251819610596
2651,ONE WEEK TO GO!! #BeautyAndTheBeast #panto #ohnoitisnt #ohyesitis,1,0.0,1,0.0,1,0,0.9922289252281189
2652,What will it take for them to stop this madness?,0,-0.6783,0,0.0,1,0,0.9967162609100342
2654,Peter Thiel insider picked to oversee Trump's Defense Department transition Drone strikes against pesky journalists?,0,-0.4939,0,0.0,1,0,0.9940791130065918
2656,"#Islam is a ideology, theology, and psychology of terrorism, hypocrisy and deceit. #islamic #palestine #ISIS #hamas",0,-0.8225,0,0.0,1,0,0.9768171906471252
2658,Bob Dylan — Tombstone Blues #WNRNradio,1,0.0,1,0.0,1,0,0.628291666507721
2659,"@user President Obama says a lot of things.  Thank GOD that's coming to an end, I know Obama Admin have been harassing you too",0,0.2103,1,0.0,1,0,0.9969443678855896
2661,"Have you watched the trailer of #BeautyAndTheBeast yet?If you didn't, watch it right now.@EmmaWatson",1,0.0,1,0.2857142857142857,1,0,0.9508693218231201
2662,@user COMEY COUP.,0,0.0,1,0.0,1,0,0.9904156923294067
2663,@user I battled pain inside of me in the most sensitive place on a womans body cause of abortion my pregancy is high risk now,0,-0.765,0,0.25333333333333335,1,0,0.9662662744522095
2665,I'm watching this Michael Moore comedy skit on Showtime that was done BEFORE an election. Damn if he wasn't right. LOL!,1,-0.5214,0,0.6428571428571428,1,0,0.9889978766441345
2666,@user @user steve bannon is not any worse than hilary clinton .trump cant be worse than the democrat,0,0.6259,1,-0.4,0,0,0.9958944320678711
2667,@user is it foggy? Foggy and cold in Tipp all week...,0,0.0,1,-0.6,0,0,0.997780978679657
2668,"Australia & Norway played fast & lose w/taxpayer $$ donated to Clinton Foundation. 👎🏼Pay 2 play arms deals, perhaps?",0,0.2732,1,0.2,1,0,0.9647951126098633
2669,"Let all of us kukuma just be carrying guns about, then we'll probably be need one of them gun control legislations. Ugh!",0,-0.6696,0,0.0,1,0,0.9990928173065186
2670,Ukraine tweeter is sarcastic after the EU's Juncker said Poroshenko is to cancel wood export ban. Futuristic pic of…,0,-0.765,0,0.1,1,0,0.9896279573440552
2671,NO! Yes #Iraq human catastrophe (led to #ISIS) caused by #Bush/#Blair but #Putin/#Assad resp fr slaughter in #Syria…,0,-0.2828,0,0.0,1,0,0.9859850406646729
2674,"Each of the Trump appointees is awful, but in specific ways. Let's learn about Ben Carson's anti-affordable-housing…",0,-0.25,0,-0.5,0,1,0.8887240886688232
2675,Am I the only one that thinks #Trump is playing w/ #Romney to get back at him for his criticism? Smh. #UniteBlue #libcrib,0,-0.5267,0,0.0,1,0,0.9980602860450745
2676,@user But BECAUSE you spent hours on something you will be more likely to toss money at it. Death is a super harsh penalty.,0,-0.8338,0,0.10666666666666669,1,0,0.9995145797729492
2682,bomani truly thinks tony motherfucking paper bones romo would be a better option for the skins than cousins. what. the. fuck.,0,-0.3612,0,0.04999999999999999,1,0,0.9977655410766602
2683,@user Kc still be thinking Broncos are the shit. Man he is crazier than hell. They the ones wanting Tony Romo 😂,0,0.296,1,-0.2,0,0,0.993081271648407
2685,The United Nations Building from the Hudson.#un #unitednations #nyc #esterbauerhoneymoon @user,1,0.4215,1,0.0,1,0,0.9798005223274231
2687,Your wildest #dreams are on the other side of your biggest #fearshttps://t.co/GkOUmepYJu #DominatingYourMind #DYM…,1,0.4019,1,-0.125,0,0,0.9859049916267395
2688,I might just need FBI for my new social security number that no one else knows including my own blood.,0,0.128,1,0.25656565656565655,1,0,0.9996102452278137
2689,@user @user  I say we Deport George Soros👍👊🇺🇸,0,0.0,1,0.0,1,0,0.8591136336326599
2690,Drones and robots make solar panels more efficienthttps://t.co/PpFj9y8SVz,1,0.0,1,0.5,1,0,0.8521485328674316
2691,@user @user @user @user Tusk is such a twat. But not as big a knob as that pisshead Juncker!,0,-0.4574,0,0.0,1,0,0.9980179071426392
2695,me: DAD LOOK THERES A TRUMP PROTEST IN THE STREETS LETS GOhim: no that's just the asu band,0,-0.6037,0,0.0,1,0,0.9882335662841797
2696,"Studs Terkel to Bob Dylan in 1963 on radio, about song ""Hard Rain Gonna Fall"": ""I think that one's gonna be a classic""",1,-0.1027,0,-0.06250000000000001,0,1,0.9938178658485413
2697,Aiya won't see this face for awhile and obsess over Melania's speech together !1!1!!,0,-0.4885,0,0.0,1,0,0.9877521991729736
2699,Love @user ! We need to see more of her on @user . Maybe replace @user ?,1,0.6696,1,0.5625,1,0,0.97041916847229
2701,Oh my God! Does he have to lick his boots? #uniteblue #notmypresident #TrumpTransition,0,0.3382,1,0.0,1,0,0.9965794682502747
2704,It's been a while since we've had a family drama like #thisisus ❤️,1,0.3612,1,0.0,1,0,0.9904786348342896
2705,@user most arrogant rightists are authoritarian and don't pretend to be liberal.,0,-0.4934,0,0.5,1,1,0.9584235548973083
2706,@user @user your ignorance about the facts associated with euthanasia are utterly reprehensible and irresponsible. Shame on you.,0,-0.83,0,0.0,1,0,0.9996283054351807
2708,"If we had democracy, maybe we'd respect it. Russians, Comey, media all anti-democracy. #NotMyPresElect",0,0.4767,1,0.0,1,0,0.9951367974281311
2709,"@user @user I heard someone say elections have consequences.... Who was that? Reid or Pelosi? oh yes, obama",0,0.4696,1,0.0,1,0,0.9972291588783264
2710,"But looked what happened when Comey helped.If he's an accomplice through ignorance, is he still a traitor?",0,-0.5023,0,0.0,1,0,0.9977853298187256
2711,@user   Obama transferred CENSUS Bureau to be under under White House control WHY ?REDISTRICTING? Happen early in his Admin Pls club,0,0.168,1,0.05,1,0,0.9973514080047607
2716,Today's Tesla cars will become tomorrow's self-driving cars (CNET Update) #windowsphone,1,0.0,1,0.0,1,0,0.9463093876838684
2717,Paying attention @user @user u'll have more abortions if birth control not free! u pro-life & 4 d…,0,-0.4577,0,0.125,1,0,0.9968430995941162
2721,Ever heard of turkey fried chicken? A little late for #NationalFastFoodDay but still hilarious! #FastFood,1,0.5916,1,-0.11562499999999998,0,1,0.9990653395652771
2724,@user @user @user Well by that definition. Obamacare is Fascism. To a degree.,0,0.2732,1,0.0,1,0,0.998753547668457
2726,#TrumpTransitionTeam#Chaotic#disorganizedSlow on - Uptickahhh..#MSM#Pollsters#Polls#usatodayI thinkU are…,0,0.0,1,0.0,1,0,0.9969250559806824
2728,@user Then Media tore into you like no bear even rips its prey; then the TEA is dissed by RINOS; Then Conservatives get stuck in BS,0,-0.1779,0,0.0,1,0,0.9974182844161987
2729,Oh What a Friday it is ! We're too full to be witty #leftovers #thanksgiving #VegetarianThanksgiving #NewYork…,1,0.0,1,0.425,1,0,0.9876846075057983
2730,"@user @user WP doesn't do garbage. If you really don't see Putin's manipulation here, you're choosing not to. imho, of course.",0,0.5605,1,0.2,1,1,0.7196651101112366
2731,"Yes, Let's celebrate the slow death of Americans by the chemicals, MSG, GMOs etc in junk food. Ridiculous... #NationalFastFoodDay",0,0.0,1,-0.31666666666666665,0,0,0.9987455606460571
2733,Steve Bannon: empowering right-wing diehards willing to burn it all down.https://t.co/yS2PH2gayc,0,0.0,1,0.25,1,1,0.9136552810668945
2734,Watching your show ALREADY A WALL/FENCE on the mexican border this is a joke @user @user @user,0,0.296,1,0.0,1,0,0.998849630355835
2736,#Seat down relax get your proportional dose of thanksgiving the word style.,1,0.4404,1,-0.15555555555555556,0,0,0.9832382202148438
2737,😑Ellison swings at Trump in Thanksgiving tweets | TheHill,1,0.0,1,0.0,1,0,0.9264346361160278
2740,"@user Not yet. I have a few books on how to do that, but lately, I've used 3D printing instead. Will use wires if I use clay again.",1,0.0,1,-0.25,0,0,0.998772919178009
2742,"#Turkey #Yemen EU should not freeze accession talks with Turkey, Germany says",0,-0.0382,0,0.0,1,0,0.8435742855072021
2745,"Retweeted Lost In History (@HistoryToLearn):Muhammad Ali hugs Pelé at his goodbye match. He said: ""My friend....",1,0.6249,1,0.0,1,0,0.7417948842048645
2747,"Kate Upton & Justin Verlander: To Hell with Cy Young,  It’s Vatican Time! | TMZ TV",0,-0.7088,0,0.125,1,1,0.9015336036682129
2749,Why did I just watch Michael Moore defending #blacklivesmatter,0,0.0,1,0.0,1,0,0.9957350492477417
2750,'Fatty Kim the Third' is not an OK nickname in China..Read more:,0,-0.3465,0,0.2,1,0,0.9996908903121948
2753,@user when that demon came to Alexandria Rick should have kill him with a bomb lol #thewalkingdead #twd,0,-0.7269,0,0.8,1,0,0.9990606904029846
2754,Donald Trump and the Rise of Alt-Reality Media #MAGA #NeverTrump #ExGOP #CruzCrew #DonaldTrump #UniteBlue #Democrats,0,0.0,1,0.0,1,0,0.8883491158485413
2755,Dear president electArd you going to be a puppet of Paul RyansAnd help him privatize medicare...and or cut social security,0,0.6808,1,0.03333333333333333,1,0,0.9953680038452148
2758,Sure! Carson could do the job worse than anyone! More controversy means more eyeballs!,0,-0.3971,0,0.3125,1,0,0.9845525026321411
2760,"""Samsung Galaxy Note 7 are not allowed in all AirAsia flight""😂😂 apakah",0,0.7003,1,0.0,1,0,0.9879264831542969
2762,@user @user @user @user So why are you trying to ban gay marriage and not trying to ban divorce?,0,-0.1719,0,0.4166666666666667,1,0,0.9934444427490234
2763,"Understandably, no peace can sustained when people continue t... #MikheilSaakashvili #quotation",0,-0.431,0,0.0,1,0,0.9974327683448792
2764,"""Possible to critique leaders/countries/policies/etc x AND y; not mutually exclusive"" - White liberals that can only be found critiquing x.",0,-0.0951,0,0.0,1,0,0.9940337538719177
2765,"""So what do you want for Christmas?""""I dunno, minimum wage would be nice.""#GermanBoss",1,0.0772,1,0.6,1,0,0.9889206290245056
2766,The Ep. Church stopped aid to Nigerian Eps. who refused to accept gay marriage just like Obama & Hillary did. But they would rather go,0,0.128,1,0.4166666666666667,1,0,0.9947379231452942
2768,Remy most def started the shit with truffle butter remix and all the way up remix ...... nicki just released TPP fr…,0,0.6124,1,0.15,1,0,0.9800112247467041
2769,@user hey did you hear that the popular vote is up 2MM for Hillary and it doesn't mean shit?,0,0.6931,1,0.029166666666666657,1,0,0.8098640441894531
2771,I pray the members of the electoral college are paying close attention to the carnage that Deez Trump is causing already.CHANGE YOUR VOTE!,0,0.3802,1,0.0,1,0,0.9978199005126953
2773,Cannot believe an NDP MLA had the audacity to compare one of our ministers to a Nazi. Asbolutely deplorable. #mbpoli,0,0.0,1,-0.6,0,0,0.9983949065208435
2774,@user Much like conservatives whining and moaning over Obama the past 8 years.,0,0.0516,1,-0.024999999999999994,0,0,0.9943536520004272
2775,Hopefully Venezuelans free themselves of Maduro now that Fidel is dead so they can eat and live with dignity,0,0.5267,1,0.11212121212121212,1,1,0.993232250213623
2776,#JackAssWilly's Options to go into hiding are running out | via @user | https://t.co/pMnXNmPz5M |,0,-0.296,0,0.0,1,0,0.9997004270553589
2777,#Hezbollah Soldier: #Israel is burning,0,0.0,1,0.0,1,0,0.9901865720748901
2779,@user The deplorables don't care.,0,-0.3875,0,0.0,1,0,0.999607264995575
2782,@user @user all your fossil fuels are belong to more expensive than renewables,0,0.0,1,0.0,1,0,0.9944122433662415
2784,Death penalty in Japan and Saudi Arabia human right violation ; senior Sem presentation. This is how I'm spending my night,0,-0.8779,0,0.14285714285714285,1,0,0.9763034582138062
2785,"@user @user oh please, like we're not killing people with extrajudicial drone strikes now. Not saying it's right.",0,0.7018,1,0.2857142857142857,1,0,0.9939687252044678
2786,"Gabbard is that disrespectful creature, but the fact that Steve Bannon loves her... well🙄",0,0.8271,1,0.0,1,1,0.9708129167556763
2788,@user Actually code for Nazi.,0,0.0,1,0.0,1,0,0.997421145439148
2789,@user is a typical #leftists will not report facts. A paid assignment to report they went there? #lazyoaf,0,0.0,1,-0.16666666666666666,0,0,0.9990807771682739
2792,@user   I think you should pick Rudy over Mitt but I trust your judgement. #PresidentTrump #MAGA #DrainTheSwamp,1,0.6652,1,0.0,1,0,0.9911792874336243
2793,@user What's up my man?! How are you?🙄,1,0.0,1,0.0,1,0,0.9861721396446228
2795,I was 'part of a terror organization' says Israeli pilot turned activist via @user #gaza #palestine #israel #BDS,0,-0.5267,0,0.0,1,0,0.9969006776809692
2796,@user My view is of course we can't reverse tech that will kill jobs like new self driving cars. But I think that manufacturing (1/2),0,-0.2732,0,0.13636363636363635,1,0,0.9872387051582336
2797,"Holy shit Rivers in the Desert is amazing, that's one hell of a final boss theme, Persona 5's Soundtrack only gets better the more I hear it",1,-0.3612,0,0.23333333333333336,1,1,0.9993181228637695
2799,@user Well Steve Bannon doesn't help.,0,-0.0408,0,0.0,1,0,0.9914455413818359
2800,"#Trumppolicy as I see it is to bring back the '50s. Taiwan not China. Embargo with Cuba. antisemitism, racism, homophobia,& sexism.",0,-0.6249,0,0.0,1,0,0.9237768650054932
2802,Marine Le Pen's dad is a savage. You can tell who is in control based on who you can't offend >,0,-0.276,0,0.0,1,1,0.7996594905853271
2803,how Bob Dylan hoodwinked an entire generation into thinking his voice was tolerable.,0,0.0,1,0.0,1,0,0.9947696328163147
2804,When a real news outlet is duped by a notorious pro-Kremlin Troll to 'correct a mistake' - this is #Provokatsiya…,0,-0.7964,0,0.2,1,0,0.9991808533668518
2808,.@elizabethforma why haven't you condemned the dakota access pipeline yet?????,0,0.5213,1,0.0,1,0,0.9949139356613159
2809,"Oh he is. He very much is. And they'll take away Medicare to do it. And probably starve some poor children, too.…",0,-0.7184,0,-0.07,0,1,0.670421302318573
2811,It's freaking ONE day after thanksgiving and Katrina is already blasting the xmas music... GOD HELP US... 😒,0,0.5371,1,0.0,1,0,0.9786725044250488
2814,"2016: YEAR OF DEATHIt continues..Jimmy Perry  (86)Leonard Cohen  (82)And now.. Fidel Castro  (99)Dear God, when will it end..",0,0.2732,1,0.0,1,0,0.9799205660820007
2815,@user @user I'm sure Trump's actions & words did make her life a living hell for a while. Can't blame her.,0,-0.3103,0,0.5,1,0,0.737458348274231
2818,@user @user @user - Someone PLEASE tell this fool the consequences of his actions!,0,0.1091,1,0.0,1,0,0.9996261596679688
2820,@user @user @user Long planned and intentional. Just like his Drone strikes.,0,0.0,1,-0.05,0,0,0.9936229586601257
2822,Yesterday was #NationalFastFoodDay and today is TAYLOR DAY!! Coincidence? I don't think so. 🤗🌮🍟🍔🍕,1,-0.4434,0,0.0,1,0,0.9494637250900269
2823,See how Uber drivers use weteak's software to track income and manage expenses!,1,0.0,1,0.0,1,0,0.9952933192253113
2824,@user Why not take the call? Obama broke long standing foreign relations when he dropped embargo on Cuba. Guess that's OK ?????,0,0.2716,1,0.10833333333333334,1,0,0.9749754667282104
2826,.The reason why animal testing is a morally bankrupt stance #CambridgeKillers,0,-0.5574,0,0.0,1,0,0.9995008707046509
2829,Hillary’s hordes step up violent anti Trump riots: via @user,0,-0.8591,0,-0.8,0,1,0.9696916937828064
2834,"@user there is no such thing as a ""qualified"" homeopath. Homeopathy is a scam.",0,-0.7096,0,0.0,1,0,0.9995031356811523
2838,DIY Room Decorations for Valentine's Day & more! -,1,0.0,1,0.625,1,0,0.8655179142951965
2839,"@user  WRONG! Obama & Lynch DOJ protected Hillary; told Comey FBI not to Indict her! His hands tied, did the best he could.",0,0.5928,1,0.109375,1,0,0.9889025092124939
2840,TeslaMotors: .MensJournal pushed Model S P100D to its limits. Their verdict: 🚀 #teslasharing,1,0.1531,1,0.0,1,0,0.9850012063980103
2841,"Anyone who thinks building a wall on the Mexican border is possible, probably hasnt thought much through lmao",0,0.5994,1,0.2,1,0,0.9972708821296692
2842,"George Soros&other big-money liberals funding H.s losing pres. bid began meeting in Wash. how to use their cash to fight  Trump, POLITICO",0,-0.6369,0,0.0,1,0,0.995703399181366
2844,@user @user @user Nobody* If you're going to be a school nazi then practice what you preach dipshit. 😂,0,-0.0516,0,0.0,1,0,0.9977030158042908
2845,OMG! JAMES COMEY WON’T SLEEP TONIGHT AFTER WHAT TRUMP JUST EXPOSED ABOUT...,0,-0.1511,0,0.0,1,1,0.9108892679214478
2847,"RT @user >Fake News @user ""Alt-Right are NeoNazis"">Fact Check: They're middle class Americans who want jobs back and cultural…",0,-0.4215,0,0.0,1,0,0.9982325434684753
2848,IF WE COULD ONLY TURN BACK TIME ...  #3YearsofMidnightMemories #MPN #OneDirection #MtvStarsNiallHoran,1,0.0,1,0.0,1,0,0.997860848903656
2849,@ satan take nicolas maduro w you too please,0,0.3182,1,0.0,1,1,0.61881023645401
2850,Trey Gowdy finds out Hillary Clinton is LYING while questioning James Comey via @user,0,-0.6739,0,0.0,1,0,0.9782811403274536
2851,"After Mosul, Iraq’s #Kurds face internal crisis  via @user @user #TwitterKurds #MosulOffensive #KRG #Iraq",0,-0.6249,0,0.0,1,0,0.9950255751609802
2853,"#TrumpTransitionTeam It's not a government, it's a movement #RightWingRevolution #Fascism",0,0.0,1,0.0,1,0,0.9968059062957764
2854,What's fascinating to me in reading up on all of this craziness is how open racism has never felt more...,0,-0.5574,0,0.39999999999999997,1,1,0.9990370273590088
2855,@user @user soros clinton pelosi podesta doing this ..vote every dem out from now on- they are against democracy,0,0.0,1,0.0,1,0,0.9877387285232544
2856,MLK Jr.’s Niece BLASTS Liberals for Calling Trump’s Cabinet Picks “Racist”!,0,0.0,1,0.0,1,0,0.9860825538635254
2857,My sister called me and woke me up while I was fighting zombies with Rick. I watch too much #TheWalkingDead 😂,1,0.1027,1,0.2,1,0,0.9836189150810242
2858,Obamacare's Collapsing. That Was Always The Plan. #TeaParty #tcot,0,-0.296,0,0.0,1,0,0.9992645382881165
2859,"😻@jenniferbeals YAY,#LoveTrumpsAll!💗This warms my soul when I needed it the most...now am I just CRAZY to hope Electoral College pulls thru?",1,0.7058,1,-0.6,0,1,0.9982648491859436
2860,It's official. Google Earth for VR is the single coolest thing I've seen in a really long time.,1,0.0,1,-0.060714285714285714,0,1,0.9995342493057251
2862,Leonard Cohen's Son Shares Tribute to Late Father,1,0.296,1,-0.3,0,1,0.9993940591812134
2863,@user @user @user @user Can you imagine the Trump WH w/o Melania? Makes Clinton WH look puritanical.,0,0.0,1,0.0,1,0,0.9972419738769531
2865,YAAY @user !! You fought for us; we are fighting for you! #StillWithHer!!,1,-0.7156,0,0.0,1,0,0.9102935194969177
2868,"#Hezbollah, #Russian terrorists in direct meeting #Syria #Lebanon",0,-0.6249,0,0.05,1,0,0.9786766171455383
2869,".@mzhemingway takes down a @user reporter spectacularly. It's Philip Bump, former thug activist.",0,0.0,1,0.14814814814814814,1,1,0.9101664423942566
2870,@user u should b ashamed to wear that ribbon when u allow #Uber drivers2 rape and assault people on a daily basis@menantiviolence,0,-0.8996,0,0.0,1,0,0.9907201528549194
2871,False moral equivalence. #Hamas is responsible for everything that happens to #Gaza. YOU are the one who is disgust…,0,0.3182,1,-0.0666666666666667,0,0,0.9991956353187561
2873,Louie 😍♥ #onedirection  #MPN & #MtvStarsNiallHoran,1,0.802,1,0.0,1,0,0.9893448948860168
2874,@user *teringat ricky martin 😆,1,0.3612,1,0.0,1,0,0.993237316608429
2875,#TRUMP2016 Donald Trump #NotMyPresident  ball-chain #Hillary #BlackLivesMatter  #tcot #trump #tpp,0,0.0,1,0.0,1,0,0.9961124062538147
2877,STOP ANIMAL TESTING AT OXFORD,0,-0.296,0,0.0,1,0,0.9990371465682983
2878,"@user Better to see ""alt-rightists proudly do Nazi salute"" than ""racists do it"". Keep their chosen label assoc w their reviled behavior",0,0.4588,1,0.65,1,0,0.994816243648529
2879,"If we are the #Deplorables,that makes them #Despicables , #Unelectables & #Failures",0,-0.4588,0,0.0,1,0,0.9997691512107849
2880,Iraqi Air forces kill dozens of #ISIS #ام_الربيعين_تجمعنا#mosul#mosulop#mosulops#mosuloffensive#iraq…,0,-0.6908,0,0.0,1,0,0.992155134677887
2882,"My dad is watching a David Blaine special and pauses it after evey single trick to yell ""HOW DOES HE DO THAT??!! HOW!!""",1,0.6159,1,0.09137834821428573,1,0,0.9980664849281311
2884,#Westworld: a hot bowl of meh.,0,-0.0772,0,0.25,1,1,0.8498128652572632
2885,"The few hours where I forget Donald Trump is going to President, along with a deplorable cabinet, are glorious. Then I remember.",0,0.5106,1,-0.4,0,1,0.9998644590377808
2886,@user @user @user What a whacko she is. Dems will love her until she's no longer useful for their agenda.,0,0.1516,1,0.4,1,0,0.8348841071128845
2887,Starting to think Ben Carson didn't really bow out. They just didn't want him any longer or he couldn't stomach them. #trumptransitionteam,0,-0.0572,0,0.1,1,0,0.9989159107208252
2888,"Fidel Castro was a brutal dictator that Du30 aspires to be, romanticized by the likes of Andanar.",0,-0.1027,0,-0.875,0,1,0.9619565010070801
2889,Making News Today: Venezuelan President calls nephews' drug conviction 'US imperialism',0,0.0,1,0.0,1,0,0.510671079158783
2892,"@user @user Barack Obama said he wanted smooth transition,too bad.we as a ppl know Trump lost & had outside help",0,0.1027,1,0.2,1,0,0.997962236404419
2894,@user Putin's endgame is to get states to dissolve the Union; Trump's devious rhetoric turned policy may make for short reign,0,0.0,1,0.0,1,0,0.9982183575630188
2895,.@DailyMailUK front page | Swear oath to live in Britain (@jackwdoyle @user & Ian Drury)…,0,-0.0516,0,0.13636363636363635,1,0,0.9127392768859863
2896,PROOF HILLARY WILL CHOOSE DEATH OVER PEACE #libya #gadaffi #hillary,0,-0.1027,0,0.0,1,0,0.8816080093383789
2897,"Following Trump’s advice:  call something by its true name and then repeat it three times. Lying, Fraud Trump is…",0,-0.6597,0,0.175,1,0,0.9950991272926331
2898,"@user Those ""Tony Romo"" socks, that's a no go. Package them up, send them to Skip Bayless.",0,-0.296,0,0.0,1,0,0.9974533915519714
2899,"Saakashvili Founds New Party, Begins Struggle for Power in Kiev – Nolan Peterson",0,0.1027,1,0.13636363636363635,1,1,0.9571318626403809
2900,@user @user @user Man you liberals sure like to tell people whats offensive to blacks even though you never met one.,0,0.2023,1,0.5,1,0,0.9962831139564514
2904,Stop sucking our gas out of Australia #auspol #CSG #fracking,0,-0.296,0,0.0,1,0,0.9967153072357178
2905,@user Children dig in garbage for food while dictator Maduro pays $2.6 million for #Caracas festival. #SuenaCorrupto @user,0,0.4939,1,0.0,1,0,0.9963998794555664
2908,Ask @user about misogyny! Every time she visits @user they strip search her and his mom! Maduro i…,0,0.0,1,0.0,1,0,0.9645240902900696
2910,@user @user The most problematic part was Steve Bannon not winning,0,-0.7157,0,0.125,1,0,0.9989099502563477
2911,CA has way too many imbeciles - via @user,0,0.0,1,0.5,1,0,0.9992355108261108
2912,"I tried HTC vive VR headset and google earth VR, then painted using Tilt Brush. Holy Cow! I didn't want to get out of that world!",1,-0.2037,0,-0.20833333333333331,0,0,0.9974185228347778
2913,@user The fact that youre CLOSE to Medicare means you have the advantage over those who are 30 years away. THEY are the screwed ones.,0,-0.296,0,0.0,1,0,0.9933217167854309
2914,@user @user that's a lot of conservatives,0,0.0,1,0.0,1,0,0.9910196661949158
2915,Their building a wall...... not on the Mexican border.......on the seafront Strandhill........ they only thing we...,0,0.0,1,0.0,1,0,0.9978779554367065
2916,Homeopathy and chiropractor is out for the dentists office.,0,0.0,1,0.0,1,0,0.9901390075683594
2917,"@user People's Republic of China, is a state governed by the Communist Party of China. We trade with them but Embargo Cuba???",0,0.3378,1,0.0,1,0,0.9828327298164368
2920,Trump eschews Ivy Leagues in favor of business acumen for cabinet via the @user App LOL! Dumbest president ever.,0,0.4981,1,1.0,1,0,0.9930096864700317
2922,I'm not drinking hate. #DrainTheSwamp #BoycottPepsi #NeverRomney #MAGA,0,0.4585,1,-0.8,0,0,0.9438782930374146
2923,Dont wanna mae any1 mad but trump(along w/most of his cabinet) is a straight white male he aint going no where whether theres a recount/not.,0,0.3781,1,-0.10625,0,0,0.9878523349761963
2925,Harry Drag Me Down High Note <3#MPN #OneDirection,1,-0.2263,0,-0.031851851851851846,0,0,0.9898961782455444
2928,"@user U should rethink your beliefs. To believe in God, gay marriage and be pro choice AKA pro abortion is nonsensical.Think about it.",0,0.2732,1,0.4166666666666667,1,0,0.9754565358161926
2929,I played Google Earth VR for way too long and now I'm about to barf,0,0.34,1,-0.05,0,0,0.998967170715332
2930,@user @user @user @user you vilify George Soros? Wow. You couldn't find anyone bad in the democrats?,0,0.7912,1,-0.29999999999999993,0,1,0.9834628701210022
2931,Cinema tonight to watch @user 😄😄 in the mean time reading a book about free software licensing…,1,0.9231,1,0.04375000000000001,1,0,0.9779055714607239
2933,"#Jerusalem: 60,000 Zionist Israelis evacuated from #Haifa due to massive firesDivine punishment can't be ruled out…",0,-0.4939,0,-0.0625,0,1,0.9667209386825562
2934,I'm too young to be this stressed.,0,-0.4118,0,0.1,1,0,0.9927417039871216
2935,Yet another example of @user blindly tweeting something without realising PR consequences. #homeopathy,0,0.0,1,-0.5,0,0,0.9987338185310364
2938,"@user That's definitely the frame being asserted by Marine Le Pen, in any case.",0,0.4019,1,0.0,1,1,0.9674323797225952
2939,"So, if that were Grayson Allen on the floor he would've tripped someone lol!",1,0.4753,1,1.0,1,0,0.9978981018066406
2941,President Elect? More like President Erect! A wall! On the Mexican American border!,0,0.5674,1,0.3953125,1,0,0.9431328177452087
2942,I'm really looking forward to FFXV but I haven't actually finished Persona 5 yet...,1,0.0,1,0.1,1,0,0.9931777715682983
2944,"@user Hahaha, the #Kremlintrolls go fucking bonkers. Jeez, they are angry. Read this shit.Roflmao",0,0.0772,1,-0.3,0,0,0.9988722205162048
2945,#ThankYouObama. You'll be missed,1,-0.296,0,0.0,1,0,0.9902666211128235
2946,"@user like abortion, gay marriage, and obamacare? @user",0,0.3612,1,0.4166666666666667,1,0,0.975976288318634
2950,@user I am ALSO aware of that. I am a LAFO too. Gun control is immoral.,0,-0.6597,0,0.25,1,0,0.9978185892105103
2952,"@user @user and she does now, more than mike ""conversion therapy"" pence. Keep deflecting your bad candidate though",0,-0.5423,0,-0.09999999999999992,0,1,0.9141747951507568
2953,@user @user I believe Medicare is fine as it stands. But would have to read the facts about privatizing this program.,1,0.1027,1,0.4166666666666667,1,0,0.9908085465431213
2958,My interaction with @user Secretary General Ban Ki-moon at New York University! #un #UnitedNations #nyu #NewYork,1,-0.5983,0,0.11022727272727273,1,0,0.7147071361541748
2959,"@user @user That's not what Hillary, Reid, Pelosi and rest of democrats said back then!  REMEMBER?",0,0.0,1,0.0,1,0,0.9995697140693665
2960,I will love to see a pile of bodies of #ISIS or any fighter.But I only saw civilians lots of childs and women all over #Syria @user,0,0.6369,1,0.25,1,0,0.9932171702384949
2962,You were created to #succeed. #DominatingYourMind #DYM @user #NBAwards,1,0.6369,1,0.0,1,0,0.9953075051307678
2964,"@user Soooooo Trump is at fault for riots by anti-Trumpsters & can get them to listen to him?! When r O, M & H gonna say STOP IT!",0,-0.8597,0,0.0,1,0,0.9956650137901306
2966,@user that doesnt even make sense. trump hasnt done anything except run his mouth. obama actually drone strikes civilians,0,-0.3612,0,0.0,1,0,0.9994087219238281
2968,@user watching CNN for shits&gigs..they're now calling Trump supporters Alt-rightists& comparing us to Nazi's😂😂😂,0,0.891,1,0.0,1,0,0.9985888600349426
2969,Mr Trump you may #DrainTheSwamp but the scum will reappear on the surface when fresh water replaces it.#Merica,0,0.4497,1,0.0,1,0,0.9694420099258423
2970,"@user @user These liberals wanted nothing more then to keep the real USA content, to be able to just make it. 46 mil on Foodstamps",0,0.0,1,0.39999999999999997,1,0,0.9986704587936401
2971,Lmao medical marijuana amirite (fyi this bitch never texted me back),0,0.0516,1,0.19999999999999998,1,0,0.9733694791793823
2973,Happy Thanksgiving! I was off the grid in the woods so no signal. Don't forget to celebrate Black Friday and trample someone!,1,-0.2691,0,0.39583333333333337,1,1,0.7959997057914734
2974,"@user Before election this twit would have told you most 'educated' affluent folks were Dems, who look down nose at common folk.",0,0.0,1,0.1736111111111111,1,0,0.9974693059921265
2975,"today, i'm pretty sure doctors who got Cs in medical school just became the doctors who hand out medical marijuana recs in california",0,0.8271,1,0.1875,1,1,0.9637981653213501
2976,#KimJongUn#김종은#金三胖！#金胖胖！#金胖肥！#FreeSpeech#China bans people calling #NorthKorea's leader #KimFattytheThird,0,0.0,1,0.0,1,0,0.9909508228302002
2979,tremendous advances in artificial intelligence are powering everything from self-driving cars to apps that help diagnose cancer,1,0.1027,1,-0.13333333333333333,0,1,0.9996002316474915
2982,@user pls put pressure on Rep for cross checking..voter suppression voter fraud and support Jill Stein's RECOUNT...she needs it,0,-0.4588,0,0.0,1,0,0.9918600916862488
2983,@user Opposes the TPP because it will lead to more dubs,0,0.0,1,0.5,1,0,0.9976032376289368
2984,@user @user Pretty funny. Maybe nuclear hay wagons are next? :))),0,0.7269,1,0.25,1,1,0.9901735782623291
2985,Support the Orange Campaign - Change your Profile Picture to show your Support#SpeakUpae #OrangeTheWorld #16Days…,1,0.4019,1,0.0,1,0,0.70328688621521
2986,To people in Iran who gettin hit by American drone strikes ..he's a terrorist,0,-0.802,0,0.0,1,0,0.963945209980011
2987,".@JoyAnnReid @user ""Grab them by the Medicare. Grab them by the overtime. Grab them by the Social Security"". We'll see if it's funny.",0,0.6486,1,0.14166666666666666,1,1,0.6942516565322876
2988,Am apreciat un videoclip pe @user Tesla Model S - Official Walkthrough HD,1,0.0,1,0.0,1,0,0.9980132579803467
2989,"No conflict of interest here, of course.",1,0.6075,1,0.0,1,0,0.986233115196228
2991,@user Total nonesense. Leave Melania Trump alone.,0,-0.3566,0,0.0,1,0,0.9994858503341675
2992,Watch @user accept the #NBAwards for Young People's Literatuer on @user,1,0.3818,1,0.1,1,0,0.9884309768676758
2995,"i need a legit boo by valentines day, im trying be on a whole other level of romatic😹",1,0.4404,1,0.037500000000000006,1,0,0.9955605268478394
2996,".@jeremyscahill is, AFAIK, one of the best if not the best Western journalist regarding the #yemen crisis. Hope he saw #YemenCrisis leaks.",1,-0.0946,0,0.6666666666666666,1,1,0.9992928504943848
2997,@user the only obvious anti-Trump fakes I saw were Melania-centric. And invariably about her clothes.,0,-0.4215,0,0.0,1,0,0.9963812828063965
3001,"Feeling so emotional tonight b/c I'm thinking about these fires, the plane crash, Aleppo, my kids at work, etc 😭",0,-0.5279,0,0.0,1,1,0.9882646799087524
3004,my head hurts watching david blaine,0,-0.4767,0,0.0,1,0,0.9995813965797424
3005,"ANYONE HAVING A PROBLEM W/ ""TRUMP PROTEST"" This is literally what Trump called 4 in 2012 when he mistakenly thought…",0,-0.8109,0,0.0,1,0,0.9926302433013916
3006,I would argue that he is white. Since according to leftists race is a social construct and he was raised by whites,0,-0.34,0,0.016666666666666666,1,0,0.9723021984100342
3008,@user I have a feeling their idea of voter suppression involves deporting all the brown people.,0,0.128,1,0.0,1,0,0.9904373288154602
3009,#FREE #Uber ride (up to $20). Sign up using this #UberPromo link:,1,0.6166,1,0.4,1,0,0.9821563363075256
3010,So I see David Blaine still out here being a witch,0,-0.3612,0,0.0,1,0,0.9713703989982605
3011,@user @user no one is being paid to protest Trump but anyone with a thinking mind just does.,0,-0.2732,0,0.0,1,0,0.9721807241439819
3012,Wait. What? Married man rejects hottie for homeopathy? Your adulterer skills must be highly refined,0,-0.5514,0,0.20500000000000002,1,1,0.9865104556083679
3013,Listening to @user hosting for Limbaugh: the #DNC has reclassified #feelthebern and Howard Dean as white supremacists.,0,-0.25,0,0.0,1,0,0.9963592886924744
3014,Last night we were playing Leonard Cohen's Hallelujah on the ukulele (not a praise song). Baka akala ng neighbors lasheng na kame hahaha,1,0.7562,1,0.1,1,0,0.9940904974937439
3015,.@DineshDSouza @user I think most of us had that figured out but is the money coming thru the Super Pac from George Soros?,0,0.7469,1,0.41666666666666663,1,0,0.9985949397087097
3016,#BlackLivesMatter..blocking access to white owned stores?..in 1933 Nazis boycotted Jewish owned stores..didn't know there were kaffir Nazis.,0,-0.4019,0,0.0,1,0,0.9994994401931763
3017,"Man, 2016 has been a heavy hitter! Robert Vaughn, Leonard Cohen, Arnie Palmer, Gene Wilder, John Saunders, Flo Henderson, Ali, etc.. Sigh.",0,0.1007,1,-0.25,0,1,0.9076880812644958
3018,"Why would Putin want a recount? If someone has fiddled the figures, it will be him.  @user",0,0.0772,1,0.0,1,0,0.998406708240509
3019,Is North Dakota fracking out of control? ✋ #energy #oil #fracking,0,0.6486,1,0.0,1,0,0.9992092251777649
3020,@user your statements are becoming as original as Melania Trump's convention speech,0,0.3182,1,0.4125,1,1,0.5061110854148865
3021,I don't believe in the death penalty but I hope someone really gives him hell in jail,0,-0.8124,0,0.05,1,0,0.7955116033554077
3022,it's cool persona 5 is delayed a few months again people will be able to play nier automata instead,1,0.4215,1,0.21666666666666665,1,0,0.9951966404914856
3024,"@user @user Except on conservative issues (like Marcos burial/presid'l history), id say @user , Ka Paeng, & leftists in govt",0,0.3612,1,0.0,1,0,0.9849091172218323
3025,This proves the bankrupt condition of #BlackLivesMatter that they think that hassling shoppers & business is right…,0,-0.5574,0,0.3,1,0,0.9947570562362671
3027,Here's Clinton giving her support for BLM #BlackLivesMatter #VoteGreen @user @user @user,1,0.6249,1,0.0,1,0,0.9409856796264648
3028,Trump is not draining the swamp. His cabinet appointees are swamp dwellers.,0,-0.0772,0,0.0,1,0,0.9880016446113586
3029,trying to find those euthanasia drugs now later fuckers,0,-0.5994,0,0.0,1,0,0.9989827275276184
3030,"ya know, it's funny how people like to say that Melania plagarized Michelle's speech when trump plagarized Reagan's…",0,0.6597,1,0.25,1,1,0.9938963055610657
3031,America is the dropped ball.  #TrumpTransitionTeam,0,0.0,1,0.0,1,0,0.9808182716369629
3033,"@user @user i used that as a for animal testing, broke my heart though as i completely disagree !! :( xx",0,-0.6417,0,-0.296875,0,1,0.9619453549385071
3035,Ashley Graham jus won't allow b 2 gr8 she so damn Sexy 😍😍😍,1,0.9183,1,0.5,1,0,0.8420966267585754
3036,"Don't count the days, make the days count. -Muhammad Ali",1,0.0,1,0.0,1,0,0.7913031578063965
3038,This is what may be happening in the USA if Trump continues down the road his transition seems to be taking,0,0.0,1,-0.15555555555555556,0,0,0.9142051339149475
3041,"This isn't how you #DrainTheSwamp, @user  keep the cucks away from you.",0,0.0,1,0.0,1,0,0.9992325305938721
3042,Drone strikes will be *cough* MY DICK but I contract AIDS and blame it on Walt Disney's disembodied head in cryostasis under Epcot.,0,-0.7481,0,0.0,1,0,0.9975110292434692
3043,im laughing someone tagged katalina with persona 5,1,0.4939,1,0.0,1,0,0.9955283999443054
3044,@user @user @user @user @user Jill did 0 with RTs re.WKLS on Hillary TPP lie..fears Trump,0,0.0,1,0.0,1,0,0.9949117302894592
3045,@user @user @user posting pictures of Ms. Kelly while making slanderous comments is pretty hateful. Name-calling.....,0,0.0,1,0.25,1,0,0.9995177984237671
3047,"Neo Nazi: White people are superior, fuck PoC!Me: Shut up you fascist piece of shit!Liberal: OMG, THAT'S NOT HOW YOU TALK TO PEOPLE!",0,-0.6679,0,0.06666666666666665,1,0,0.9995408058166504
3048,Day after Thanksgiving Fish Fry remains a fantastic idea #upnorth,1,0.5574,1,0.4,1,0,0.8891963362693787
3049,@user #HillaryClinton already made that #mistake. #TrumpTransitionTeam,0,-0.34,0,0.0,1,0,0.9995408058166504
3050,#Injustice for #Children of the #Caliphate and those displaced by #ISIS left stateless. #humanrights #citizenship,0,-0.5719,0,0.0,1,0,0.5255923271179199
3051,@user @user - Pope Francis Grieves Death of fellow bigot in WH!,0,-0.807,0,0.0,1,0,0.9995586276054382
3052,Breaking: President Elect Trump Stuffs Cabinet Full of CFR War Hawks #ATS,0,-0.5994,0,0.575,1,0,0.9452672600746155
3053,"Same day registration does nothing 2prevent ""voter fraud"" as Repubs say.They say these new laws R needed cause of c…",0,0.4717,1,0.06818181818181818,1,0,0.996822714805603
3057,@user This bitch is retarded. Any intelligent person w/ a degree will tell you fossil fuels should be replace…,0,-0.6705,0,0.0,1,0,0.9989500641822815
3058,All I did was part a pic of Melania trump on Facebook and they signed me out and removed the picture! Bastards. Just her nude photo. NP!,0,-0.6792,0,0.0,1,0,0.9993465542793274
3060,Steve Bannon looks like a guy who would put razors in apples on Halloween,0,0.3612,1,0.0,1,0,0.995629072189331
3061,My dad admitted that 1976 Bob Dylan is actually my dad. He folktimetravelled to 1994 and impregnated my mom,1,0.1027,1,0.0,1,0,0.7356577515602112
3062,@user @user @user while you are fucking with my tweet.why don't  you expose medicare and social security future😎,0,0.7044,1,-0.2833333333333333,0,0,0.9972629547119141
3064,@user he says museums won't display it bcuz of nazi symbolism and gay sex. this makes me doubt he's ever actually been inside one.,0,-0.3612,0,0.20833333333333334,1,0,0.9931991696357727
3068,I work a minimum wage job like twice a week and I don't go to school and that means I have no purpose in life :-),0,0.3818,1,0.5,1,0,0.9990352392196655
3069,"The ""controversial views"" are opposition to gay marriage and opposition to abortion. The media sucks hard.",0,-0.5719,0,0.09375000000000001,1,0,0.9978029131889343
3071,This explains why Trump spoke so passionately about #Autism and why Melania is platforming on anti-bullying.,1,0.656,1,-0.05,0,0,0.883063793182373
3072,My teeth hurt,0,-0.5267,0,0.0,1,0,0.9996681213378906
3073,Water Pipe? stop Geo engineering =#chemtrail Fracking #Fracking would be a great start.,1,0.4404,1,0.8,1,0,0.9960500597953796
3074,".@SpeakerRyan wants to Reform Medicare, Social SecurityTo Deathhttps://t.co/VSsYSQTUL8",0,0.0,1,0.11666666666666667,1,0,0.9799098968505859
3075,The people who looted money meant for maternity and vaccines still playing politics with the lives of Kenyans#LipaKamaTender,0,0.2023,1,0.0,1,0,0.9709175229072571
3076,Big pharm companies spend millions to keep medical marijuana away from patients who need it. Opioids kill people,0,-0.6908,0,0.0,1,0,0.9960001111030579
3079,"In Scotland, Trump Built a Wall. Then He Sent Residents the Bill. #StrongerTogether #StillWithHer #UniteBlue",0,0.0,1,0.0,1,1,0.7962089776992798
3081,You're such a weird guy. Euthanasia = suicide for all. Marriage equality = everyone marries a goat. Safe Schools =…,0,-0.5106,0,0.0,1,0,0.9927674531936646
3082,"@user @user @user @user @user @user When he F'd HRC, he F'd us all! Handing us DJT.",0,0.0,1,0.0,1,0,0.9870680570602417
3083,You know conservatives think the Dems are leftist. Should probably raise awareness against that misconception. @user @user,0,0.0,1,-0.05,0,0,0.9868457317352295
3084,#FuckTrump @user America's Nightmare. 🇺🇸😱💤 #trumptransitionteam #notmypresident #fucktrump #nohateinwhitehou…,0,-0.7906,0,0.0,1,0,0.9973885416984558
3086,ha david blaine? more like david plain,0,0.6361,1,0.14285714285714285,1,0,0.9944828748703003
3087,@user Obamacare- the biggest insurance scam in history. And costs about to rise by 25%,0,-0.5719,0,0.0,1,0,0.9937724471092224
3088,"These people who rely solely on Social Security/Medicare to survive, and voted for #Trump, will be wiped out financ…",0,0.0,1,0.03333333333333333,1,0,0.9996219873428345
3089,"Have they finally buried the ashes of executioner Fidel? Impoverished an entire people, and help them in bondage.…",0,0.4019,1,0.0,1,1,0.96104496717453
3092,@user @user Just the beginning.  Fracking and pipelines need to end New energy sourses put in place and treati…,0,0.2732,1,0.13636363636363635,1,0,0.9930450320243835
3093,@user @user stop with you media lies about President Donald Trump. We should protest your lies.,0,-0.8316,0,0.0,1,0,0.999372661113739
3096,"morning, sluts. #ScreamQueens",0,-0.5719,0,0.0,1,0,0.9980541467666626
3097,A million dollars a day? How the hell are we okay with this.,0,-0.5719,0,0.5,1,0,0.9535679817199707
3098,I can't even imagine why@realDonaldTrump would want  Romney when he promised to #draintheswamp,0,0.4215,1,0.0,1,0,0.9988417029380798
3099,Millions of Muslims take part in mass anti #ISIS march,1,-0.3182,0,0.0,1,0,0.9655306935310364
3100,@user @user no doubt ur a complete BIMBO.. trump made ur career anyway.. arrogant bitch,0,-0.7087,0,0.1,1,0,0.998832643032074
3103,Saakashvili As Odessa Governor Insulted Ukrainians - Putin,0,-0.5106,0,0.0,1,0,0.9845689535140991
3105,"Nothing quite worked out for Fidel Castro, good on paper, terrible in real life. not even his funeral worked out as…",0,0.2287,1,-0.03333333333333335,0,0,0.9985806941986084
3106,#HomeopathyPlus Fractures set better with homeopathy. #Love #collagenbabe,1,0.7964,1,0.5,1,0,0.9796977639198303
3108,'Don't go there!' Palliative Care Specialists warn Victorian Premier - HOPE: No Euthanasia #springst,0,0.6731,1,0.0,1,0,0.9987816214561462
3109,PeterTownsend7: The Qur'an on Gay People #trump #maga #isis #tcot #anythingbutislam #reli…,0,0.0,1,0.4166666666666667,1,0,0.9877150654792786
3110,She helped @user and the DNC steal the #DemocraticNomination from @user #NancyPelosi Fights,0,-0.7096,0,0.0,1,0,0.9891785383224487
3115,@user @user That's below the minimum wage! Ask him to get the salary  via PayTm and expose Modi,0,-0.2244,0,0.0,1,0,0.9991876482963562
3116,"A bird in the Pope Francis trend like actually, all sin is already forgiven.",1,0.128,1,0.0,1,0,0.9499574899673462
3118,@user @user take care of that lil illegal immigration problem too.  They'll stay home/they'll go home.   jobs will do that.,0,-0.4767,0,-0.5,0,1,0.9914146065711975
3120,so not even a top waterboy for the Cowboys?https://t.co/qZX3D5vKCt,0,-0.1511,0,0.5,1,0,0.9975976347923279
3122,@user @user #Erdogan and #Isis are the same thing!! Nazisti!!,0,0.0,1,0.0,1,0,0.9968501925468445
3123,#FF @user @user and last but definitely not least @user these are my people! #TheWalkingDead,1,0.5916,1,0.09375,1,0,0.9689357876777649
3124,"@user what kind of natural disasters would such fossil fuels create, ex: contamination of the water streams it runs through",0,-0.0754,0,0.2333333333333333,1,0,0.9993544220924377
3125,"You can't tell the difference between a BLM protest and an anti-Trump protest anymore. Same chants, same signs.",0,-0.4588,0,0.0,1,0,0.9988080263137817
3127,I wonder who this marketing is aimed at? Goes for a lot of the Indian #homeopathy advertising on twitter. Domestic…,0,0.0,1,0.0,1,0,0.9981924891471863
3128,Adam @user should come back & take Christian to #thisisus #FridayFeeling😂❤️ #yr,1,0.4404,1,0.0,1,0,0.9869308471679688
3131,"""Of course they would cease; no Clinton in high power right now, so no cash! Watch Charity Foundation cease to exis…",0,-0.3733,0,0.25857142857142856,1,0,0.9974000453948975
3132,"""Fidel Castro's Cuban Takeover"" sounds like a cool movie if you don't know shit about history",0,0.7733,1,0.07499999999999998,1,1,0.9992689490318298
3134,.@A_Rockas @user @user is a Luciferian crypto Jew. #ISIS has EVERYTHING to do with #Zionism,0,0.0,1,0.0,1,0,0.9949589371681213
3135,"Second runner up: Protest Starbucks, buy a Starbucks and tell them your name is Trump.",0,-0.25,0,0.0,1,0,0.9932057857513428
3136,"Well ya know global warming is a thing, and the greatest threat to humanity, but yea burn all the fossil fuels!!! N…",0,0.4812,1,0.5,1,0,0.9870354533195496
3139,@user @user you're such a looser talk about cheater the ClintonFoundation going to put corrupt Clintons in jail lol u lost,0,-0.4588,0,0.05000000000000002,1,0,0.9986911416053772
3140,Hey #TrumpTransitionTeam thanks for the follow! We must do all we can to stop Soros and the establishment! follow me on gab.ai stopsorosnow.,1,0.3147,1,0.3125,1,0,0.9895591735839844
3142,@user @user GIVE COPS BACK THEIR DIGNITY STRIPPED BY @user S #BlackLivesMatter UP THEIR PAY,0,0.3182,1,0.0,1,0,0.9994199275970459
3143,FREE Amazon Prime Shipping! #fantasysports #FantasyHockey #FantasyFootball #FantasticBeasts…,1,0.7206,1,0.5,1,0,0.9702562093734741
3144,"The US has made-up drug trafficking case against the two nephews of the Venezuelan first lady Cilia Flores, the...",0,0.0,1,0.25,1,0,0.730082094669342
3145,"Going to bed, hopefully there are moves that make tmrw interesting. #cubs #Archer #Ross #trades anything, I'm hyped to see what the FO does.",1,0.6597,1,0.5,1,0,0.9815048575401306
3147,@user @user @user Just another piece of bullshit from President Loser's Cabinet of Deplorables.,0,-0.5859,0,0.0,1,0,0.9997555613517761
3148,"If he looked any shade of brown skin he would have been. These ""Deplorables"" are really starting to come out ofthe…",0,0.0,1,0.0,1,0,0.982402503490448
3149,guess whom @user is obsessed with right now😊🙏🏼❤️️#AshleyGraham #plussizefashion,1,0.6486,1,-0.10714285714285715,0,0,0.9943864345550537
3150,Those who have supported the Assad regime. And shut their eyes on their crimes.#Khamenei #Assad #Hezbollah,0,0.3182,1,0.0,1,1,0.8943093419075012
3151,Drain the swamp. #Deplorables,0,0.0,1,0.0,1,0,0.9986444115638733
3152,"@user @user @user @user @user you guys involved with #ISIS or just #Palestinians that want to burn gays, Jews, etc?",0,0.0772,1,0.0,1,0,0.994890570640564
3156,".@LordBaelish643 And, THIS creature @user is @user battering ram! #BOTHLIBSrdisgusting cc @user AND #NEVERROMNEY",0,0.0,1,0.0,1,0,0.9993269443511963
3158,@user here ya go Einstein @user,0,0.0,1,0.0,1,0,0.978033721446991
3159,@user That'd Definitely Be Trump.Googling What Does The President Do#StillWithHer #StrongerTogether #NotMyPresident #LoveTrumpsHate,0,0.4019,1,0.0,1,0,0.9845085144042969
3161,"This is the face of Michael Moore-than-enough. A 600 lb, obnoxious, Ahole, with designs on stopping TRUMP. A DREAMER",0,-0.5574,0,0.0,1,0,0.9901669025421143
3164,I have persona 5 music stuck in my head,1,-0.25,0,0.0,1,0,0.9989544153213501
3165,But.. This was funny? Hahahaha!source:...,1,0.63,1,0.25,1,0,0.553939700126648
3166,"Sure, it looks like I'm sleeping off that Thanksgiving Day meal, but I'm actually taking the #MannequinChallenge ri…",1,0.34,1,0.25,1,0,0.9870133996009827
3167,Only @user can scare the living hell outta people without even changing the tone of his voice #Westworld,1,-0.8316,0,0.0,1,0,0.9923039078712463
3168,Yes we can all believe it's not butter! They are making self driving cars. Who the fuck is still impressed with imitation butter?,0,0.3802,1,0.15555555555555556,1,0,0.9441583156585693
3169,Retweeted Elle Druskin (@ElleDruskin):Leonard Cohen's Hallelujah in Yiddish by Daniel Kahn....,1,0.6124,1,0.0,1,0,0.8792833089828491
3170,Bill Clinton reacts to Melania Trump’s bullying speech,0,-0.5994,0,0.0,1,0,0.9580750465393066
3171,"If I was Tim Duncan I would spend my retirement by opening up a chain of ""Duncan"" Donuts.",1,0.0,1,0.0,1,0,0.9977874755859375
3172,I have narrowed it down to 3 priorities (open to discussion of course) 1. #recount2016  2. #electoralcollege 3. Voter suppression,1,0.0,1,-0.07777777777777778,0,0,0.9872899651527405
3173,"@user  ""A great man""...and you call conservatives backward?",1,0.6249,1,0.8,1,0,0.9831550121307373
3175,"Your self worth isn't based on someone else's thoughts, opinion or threats. #StandUp! #SpeakUp!…",1,-0.3578,0,0.375,1,1,0.5599223971366882
3178,"@user @user Tool or not, most of what Saakashvili says is true, other politicians in Ukraine are disconnected with reality",0,0.4215,1,-0.00833333333333334,0,0,0.9779762625694275
3179,I would LOVE to give Grayson Allen a fake number,0,0.4824,1,0.0,1,0,0.9988725781440735
3180,Massive voter suppression isn't coming. It's here. Look at NC. They are literally trying to install a governor rath…,0,0.0,1,0.0,1,0,0.9855748414993286
3182,@user @user @user yes they are being labelled as such by SOME commentatirs as I said and by many of far-rightists.,0,0.4019,1,0.25,1,0,0.9848704934120178
3183,Anti-#Trump Riots are a Smoke Screen for an attempt by the #RadicalLeft to steamroll #Constitution #ElectoralCollege,0,-0.5106,0,0.0,1,0,0.9982824325561523
3185,"If you look at the one thing that conservatives #value, that liberals do not, it is truth.",0,0.1124,1,0.0,1,0,0.7173909544944763
3186,@user @user not supremacists just survivalist !,0,0.2575,1,0.0,1,1,0.9789461493492126
3187,"I've noticed the US embargo didn't work, I noticed flat TVs and other new tech in Cuba",0,0.0,1,-0.004545454545454547,0,0,0.9994930028915405
3188,@user Gods natural fires being blamed by the nazi party of ISRAHELL on original jewish ancestors in the region. SHAME ON ZIONISTS,0,-0.1111,0,0.15833333333333333,1,0,0.9978618025779724
3190,probably going to hell for this as well but pope francis seriously needs some crest whitening strips.send it to the vatican merry christmas,0,0.3506,1,-0.3333333333333333,0,0,0.9942124485969543
3191,"Vice President Mike ""Fag Punisher"" Pence",0,-0.7184,0,0.0,1,0,0.9790898561477661
3192,"Ah yeah, but these are the *good* immigrants, nice well spoken white non-Muslim boys. Not bad hombres.",0,0.939,1,0.4124999999999999,1,1,0.9992699027061462
3193,@user funny to find inspiring all the words Obama says even when he applauds riots disguise as anti Trump movement,0,0.128,1,0.375,1,1,0.9958059787750244
3195,"Clearly, #Trump is not fit for presidency. Electoral college must fulfil its original purpose and support popular v…",0,0.8121,1,0.21875,1,0,0.9996901750564575
3197,"BREAKING: History Channel finds a ""dark underside"" to the Nazi regime.  Whoa, Who knew?",0,0.0,1,-0.15,0,0,0.919461727142334
3199,I liked a @user video VENTE PA' CA - Ricky Martin ft. Maluma,1,0.4215,1,0.6,1,0,0.8708288669586182
3201,@user #NeverRomneyRe-stocking the SWAMP#DrainTheSwamp...,0,0.0,1,0.0,1,0,0.9980471134185791
3205,"White collar supremacists, you better UNPACK your white privilege You stole lands from Native Americans #White-Collar Supremacy",0,0.5574,1,0.16666666666666666,1,0,0.9976346492767334
3211,"Abby *talking about the Hamilton soundtrack"": I heard Zac Efron had to wait like 8 months to get tickets, imagine me",1,0.3612,1,0.0,1,0,0.9848945736885071
3212,I'd hate to see the #TPP trade agreement fail. I love my low-priced Made in #Vietnam running shoes. It's like walking on clouds! #Asics,1,0.4574,1,-0.225,0,1,0.9858827590942383
3214,"China's TPP alternative lacks protection for workers, environment, information",0,0.0,1,0.0,1,0,0.9991188645362854
3215,"Hearing Medicare claims ran across many elderly who were unable to cope with just Medigap policies,imagine complex…",0,0.0,1,0.0,1,0,0.9950090646743774
3216,"Conservative, old, white, privileged, christian, gawd fearing, white, privileged, old, conservative, white & dangerous.#TrumpTransitionTeam",0,0.2732,1,0.03333333333333333,1,0,0.9653680324554443
3219,"#Hamas doesn't want PALS 2B free, prosperous; they use PALS as pawns against #Israel. All about antisemitism not Palestinians.",0,0.7334,1,0.4,1,0,0.9974775910377502
3221,"@user @user --tell obama admin ""kiss our arse...see you in court"" These are state issues...55 more days of this admin",0,0.4215,1,0.5,1,0,0.9964255690574646
3223,‘Lots of kinks to work out’ understated: One reporter's Obamacare experience via @user,0,0.0,1,0.0,1,1,0.971388041973114
3224,Watching this episode of #ScreamQueens when I'm haemophobic is so torturous. So much blood 😢😢😢,0,-0.9361,0,0.2,1,0,0.9681512117385864
3225,"*Friday Night*Me: Siri, we're friends, right?Siri: Uh...Who is Siri? I am a Galaxy Note 7. *Catches Fire*Me: Huh. Third one this month...",0,0.5362,1,0.0,1,1,0.9950650334358215
3226,"Between 1954 and 1963, close to 98 million Americans received polio vaccines contaminated w/ a carcinogenic monkey virus, known as SV40.",0,0.0,1,-0.05,0,0,0.9946008920669556
3227,#DISEC Chair tries to silence DPRK. WE CAN NEVER BE SILENCED. PRAISE KIM JONG-UN #SydMUN16,0,-0.5372,0,-0.1,0,1,0.9573519825935364
3228,"@user , you only spread false information",0,0.0,1,-0.20000000000000004,0,0,0.9983733892440796
3229,@user yeah took long enough lmfao. The real wait is Persona 5 tho......... did you hear ATLUS delayed it to April now,0,0.5859,1,0.05000000000000001,1,0,0.9985458850860596
3230,@user @user Equipo Ricky!!,1,0.0,1,0.0,1,0,0.9672992825508118
3231,@user Longer term prediction re this: self-driving cars => lower car ownershipelectric cars => swappable parts => easier repairs,1,0.1531,1,0.0,1,0,0.9981990456581116
3234,@user @user @user @user This Aussie had no idea any public money was finding its way to the Clinton foundation.,0,-0.296,0,0.0,1,0,0.9989503026008606
3235,@user @user Because it's the TRUTH! Ppl will not see the truth or the LIGHT with blind eyes. Don't stop using ur voice!,1,0.2127,1,-0.11249999999999999,0,0,0.9973115921020508
3238,"@user Except it doesn't work, given the porous limestone.  Better suggestion = solar panel wall on Mexican side of the border.",0,0.4404,1,0.25,1,0,0.9989941716194153
3239,"I liked a @user video from @user Google Earth VR Gameplay - ""WHERE IN THE WORLD IS GENNYB?!?"" - Let's",1,0.5349,1,0.75,1,0,0.7596132159233093
3240,The Left is in full witchhunt modeYou don't support gay marriage?You oppose illegal immigration?Burn the witch!,0,-0.8406,0,0.03541666666666665,1,0,0.9980753660202026
3241,No. But Mr Pence and Steve Bannon can drop the 25th amendment on your ass.,0,-0.8126,0,0.0,1,0,0.9489113688468933
3243,Wife kills Her Husband shortly after having Thanksgiving dinner,0,-0.5423,0,0.0,1,0,0.9993714690208435
3244,America's Nightmare. 🇺🇸😱💤#trumptransitionteam #notmypresident #fucktrump #nohateinwhitehouse…,0,-0.7003,0,0.0,1,0,0.9975025057792664
3246,"@user Cubs win World Series, Cowboys are 11-1, bucs on SNF, trump is president. What more crazy shit will happen this year",0,-0.4159,0,0.125,1,0,0.985124409198761
3247,@user #WatchTeam:9500 students deprived from school in Aselow district South of Taiz since war expanded 2 district last Aug.#Yemen,0,-0.7906,0,0.0,1,0,0.9976254105567932
3248,Game day! The road trip continues at 8:00 on @user and @user as we face the @user,1,0.0,1,-0.5,0,1,0.5856584310531616
3250,"I had a dream last night that Jill Stein's recount ended in favor of Ben Carson, because even in my dreams America still hates Hillary.",0,0.5423,1,0.0,1,0,0.6343123912811279
3251,HERE THEY COME! Jumping on the #TRUMP BANDWAGON!😁 Mexican Cement Co. Offers Help To Build Border Wall,0,0.7418,1,0.05,1,0,0.6862954497337341
3252,"@user @user preaches about moral high ground while @user executes drone strikes globally, #collateraldamage #radicalization",0,-0.3612,0,0.05333333333333334,1,0,0.9928777813911438
3253,"technology is developing on an exponential curve, we are fast approaching a moment where our tech will outsmart us",1,0.0,1,0.1,1,0,0.9659538865089417
3255,@user - Al Gore concession 2 Bush 2 soon =d 8 yrs of US demise. U2 Hillary? #doesntaddup  #auditthevote #StillWithHer,0,0.5106,1,0.0,1,0,0.994236409664154
3257,Tandoori Fries for #NationalFastFoodDay  #FastFood #Potatoes #frenchfries,1,0.0,1,0.0,1,0,0.9686897397041321
3258,"@user Awesome.  To those seniors who voted for Trump, you are about to lose your MEDICARE AND SOCIAL SECURITY.  THINK ABOUT THAT!",0,0.7027,1,0.5208333333333334,1,0,0.9953171014785767
3259,@user I know this is some Bob Dylan lyric (via Google) but you missed some fun card games at Adam's house 2nite we'll make up 4it!,1,0.4482,1,0.3125,1,0,0.9978499412536621
3260,@user @user @user nazi Sweeney 🇧🇪,0,0.0,1,0.0,1,0,0.9924641847610474
3261,"There's nothing new about the so-called ""alt right."" They're just the latest dressed up white supremacists.",0,-0.25,0,0.2305194805194805,1,0,0.995853066444397
3262,Want to drive #Uber? Use my code when you sign up! DJQVU,1,0.1511,1,0.0,1,0,0.996227502822876
3263,Not so sure that David Blaine can be trusted!! Important!,0,0.557,1,0.640625,1,0,0.9866524338722229
3264,Pope Francis could've privately answered the 5 yes?/no? questions the cardinals originally posed PRIVATELY.…,0,0.0,1,0.1875,1,0,0.990546464920044
3265,"Yes @user is a Political Idiot,who should be chucking burgers at a McDonald's near you.",0,0.4019,1,0.05,1,0,0.9996719360351562
3268,my grandma doesn't want to watch david blaine's new show cause she said that's the devils work. lmao,0,-0.0057,0,0.36818181818181817,1,0,0.9939952492713928
3269,"Carles Aleña (Barca B player): ""Luis Enrique told me to be patient and work hard and I will get my chance."" #fcblive",1,0.1531,1,-0.2916666666666667,0,1,0.9988871216773987
3271,"if it's any consolation - a lot of ""rank n file"" (lmao) alt-rightists seem furious at spencer right now",0,0.0516,1,0.028571428571428543,1,0,0.9985917210578918
3273,"@user ""why won't you evil leftists just consider that young children are good workers because they're easier to manipulate!""",0,0.8593,1,-0.00833333333333334,0,0,0.9867905974388123
3274,"To the tune of ""Whistle While You Work"":Mike Pence is a jerkSteve Bannon is far worseDonald TrumpBroke his rump andNow it doesn't work",0,0.0,1,0.1,1,0,0.9996274709701538
3275,Let U.S. lift embargo...give socialism a chance on equal playing field..the US for years have planted sleepers in C…,0,0.4215,1,0.0,1,1,0.8439674973487854
3278,@user I have brought this up etc. And Reid demanded info from Comey but he was too busy helping Trump,0,0.3291,1,0.1,1,0,0.9988503456115723
3280,#China is censoring #people calling #NorthKorea's #leader '#Kim Fatty the Third' ||,0,0.0,1,-0.1,0,0,0.9984436631202698
3282,"Media has learned nothing. 90% of email coverage was ""what if X ..""  Nine days of ""maybe, possibly, we don't know""…",0,0.0,1,0.0,1,0,0.9985988736152649
3283,"@user Can you plse do fewer stories on victims and more hard hitting news like media bias, #blm, anti Trump riots, etc...",0,-0.7574,0,0.10416666666666666,1,0,0.9967865943908691
3284,@user @user You are a disgrace to your faith. Read Laudato Si'. Or watch Pope Francis defend the indigenous:,0,-0.1027,0,0.0,1,0,0.9995150566101074
3286,HE IS NOT A RACIST & I HAVE NEVER READ ANY NAZI PROPAGANDA ON BREITBART SITE --NOTHING BUT PLAIN NEWS--FACTUAL NEWS,0,0.1317,1,-0.15714285714285714,0,1,0.500747561454773
3287,OBVIOUSLY NEW FORM OF #TERRORISM FROM #HAMAS & THEIR OPERATIVES. CALLING #Israeliburning SUPS #vile is being kind.…,0,-0.8868,0,0.13636363636363635,1,0,0.9910983443260193
3288,@user @user #NationalFastFoodDay ...then I picked the perfect one!! It's the ONLY fast food I will eat. Bean…,1,0.6467,1,0.39999999999999997,1,0,0.9924378991127014
3290,@user shout out to the Zac Efron shrugging meme,1,0.0,1,0.0,1,0,0.8423099517822266
3292,Trump Himself Is A Conflict Of Interest & Not Just His Business. Trump's On A Honeymoon Now With His Transition Team & Everything Looks Rosy,0,0.1779,1,0.0,1,0,0.8167033195495605
3294,@user I c u decided to clog the swamp instead of draining it?  #draintheswamp #stillwithher #NotMyPresident #TrumpUniversityFraud,0,0.0,1,0.0,1,0,0.9986668825149536
3295,UN CC:Learn has #LinkedIn account now! Follow us here >> #ClimateAction #Learn #Environment…,1,0.0,1,0.0,1,0,0.9826288223266602
3296,"Ya Allah,Please Help the muslims of #Iraq #Syria#Gaza#Yemen #Burma#KashmirPlease don't scroll down without sa…",1,0.4019,1,-0.15555555555555556,0,0,0.9837332367897034
3299,"@user so basically its about global warming, drone strikes, fracking, and just the american government all in one",0,-0.2263,0,0.0,1,0,0.9951527118682861
3300,The #Future of #Fashion Is 3D Printing Clothes at Home via @user,1,0.0,1,0.0,1,0,0.9828723073005676
3301,Can you say DEATH PENALTY?,0,-0.8543,0,0.0,1,0,0.9949833154678345
3306,"@user @user @user gun control helps with population control, right? *sarcasm*",0,-0.1779,0,0.2857142857142857,1,0,0.9865164756774902
3307,"#FlashBackFriday ""Best friend Party"" #MannequinChallenge LITTTT 🙌🏾🙌🏾🔥🔥 @user",1,0.743,1,1.0,1,0,0.9858201742172241
3308,Can't attack white supremacy in the same breath you praise a God that was forced onto your ancestors by white supremacists,0,0.4777,1,-0.07500000000000001,0,1,0.9955381155014038
3309,lol guys here is Bryce's social security number 🙃 bryce providing everyone's meals tonight 👌👌💦 @user,1,0.9499,1,0.4166666666666667,1,0,0.9778881072998047
3313,@user Unbelievable Many seniors can barely survive on social security & now he wants 2 raise their premiums @user is an ass,0,-0.0772,0,0.10666666666666666,1,0,0.9990636706352234
3314,"For Democrats to recover, Nancy Pelosi and her team should go",0,0.0,1,0.0,1,1,0.996685802936554
3319,"@user guess who wants to do away w Medicare, Social Security, ease Wall Street regs so we can have another housing crash...Rs",0,0.5994,1,0.11666666666666667,1,0,0.9989607334136963
3320,@user there are no gains in vegetarianism.,0,-0.2584,0,0.0,1,0,0.999215841293335
3321,What is life lol what are we 💀😂 UFO's steal our cows bc they like beef to 😂 f vegetarianism that's what's the aliens want you to be 👽😂,0,0.8779,1,0.8,1,0,0.9910697937011719
3323,"Easy week for the huskers learning the playbook this week, slant, deep fade very creative",1,0.7264,1,0.36111111111111116,1,0,0.9330191016197205
3325,"This totally threw me. It may not be about gun control per se, but imagine living somewhere this needed to be made 😞",0,-0.5621,0,0.0,1,0,0.9987503290176392
3327,Arthur and Psycops have been friends since childhood. Couple of bad hombres. #gorelords,0,-0.1027,0,-0.6999999999999998,0,1,0.9918027520179749
3328,"I’m a student of Sergei Eisenstein, Nazi propagandist Leni Riefenstahl.” - Steve Bannon .Propagandist in White House... brilliant #Trump",0,0.5859,1,0.45,1,1,0.9968721270561218
3329,#Hatchimals @user Why would you give PR to someone taking advantage of the Christmas season. Reprehensible.,0,0.25,1,0.0,1,0,0.9993033409118652
3331,"@user @user @user @user Give these Deplorables an inch, they take the whole damn country...",0,-0.4019,0,0.2,1,1,0.8913527131080627
3332,HURRY!  then work on dismantling the electoral college. it's a dinosaur that needs extinction. 2.7 million (so far)…,0,0.0,1,0.0,1,0,0.9972148537635803
3333,Who wants to work for #Uber after reading this from Business Insider UK?,0,0.0,1,0.2,1,0,0.9976728558540344
3335,remembers that persona 5 was delayed AGAIN and enters great depression,0,-0.128,0,0.8,1,0,0.9995582699775696
3338,Every cop killed by a #BlackLivesMatter terrorist is more blood on @user hands.,0,-0.8807,0,0.15,1,0,0.9963412880897522
3340,#Leftists complain about @user #Cabinet selections:  PO'd they actually WORKED 4 their wealth instead of fleecing the public.,0,0.1779,1,0.0,1,0,0.9894846081733704
3341,House Conservatives Signal Donald Trump Won't Have A Blank Check | The Huffington Post,0,0.0,1,0.0,1,1,0.8549413681030273
3344,@user California alone gave her the popular voteSo we want a state full of namby pamby's and true elitist's running the country?,0,0.5994,1,0.4333333333333333,1,0,0.8640358448028564
3345,@user KEEP PRAISING YOUR RACIST NEO NAZI CHOSEN LEADER,0,-0.128,0,0.0,1,1,0.7523553967475891
3346,#HUMOROUS #SHORT@lawrence_wray ☑VALENTINE'S SURPRISE❥FINALLY Perfect Gift For Wife?❥https://t.co/b7Ubk9fC00,1,0.873,1,0.75,1,0,0.6624857187271118
3347,Racist of the week. Wow!Alabama Trump Supporter Gets Fired For Incredibly Racist Rant About The Obamas #UniteBlue,0,-0.9295,0,0.9,1,0,0.9986701011657715
3348,Losing weight is REAL. 😅😀#EnglishMonth#IFightAgainstModernSlavery#unitednations @ San Isidro…,1,0.34,1,0.2,1,0,0.9960005879402161
3349,"First Thanksgiving, Christmas, New Years, Valentines Day and Birthday without my Dad 😪!",0,0.0,1,0.2102272727272727,1,0,0.9507496953010559
3351,"Today's Game Plan for Survival: Opposite Day ""The cast of Hamilton was OUT OF LINE!!""""Everyone Needs to MOVE ON!!""""Bad Hombres!!!!!!!""",0,0.0,1,-0.4666666666666666,0,0,0.9996795654296875
3353,"@user @user Leftists lie. If they get the opportunity, they'll break out cases of guns & murder everyone. It's what they do.",0,-0.4404,0,0.0,1,1,0.7427430152893066
3354,@user @user Trump told lies check politifact on it. But comey f d up this election.,0,-0.2263,0,0.0,1,0,0.9919706583023071
3356,"@user pretty sure what the world needs right now is for y'all to cover Leonard Cohen's, ""The Future.""",1,0.6705,1,0.2589285714285714,1,0,0.8605614900588989
3357,"Jill Stein is now the Democrats puppet. They will do anything  to beg,borrow or steal this election. Stein and Dems real scum.@FoxNews",0,-0.4939,0,0.2,1,0,0.9963143467903137
3358,#TheScreamingStarted when deplorables noticed the swamp had grown deeper.,0,0.0,1,0.0,1,0,0.8200090527534485
3359,"Stop It, Liberals…Hillary Lost The Popular Vote By Several Million, Here’s Why",0,-0.1779,0,0.3,1,0,0.9992468357086182
3360,"#ThankYouObama now I know what @user was talmbout with B. Cooper, like where you come from, Bro? 😭",1,-0.1531,0,0.0,1,0,0.9800233840942383
3362,"@user you mean privatizing it, oh that'll be great, an HMO worthless plastic card like Medicaid,  yea u care about the vets",0,0.7845,1,-0.10416666666666667,0,0,0.9987049102783203
3365,"Embargo on pesticides means that organic honey is a big export for Cuba, while our bee populations suffer",0,-0.5423,0,0.0,1,0,0.9876301884651184
3370,@user @user @user DELO LOVES SUFFERING AND OPPRESSION IF IT'S CASTRO OR MADURO. HE NEEDS OPPRESSOR TO B WHITE. WHAT A PIG,0,0.1531,1,0.0,1,0,0.9955548644065857
3373,There is no one else that could or should sing #BeautyAndTheBeast We want @user to sing it!,1,-0.2942,0,0.0,1,0,0.9990929365158081
3374,"So many Cabinet billionaires, waiting 2 flipflop on #TPP. That boosts US power for 1% supposedly at expense of rest…",0,0.3182,1,0.5,1,1,0.9725185036659241
3377,I pardon Turkey in thanksgiving! Yet MOVIES of Cutting Low income and  disable social security can not pardoned! All are Creators =Homeless!,0,0.3204,1,-0.18263888888888888,0,0,0.9985787868499756
3378,"RT @user There are Nazis in DC saluting Donald Trump. They are not ""alt-right,"" they are NAZIS. Share this and resist this.",0,0.296,1,0.0,1,0,0.9971259236335754
3380,@user Another history rewriter? Saakashvili attacked S. Ossetia ON THE DAY OLYMPICS STARTED. Can't run from facts.,0,-0.4588,0,0.0,1,0,0.9925172328948975
3381,"10/When Nazi scientists looked at options for creating a ""pure race,"" they turned to the experts in the Anglophone world who'd done the most",0,0.296,1,0.35714285714285715,1,0,0.8702942728996277
3383,@user @user @user @user I think she's a fucking Nazi.,0,0.0,1,-0.6,0,0,0.9995028972625732
3384,"@user I think, u know I think I would like to build a wall on the border with mexico, not to let mexican food in",0,0.3612,1,0.0,1,1,0.9704450964927673
3385,@user hahahahahaahhahahaahha bhae i identify with leftists because i dont identify with rightists,0,0.0,1,0.0,1,0,0.997995138168335
3386,WHOEVR KILLS LEO DESERVES DEATH PENALTY @user @user @user @user @user @user,0,-0.9274,0,0.0,1,0,0.9980489015579224
3387,Harry and I have become obsessed with magic tricks and now we spend hours a day watching David Blaine and Penn & Teller videos,1,-0.296,0,0.0,1,1,0.9084293246269226
3388,"@user Drain the swamp? Obamacare? Int allegiances? Interrogation? Climate change? Clinton being charged? Gigantic wall? Yeah, exactly.",0,0.3313,1,0.25,1,0,0.9961951971054077
3389,"Does Donald Trump love Melania? Has he ever been in love? I'm not sure and I lean towards no, my model of his inner life is repulsive to me",0,0.8315,1,0.1875,1,0,0.9959818124771118
3390,#France's Marine Le Pen says the result shows #Italians have rejected the #EU.....#TrumpEffect #Brexit #WakeUpWorld,0,-0.5106,0,0.0,1,0,0.997434675693512
3391,"#nodapl Few Dems hv stood up for us, thus silently supporting th GOP bigots' views & actions. Cowardice is unforgivable in such situations",0,0.4404,1,0.016666666666666663,1,1,0.9874087572097778
3392,@user @user Putin abducted Ukrainian citizens in occupied territories & mobilized them /human shield against Ukraine = war crime.,0,-0.8934,0,0.0,1,0,0.9447268843650818
3393,UC liberals are always happy to bash Muslims and Dalits and will do in every opportunity. Remember they don't understand social justice..,0,0.5753,1,0.4166666666666667,1,1,0.9193841218948364
3394,".@chrislhayes @user Pizzagate was the difference in the election. Comey letter, tied to Weiner, led to 10 days of HRC pedophilia stories.",0,0.0,1,0.0,1,0,0.9943708777427673
3395,TGIF DRIVE #sensual #redlight #uber #uberlife #eyeswideshut #👀 #tgif #friday #look #mirrors #portrait #lights #pari…,1,0.8091,1,0.0,1,0,0.9010165333747864
3396,A Deep Learning Supercomputer Approach to Cancer Research,1,-0.6597,0,0.0,1,1,0.9985633492469788
3397,This is ❤ #ThisIsUs,1,0.6369,1,0.0,1,0,0.9916640520095825
3399,@user @user Sanders was my fear as far as tax hikes. I didn't vote trump btw. Even though Obamacare has ruined me,0,-0.743,0,0.1,1,0,0.9973204731941223
3401,"@user @user it's one thing to disagree, another to be hateful. I saw the latter in my mentions after she quoted my tweet.",0,-0.7003,0,0.0,1,0,0.9922269582748413
3406,drone strikes at christmas ??????? Herod must somehow be related to Hilary then,0,-0.5362,0,0.0,1,0,0.9969232678413391
3407,of course because everything that's not leftist is racist to leftists.,0,0.4973,1,0.025,1,0,0.9944573640823364
3408,"Paul Ryan is attacking food stamps, Medicare, Medicaid, ACA, Social Security. This in fact threatens lives. This must be stopped now.",0,-0.6249,0,0.03333333333333333,1,0,0.9971355199813843
3409,"Building a fence on Mexican Border, not only keeps people out, it also keeps people in, to imprison both people to hatred with the wall.",0,-0.6369,0,0.0,1,1,0.9953759908676147
3410,@user kys kim fatty the third,0,0.0,1,-0.1,0,0,0.9657113552093506
3411,Social Security Went In On This Check Smh. Like A Whole $60 For What 😩😩,0,-0.1531,0,0.11666666666666667,1,0,0.9958047270774841
3412,@user Is this supposed to look like the Electoral College map?  Need to point that out to the #Leftists.,0,0.3612,1,0.0,1,0,0.9994912147521973
3414,@user @user @user @user @user @user n weve always ben told dems were the nazis,0,0.0,1,0.0,1,0,0.9969039559364319
3415,@user I personally try not to get political on twitter but all the drone strikes and supporting Israel's genocide of Palestinians 👎,0,0.1531,1,0.08333333333333333,1,0,0.9853761792182922
3417,Immigrant Workers Positive for Developed Countries via @user,1,0.5574,1,0.16363636363636364,1,0,0.8346266746520996
3419,Which is his right. In several instances people have put digs against Obama in their obits. Rightists I guess you'd…,0,0.0,1,0.14285714285714285,1,1,0.7536502480506897
3420,"""They're doing everything to overthrow #Brexit"" say protesters ahead of Supreme Court hearing govt appeal",0,0.4019,1,0.0,1,0,0.980574369430542
3421,"*Ben Carson whisper voice* America needs these hands more than ever Movie Theater Ticket Taker: sir, your movie started 20minutes ago",0,0.0,1,0.5,1,0,0.9865912795066833
3422,"Next, the @user brown-shirt/oath keepers/NAZI'S are going to take it upon themselves to aggressively harass Muslims.",0,-0.6705,0,0.0,1,0,0.990796685218811
3424,#TheWalkingDead Favorites @user and Greg Nicotero Turn Zombie Appetite Into Upscale Restaurant…,1,0.4215,1,0.0,1,0,0.9678782820701599
3425,Top story: RED LINE SYMPTOMS OF ACONITE | I LOVE HOMEOPATHY see more,1,0.7739,1,0.375,1,0,0.895272433757782
3427,"Just imagine, this is where kids play. Toxic fumes galore. #MosulOffensive #ChildrenFirst #Iraq via @user",0,0.3182,1,0.0,1,0,0.9930955767631531
3428,@user she working for GEORGE SOROS ANOTHER PAID PUPPET,0,0.0,1,0.0,1,0,0.9810101389884949
3429,@user @user @user They come forward for chemical castration. If they don't and hurt a child it's death penalty. Easy :-),1,0.0196,1,0.4666666666666667,1,0,0.9932128190994263
3433,Is there anything Tim Duncan can't do?,1,0.0,1,0.0,1,0,0.9917048215866089
3434,Studs Terkel 1963 interview with Bob Dylan airing right now on @user livestream at ♫♪♫♪♫,1,0.0,1,0.2857142857142857,1,0,0.9739024043083191
3440,"@user @user hillary Clinton,and the corrupted foundation, has come to a end.fake news,useing the media to spread there lies!",0,-0.4753,0,0.0,1,0,0.9996598958969116
3441,Half of South African workers earn less than the proposed R3500/month national minimum wage,0,0.0,1,-0.1111111111111111,0,0,0.9916533827781677
3444,"TPP, ignoring Standing Rock, and urging Hillary to concede when there was election shenanigans (thousands of padded votes). #Obamagivesup",0,-0.4019,0,0.0,1,0,0.9832715392112732
3446,Who did Soros buy off in Oakland?,0,0.0,1,0.0,1,0,0.9953887462615967
3447,"Call these GOP Senators and ask them to stop/block Michael Flynn for Nat'l Sec, Steve Bannon for Chief of Strategy…",0,0.0,1,-0.1,0,0,0.9977503418922424
3448,"@user @user Not to worry, sensible gun control laws are coming. When they wake up & realize AA'S are buying guns by the...",0,0.0015,1,0.0,1,1,0.5820744633674622
3449,"I think I'm past the 'bacon on my bacon' stage, and can cross that out of my list. Returning to vegetarianism has taken the long way around😅",1,0.3612,1,-0.09999999999999999,0,0,0.9743744730949402
3451,@user buy Persona 5. Pre-order it on Amazon,1,0.1779,1,0.0,1,0,0.9910265803337097
3453,"#Tesla #ModelS can be #located, #unlocked, #stolen by #manipulating #Tesla #apps #security #infosec #Privacy",0,-0.5106,0,0.0,1,0,0.9882670044898987
3454,"@user How about a similar piece on Nancy Pelosi? Oh wait, you guys are shills, not journalists.",0,0.0,1,0.0,1,0,0.9979637861251831
3455,When liberals judge you on your beliefs when both your Grandparents are unable to work and undergo Atos work assess…,0,0.0,1,-0.5,0,0,0.6132403612136841
3456,"#Ukraine  #Poroshenko Signs Law That Allows Fining TV & Radio Stations For ""Separatism"" via @user",0,0.0,1,0.0,1,0,0.9763571619987488
3457,Google Earth VR May Be The Best Way To Explore The World Without A Plane Ticket,1,0.6369,1,1.0,1,0,0.589917778968811
3458,@user @user this all coming down from the scum media and lib leftists .,0,0.0,1,-0.22777777777777777,0,0,0.9996969699859619
3459,@user @user @user he's a Nazi collaborator who sold his family/friends/neighbors/entire ethnic group 2 Satan so he could B rich,0,0.5574,1,0.375,1,0,0.998677670955658
3460,"From anti Trump riots to writings on ""Normalizing Donald Trump"", the anti-Trump movement is a huge circle jerk of liberal virtue signaling.",0,-0.4404,0,0.39999999999999997,1,0,0.9895457625389099
3463,Fuck the Un #UnitedNations for what the jew is doing to Palestine. Now the world knows why the Hero Hitler burned the fucking jews alive.,0,0.4549,1,-0.3,0,0,0.9986542463302612
3465,Good. I used Ivy League lawyers for biz litigation. Never again. They suck.,0,0.5432,1,0.7,1,1,0.9044117331504822
3466,"@user I stirred t pot w leftists at a Mike Brown rally ~ yr ago, had maybe 10 breathing dwn my neck, but this was far more intnse",0,0.0,1,0.3,1,0,0.9876902103424072
3468,"@user WE didn't vote for this Nazi, Patton. It's the brainless ones drinking the orange Kool-aid that did this. 😠",0,-0.596,0,0.0,1,0,0.9971717000007629
3469,I don't know if I should watch and listen to the music video of La mordidito or just stare at the angelic ricky Martin 😍 damn,1,0.0772,1,0.0,1,0,0.9964497089385986
3470,@user Is someone in YOUR family a RU apologist? Be a patriot&report them to Saudi &Qatari dictatorship-funded #Clinton foundation today!,0,0.0,1,0.0,1,0,0.9803520441055298
3472,@user @user @user @user if u support a racist nazi u cant claim u dont support racism and nazi-ism.,0,-0.068,0,0.0,1,0,0.9990434050559998
3473,Saakashvili: Ukraine faces chaos if no snap elections held,0,-0.7096,0,0.0,1,0,0.9891874194145203
3476,"@user @user What happened to the peaceful transition of power? Popular vote means nothing, a dozen cities cant decide election.",0,0.7184,1,0.425,1,0,0.9977465271949768
3478,Algeria donated to Clinton Foundation to get off terror list. by #egopanthers via @user,0,-0.5267,0,0.0,1,0,0.9782413244247437
3480,"@user I'm pretty sure if I had a disease where I was going to lose all motor functions I'd prefer euthanasia, #NOZOMBIE",0,0.4215,1,0.375,1,0,0.9995585083961487
3481,@user its a 3 to 4 page paper on Why or why not should the United States build a bigger wall along the Mexican Border? Apa format,0,-0.3252,0,0.0,1,0,0.9985059499740601
3482,"Brave @user won't be covering Melania as much: ""We plan on having no part in normalizing theTrump family.""",0,0.296,1,0.5,1,0,0.9996848106384277
3483,Deliverancing:  Trump's deplorables squealing like pigs when they realize he screwed them too #UsefulNewVerbs,0,-0.1779,0,0.0,1,0,0.9987910389900208
3485,"1. Shes a model not a comedian 2. It was political agenda at a music award 3.Melania is the cheap shot, ridicule Tr…",0,-0.1739,0,0.2,1,0,0.9984109401702881
3486,@user @user how hard is it to post the prices not everyone can afford VIP unless they win lotto or marry Zac Efron,0,0.8143,1,0.25416666666666665,1,0,0.9995478987693787
3488,TRUMP SEEMS TO B PICKING HILLARYS PICKS SO IN DECEMBER SHE CAN STEP IN WITH A PICKED CABINET HA?!,0,0.0,1,0.0,1,0,0.9876147508621216
3489,"@user @user PLEASE! #AuditTheElection ALSO force Trump to release his taxes, that would disqualify him from Presidency!!",0,0.6006,1,0.0,1,0,0.9884845614433289
3491,Big Oil's Isadore Hall was in DC last week pretending to be the new congressman-- even asking Pelosi to let him vot…,0,0.1027,1,0.04545454545454545,1,0,0.9970003962516785
3493,Some ole lady at thanksgiving was talmbout how she used to buy a zip for $40,1,0.0,1,0.0,1,0,0.9800976514816284
3494,@user You want women to take home little jars of blood clots? Because that's all an early abortion really is. There's no body.,0,-0.2878,0,0.037500000000000006,1,0,0.9987119436264038
3497,@user @user ISN'T it amazing stealing elections is so acceptable when leftists do it; don't let conservative pursue FAIR results!,0,0.7385,1,0.7375,1,0,0.9346791505813599
3498,Democrats knew the this was how important this election was.  We need to #UniteBlue Be bigger re-focus on OUR goal.,1,0.2023,1,0.2,1,0,0.9882932901382446
3499,Why is Obama in final months trying to decrease US leverage to deal with Iran violations and aggression in Trump admin? Incomprehensible,0,-0.6808,0,0.0,1,0,0.9987263083457947
3501,"@user Is there anything good about the north? G of Thrones =White Walkers, N Korea=Kim Jong Un , N Dakota=NoDAPL, N Carolina=Shitty Gov",0,0.4404,1,0.35,1,0,0.9995239973068237
3504,Goes to show what can be achieved by committed resistance to planet destroying fossil fuels.#NoCarmichael…,0,-0.3612,0,-0.2,0,1,0.9520622491836548
3505,@user I'm seeing so many liberals praising #Castro as a hero and a role model in spite of all he's done.,0,0.6077,1,0.5,1,1,0.7784874439239502
3507,Tr*mp is acting like Kim Jong-un and on Chinese social media they call KJU fatty the third. So by that measure Tr*imp would be?,0,0.3612,1,-0.03333333333333334,0,0,0.9965157508850098
3515,@user Being gay isn't a choice!!!!! A panel of gays including Anderson Cooper and Ricky Martin decide your fate,0,0.0,1,1.0,1,0,0.9987314343452454
3516,@user @user @user @user I forgot one from man who likes to pretend he's a preacher.,0,0.34,1,0.0,1,0,0.999051034450531
3518,I liked a @user video from @user Kitten with Broken Hip Saved from Euthanasia,1,0.3612,1,0.09999999999999998,1,0,0.9899448156356812
3525,"@user starts undermining Vic govt over fracking ban by threatening higher gas prices. F*ck off, you multinational parasites! @user",0,-0.8847,0,0.3125,1,0,0.9980666041374207
3528,Just keep on tweeting Team Robots! :) EDVEN StillfAYTing,1,0.5093,1,0.5,1,0,0.9918779134750366
3529,"Google Earth VR, guys. Mind blowing. Literally... just... Whoah. You have to come over and try this.",1,0.0,1,0.0,1,0,0.9582745432853699
3530,@user @user i.e. The robots stole my job,0,0.0,1,0.0,1,0,0.9994195699691772
3532,"@user #pizzagate #Podesta #Pedophiles ... dont get better, they get at what they do. They know the only remedy is the death penalty.",0,-0.8521,0,0.25,1,0,0.9973204731941223
3533,"""Mass immigration has turned British towns into 'ghettos' as bombshell report calls for migrants .."" via @user",0,0.0,1,0.0,1,0,0.9942836165428162
3537,"#Yemen: WikiLeaks on Twitter: ""The #Yemen Files: evidence of the US arming, tra… see more",0,0.0,1,0.5,1,0,0.9603860378265381
3538,the Dakota Access Pipeline is being funded by some of the most prolific donors to the Democratic Party. #NoDAPL,0,0.4019,1,0.5,1,0,0.7599566578865051
3539,"No. After the role of your network in spreading lies about #Libya in 2011, you don't get to call out ""fake news"" or…",0,-0.7096,0,-0.5,0,1,0.9705386161804199
3540,The Medicare Killers #TrumpTransitionTeam #trumpeffect #StopBannon #TrumpsFirstOrder #trumpprotests,0,-0.6486,0,0.0,1,0,0.9913280606269836
3541,.@Uber rival #Grab’s first CFO is leaving the company after just seven months - via @user #india #uber,0,0.0,1,0.25,1,0,0.9995582699775696
3542,only USA UK Israel say Vatican Pope Francis viel Glueck fuers Leben sagt Gott,0,0.0,1,0.0,1,0,0.9914650321006775
3543,@user Ben Carson hasn't mastered walking onstage after an introduction. Your bio domain is DOA.Muting...,0,0.0,1,0.0,1,0,0.999357283115387
3545,#Assad only still in power through mass murders by #Putin thru aerial bombing & massacres on the ground by #Iran &…,0,-0.6124,0,0.0,1,0,0.9933238625526428
3547,Donald Trump: Fight the appointment of hate-monger Steve Bannon to the President-Elect's administrati... via @user,0,-0.3818,0,0.0,1,0,0.9749437570571899
3548,"#Tesla Model S drop top, spotted by my buddy in LA @user",1,-0.0772,0,0.5,1,0,0.9491549730300903
3549,Donald Trump doesn't need to build a wall. Just put a load of lads from New Zealand on the Mexican border. #IREvNZL,0,0.0,1,0.06818181818181818,1,0,0.975764811038971
3550,Hypocrisy of U.S. criticism of Fidel Castro !Americans so easily fooled - deserve what their government is about t…,0,-0.4505,0,0.43333333333333335,1,0,0.9941154718399048
3551,RT @user I'm old enough to remember when we all pretty much agreed that Nazis were the bad guys.https://t.co/689ge5adxs,0,0.2023,1,-0.02999999999999996,0,0,0.9851304292678833
3553,"HAHAHA HA   ""MUH SS 420""  MY SS 420 BLAZE IT.  WTF nazi drug smoker niggas in Volvos ?",0,0.1363,1,-0.15,0,0,0.9964147806167603
3554,"so if the Electoral College goes with Clinton, all the #Trump folks will have their turn to hypocritically whine, complain, and protest...",0,-0.7184,0,0.0,1,0,0.997319757938385
3558,Big game for the @user tonight! Here are my keys to a victory over a tough Hawks squad. #takenote #ATLatUTAhttps://t.co/eVzwAI4g0y,1,-0.2003,0,-0.2962962962962963,0,0,0.985323965549469
3559,Calm before the storm... #ThisIsUs,1,0.3182,1,0.30000000000000004,1,0,0.8922088146209717
3560,"@user @user I'll look for it next time I'm in Myer! The animal testing thing shits me up the wall. Just say no to China, FFS.",0,-0.8786,0,0.0,1,0,0.9987027645111084
3561,"#Hatchimals is the top #Christmas product for 4 weeks running, quickly followed by #Fitbit! check out more here",1,0.2714,1,0.47222222222222215,1,0,0.643125593662262
3562,"@user Enjoy your wait! You have Google and can type in ""voter suppression"", I presume.",0,0.5411,1,0.5,1,0,0.9793974757194519
3563,@user @user PLEASE #NeverRomney He has hateful BELIEFS about PEOTUS. That won't change. He's not part of the DEPLORABLES,0,-0.0431,0,0.0,1,0,0.9859437942504883
3566,"I don't get it !What is the gun giving to d FRSC meant for , are drivers criminals, or does over speeding now carry d death penalty.chineke",0,-0.8356,0,0.0,1,0,0.998963475227356
3567,I've started using Marine Le Pen's twitter acct to figure out if I am happy or sad about EU political results (Italian referendum - oh no!),0,0.2244,1,0.07500000000000001,1,0,0.9971973896026611
3568,"@user @user Well, when Michelle Obama claims a fake degree and plagiarizes Melania's speech, then I'll find this justified.",0,0.2789,1,-0.04999999999999999,0,0,0.9732639789581299
3569,Velvet is in! LuLaRoe has the more modest version. Check out #LuLaroeelegant,1,0.0,1,0.3,1,0,0.8021177649497986
3571,"""the patches] are being used to kill people with dementia, with the idea that it’s cheapest and best to get rid of…",0,-0.128,0,1.0,1,0,0.9988113641738892
3574,But I'm a bum right ? I wont be shit right ? Ill be working my minimum wage jobs til I die right ? FOH . 😇🖕🏻,0,-0.4027,0,0.03142857142857142,1,0,0.9959129691123962
3575,Renzi Resigns Following Crushing Referendum Defeat #Italy #election #referendum #Renzi…,0,-0.7783,0,0.2,1,0,0.9937392473220825
3576,Yup.....its alrwady starting...Medicare will end..then ss will be cutHope all seniors who voted for trump..are...,0,0.0,1,0.0,1,0,0.9879855513572693
3577,More scary white supremacists trash talk!,0,-0.7226,0,0.0,1,0,0.9741970300674438
3578,"This is a funeral he will not miss he will be joined by Maduro, Duterte and like minded comrades. #FidelCastro",0,0.1139,1,0.0,1,1,0.9933700561523438
3581,"The point is, humanity survives by adaptation. If we keep relying on fossil fuels and pretend like things aren't changing, we will all die.",0,-0.4215,0,0.0,1,1,0.9480530023574829
3582,@user Then there's an Iraq War by a Christian nation causing thousands of deaths of civilians plus drone strikes around the ME.,0,-0.7506,0,0.0,1,0,0.9979223608970642
3583,RT @user The people who support this man are Nazi-sympathizers. No other explanation. Alt-Right is a PC way to say Neo-Nazi,0,0.128,1,0.0625,1,0,0.9987260699272156
3586,@user and if I still don't have a boo by Valentines then I'm blaming you,0,-0.4939,0,0.0,1,0,0.9980069994926453
3587,@user Americans lost their moral authority when they issued drone strikes on wedding parties and funerals@washingtonpost @user,0,-0.2023,0,0.0,1,0,0.9997702240943909
3588,YTP-Bee Movie: Barry Beetrays the Nazi Party via @user,0,0.4019,1,0.0,1,0,0.9976528286933899
3589,"@user Haha, what is it abt her that's been for ppl? Her support of Israeli apartheid? Her pushing for lowering the minimum wage in",0,0.6199,1,0.2,1,0,0.9985920786857605
3590,Westworld is what television should be dear lord what a season finale,1,0.3818,1,0.0,1,0,0.9799445867538452
3593,@user @user @user What's funny is that you people label yourselves as Christians.,0,0.4404,1,0.25,1,1,0.9970611929893494
3595,Renzo was Italy's 41st  PM since the war.Another vote on immigration pulling Europe apart.,0,0.0,1,0.0,1,1,0.9964898228645325
3600,@user @user What part of I am going to eliminate Obamacare did you not understand?,0,0.0,1,0.0,1,0,0.9986024498939514
3601,#Yemen #Hillary #Trump #MAGA Corruption to kill.,0,-0.6908,0,0.0,1,0,0.9907005429267883
3604,I Told You Who the Army Works For. The Pipe Line Aint Even For a Company Thats In America. TPP Already Going Down Wit Our Military On CALL !,0,0.0,1,-0.14027777777777778,0,0,0.9854001402854919
3605,"My uncle's twitter feed is full of ""George Soros is funding anti-Trump riots"" posts. #tytlive",0,-0.5106,0,0.35,1,0,0.9945024251937866
3606,"Niall & Louis, the same shirts ♥#MPN #onedirection & #MtvStarsNiallHoran",1,0.6369,1,0.0,1,0,0.9922893643379211
3607,Watching Chanel taunt desperate masses on Black Friday is the funniest thing in life #ScreamQueens,1,0.3182,1,-0.3833333333333333,0,1,0.9993652701377869
3613,@user @user @user Comey working primarily to secure his place in the GOP future. He deliberately  scuttled Hillary.,0,0.34,1,0.2,1,0,0.9995707869529724
3617,Did Putin spread the lie that EM had a shot in Utah LMFAO,0,0.6408,1,0.0,1,0,0.9880401492118835
3619,"@user @user @user Steven ""dump a mag in every fag"" Crowder eats Alt-Rightists for breakfast.",0,-0.6908,0,0.0,1,0,0.9992119073867798
3621,"Aren't you just the tiniest bit sad your friend got murdered?""MehLove #ScreamQueens",0,0.0258,1,-0.5,0,0,0.9913426637649536
3622,Like it's about abortion 😞,0,-0.1531,0,0.0,1,0,0.9602969884872437
3623,"""People who are being critical need to get a life"" coming from a congressman who has done nothing but be critical and obstruct obama admin.",0,0.2006,1,0.0,1,0,0.9953582882881165
3624,Gun Sales Down Nationally Following Trump Win #tcot #tpp,0,0.34,1,0.21481481481481482,1,0,0.9985657334327698
3626,"Catching up on #TheDailyShow & found out Steve Bannon's motto is ""Honey badger don't give a shit."" This is a fact. About a White Supremacist",0,0.5305,1,0.13333333333333333,1,0,0.8872052431106567
3627,Why is there still a vaccine/autism controversy? Because families are blocked from getting into a REAL court to prove vaccines cause autism,0,-0.2732,0,0.2,1,0,0.9994776844978333
3628,Need to re-watch WestWorld!,1,0.0,1,0.0,1,0,0.9976339340209961
3631,Hollywood Anti-Gun Control “Agenda Film” a MASSIVE FLOP,0,-0.4824,0,0.0,1,0,0.9997405409812927
3632,"#BlackLivesMatter protester hit by Black drivers via ""OH MY GOD"" Now that was funny.",0,0.694,1,0.04166666666666667,1,0,0.9725473523139954
3634,Graphic: All of Messi's good passes against Celtic #fcblive,1,0.4404,1,0.35,1,0,0.9623462557792664
3637,"@user Several parallels with Brexit in UK, which was led by far-right-wing Conservatives, who fooled working classes to support them",0,0.0258,1,0.0,1,0,0.9763889908790588
3638,I haven't seen my best friend since the Cubs parade ☹️ and we only live less than 5 minutes away. 😩,0,-0.5673,0,0.14393939393939395,1,0,0.9909992218017578
3640,@user is Melania trump flo and is Putin Lighting McFuckmyass,0,0.0,1,0.0,1,0,0.9945764541625977
3641,Imma miss Obama 😭😭 #ThankYouObama,1,-0.7783,0,0.0,1,1,0.9968511462211609
3642,@user you'd be suprised. Leftists don't really care about reality.,0,-0.43,0,0.2,1,0,0.9997438788414001
3643,Here's a new photo of #BeautyandtheBeast! via @user,1,0.0,1,0.17045454545454544,1,0,0.9789846539497375
3646,In case someone is not aware of Steve #Bannon's mental issues...,0,0.0,1,-0.1125,0,0,0.9954272508621216
3647,"America, for instance, has more than 200 years of lessons unlearned. As for Britain, Brexit is 100% in keeping with its aloof insularity.",0,0.0,1,0.5,1,1,0.8792205452919006
3648,"Fidel is gone, maduro you are next.",0,0.0,1,0.0,1,0,0.9866684675216675
3650,Pope Benedict admits he was 'unsure' about Francis at first,0,0.0516,1,0.25,1,0,0.9590347409248352
3652,Prophesized collapse of organized religion in society? We can only hope. They think Francis will be the last Pope. He's a hard act to follow,1,-0.1779,0,-0.09722222222222222,0,0,0.9955434203147888
3653,"Oh great! Both are idiots! Put capable people instead of billionaires,idiots and downright white supremacists!",0,0.7633,1,0.05,1,0,0.9964935183525085
3654,"I'm glad Persona 5 got delayed to next year, since Atlus fans no longer have a reason to be obnoxious about FFXV.",1,-0.4767,0,0.25,1,0,0.998778760433197
3657,"""TSA has recalled the air travel of the Samsung galaxy note 7. If you have this device, please step up to the security line""",0,0.5719,1,0.0,1,1,0.9895674586296082
3658,Hell just frozehttps://t.co/vhmYcVyibX,0,-0.6808,0,0.0,1,0,0.9989230036735535
3659,"@user @user When he grabs them by the Medicaid, the Social Security, & the prenatal care, & the overtime, they'll see who he is.",0,0.6808,1,0.03333333333333333,1,1,0.9702248573303223
3660,"After #Uber came with# UberWEDDINGS #Ola will let you listen to #AppleMusic, Watch #SonyLIV Movies…",1,0.0,1,0.0,1,0,0.7742830514907837
3661,@user like I saw someone on FB share an article saying that instead of vaccines people should just be exposed to the disease to fight it,0,0.2023,1,0.0,1,0,0.9966973066329956
3662,"#Didyoumiss via @user Meet Melania Trump, the former nude model that is America’s new First Lady FLOTUS",0,0.0,1,0.12878787878787878,1,0,0.9804136157035828
3663,What's better than thanksgiving day dinner? The leftovers.,1,0.4404,1,0.5,1,0,0.9616912603378296
3664,"David Blaine is not magic, he's incredible. Again, he's incredible, but not magic.",1,0.0,1,0.325,1,0,0.9021895527839661
3668,"US Neo-Nazi Richard Spencer is married to @user from #Russia, who is Dugin's translator & pro#Kremlin trol…",0,0.0,1,0.25,1,0,0.9169264435768127
3669,@user @user @user @user it's a data point. Being triggered by data points also something liberals do. Don't be  dumb,0,0.4023,1,-0.375,0,1,0.978078305721283
3670,The only thing I can commit to is my vegetarianism,1,0.296,1,0.0,1,0,0.9984949827194214
3672,I had steak n shake yesterday so I guess I celebrated...lol #Clueless  #NationalFastFoodDay,1,-0.4939,0,0.0,1,0,0.7079676389694214
3673,"@user @user TPP the gold standard. She also was in favor of government deregulation, a border fence, called black people super",0,0.765,1,0.05555555555555555,1,0,0.9707461595535278
3674,This is the solution to the rioters blocking stores  and attacking people on behalf of George Soros's…,0,-0.5106,0,0.0,1,0,0.5333506464958191
3675,@user Funny since it is easy to prevent fraud: Ensure social security number exists before allowing voter registration.,0,0.7506,1,0.2388888888888889,1,0,0.933601975440979
3676,#GilmoreGirlsRevival  #GilmoreGirlsTop4 1. Luke 2. Miss Patty 3. Mrs. Kim 4. Paul Anka Can't wait for this Friday 😁😁😁😁,1,0.886,1,0.0,1,0,0.824529230594635
3677,so i'm newly obsessed with david blaine,1,-0.2415,0,-0.5,0,1,0.691933810710907
3679,That meeting with pelosi Shumer and others dems..including Hillary and.. ( Jill Stein),0,0.0,1,0.0,1,1,0.9541228413581848
3680,i just wonder how much @user got paid and what position she was offered - may be a role in Clinton Foundatio…,0,0.0,1,0.2,1,0,0.9945665597915649
3681,Quick! Do one of those on-the-street things where you ask random people if we should pull out of TPP and then ask them what it stands for!,0,0.0,1,-0.10416666666666669,0,0,0.9981141090393066
3682,I liked a @user video from @user Christian Vegetarianism,1,0.4215,1,0.3,1,0,0.8015040755271912
3685,Jill Stein's #Recount2016 sounds more & more like another George Soros project,0,0.469,1,0.5,1,0,0.6833272576332092
3687,"it's a tiny little friend all wrapped up in a hot pink tuxedo .. I think about it morning, noon, & nite ... #ScreamQueens #Adderall 😂😂",1,0.8275,1,-0.009375000000000001,0,1,0.9786093235015869
3696,Are you hunting for one of THESE? @user got a #Hatchimals and we'll be telling you how to get it…,1,0.0,1,0.0,1,0,0.9145150780677795
3699,@user @user @user He is one of my heroes. So grounded in common sense. I would follow this guy into battle.,1,0.1779,1,-0.3,0,1,0.9969424605369568
3701,You've probably heard of the Galaxy Note 7 phones that have been catching fire & it all has to do with the battery:,0,-0.34,0,0.6,1,0,0.9107226729393005
3702,@user @user not clear what sanction will be for breaking this oath in favour of miniskirts & gay marriage.,0,0.1818,1,0.18333333333333335,1,0,0.9993950128555298
3704,Google Earth VR. Utterly mindblowing. I'm lost for words. Finally #VR has found its killer app.,1,-0.7823,0,0.0,1,0,0.9610471725463867
3706,No Animal Testing - Ever!,0,-0.3595,0,0.0,1,0,0.9939257502555847
3709,(especially since I'm not getting that sweet sweet minimum wage in return for assisting you..) #lifepostretail,0,0.1331,1,0.2333333333333333,1,0,0.9896454811096191
3710,"""Drain the swamp.""Translation: Appoint the slimy creatures to my cabinet.#TrumpSpeak #TrumpTransitionTeam #NotMyPresident #DrainTheSwamp",0,0.0,1,0.0,1,0,0.9992132186889648
3714,"For a doctor, she ain't the sharpest candle in the Happy Meal. She's a puppet doing the bidding of #Hilltard, Slick…",0,0.5719,1,0.8,1,1,0.9190079569816589
3715,@user has more than 75 lawsuits underway against him right now #notmypresident Americans deserve better #StillWithHer,0,0.2585,1,0.42857142857142855,1,0,0.9978190660476685
3717,Homeopathy gave my triplets allergies!,0,0.0,1,0.0,1,1,0.9888290762901306
3718,"Cubs- ""We want to win the World Series in 2016.""Devil- ""OK, but it's gonna cost you.""Cubs- ""pfft, how bad could it be?""",1,-0.4939,0,0.20000000000000007,1,0,0.9971377849578857
3720,WAIT! COME BACK! NOOOO! [burp] - Mike Pence as,0,0.0,1,0.0,1,0,0.9966129660606384
3721,Why is Armstrong still speaking for Carson? It bothers me. I am not basing my concerns solely on the Mother Jones...,0,-0.2023,0,0.0,1,0,0.9941363334655762
3722,@user Putin: US / NATO is irreversibly pushing the world towards nuclear war,0,-0.5994,0,0.0,1,0,0.8833211064338684
3723,"#Microsoft—yes, @user the #Linux Foundation | #linuxfoundation @user",1,0.0,1,0.0,1,0,0.9907562136650085
3724,Closing my wallet in protest.  #NotOneDime #boycott #blackfriday #StillWithHer #notmypresident,0,-0.5106,0,0.0,1,0,0.9987533092498779
3725,Prof Leibowitz: There are Judeo-Nazis. Israel Represents Darkness #gaza #palestine #israel #BDS,0,-0.25,0,0.0,1,0,0.9775589108467102
3726,Reading about euthanasia stories for people with cerebral palsy reminds me how fortunate I was that my parents gave a damn.,0,0.0516,1,0.4,1,1,0.9971127510070801
3727,(Montreal Gazette):#Leonard Cohen's most recent #CD flying off store shelves in Montreal..,1,0.0,1,0.25,1,0,0.9915869235992432
3729,"#GilmoreGirlsTop4       Christiane Amanpour,      Sophie Bloom/Carole King, Madeleine Albright,            Barbara Boxer",1,0.0,1,0.0,1,0,0.7969445586204529
3730,@user You've celebrated people that commit Medicaid fraud.,0,0.2732,1,0.35,1,1,0.9866373538970947
3731,How Israel killed a #Hamas mastermind & honed its war on #Terror,0,-0.9153,0,-0.2,0,1,0.9472697377204895
3732,#muslims #Paris Prosecutor says 5 suspects detained are #ISIS operatives; were planning imminent attack -,0,-0.802,0,0.0,1,0,0.973217785358429
3733,MIGUEL. how dare he. #thisisus,0,0.0,1,0.0,1,0,0.9982801675796509
3734,Anyway the way OR rolled out its OHP access in '08 is a good antecedent to Medicaid expansion in the ACA,1,0.4404,1,0.7,1,0,0.6835837960243225
3735,@user you seen what the anti-Trump riots are doing? that is what is actually scaring millions of people,0,-0.7351,0,0.0,1,0,0.9927725195884705
3737,Immigration is a really crucial issue for these tech giants.,0,0.0,1,0.0,1,1,0.9731735587120056
3738,Thanksgiving was created because the white folk decided to steal from rape and murder the ppl who were first,0,-0.9118,0,0.125,1,0,0.9774721264839172
3739,Loser in Chief 😡#trumptransitionteam #notmypresident #fucktrump #jewishresistance…,0,-0.5267,0,0.0,1,0,0.9982067346572876
3740,@user It was OK when Trump spewed his hateful rhetoric during his campaign & put a white supremacist in his cabinet. #ComingoftheFourthReich,0,0.0601,1,0.25,1,1,0.9814789295196533
3742,"""TPP Grants Banks Terrifying Secret Powers"" on YouTube",1,-0.4215,0,-0.7,0,0,0.9532646536827087
3743,This NASTY woman is making her turkey taste GREAT with the side TACOS for d BAD HOMBRES! Si señorHappyThanksgiving😘,1,-0.3016,0,-0.3583333333333332,0,0,0.5528492331504822
3745,@user still doing animal testing breaks my heart b/c do you know how much I want to support their diversity campaign??,0,0.8205,1,0.2,1,0,0.9890773296356201
3746,#Israel #Arson #Hamas - Terrorists have set Israel ablaze today.  #Hamas,0,-0.6249,0,0.0,1,0,0.9036275148391724
3749,@user you're making me look like I'm part of the #TrumpTransitionTeam now. I have no clue what's going on.…,0,0.0772,1,0.0,1,0,0.9991769194602966
3750,"@user As soon as the Fed steps in, it's screwed up. If the minimum wage made sense at all, it would be 2 tiered 16-21 / 21-25 only",0,-0.4939,0,0.0,1,0,0.9996979236602783
3751,#ApartheidIsrael only understands threat of force or loss of #US #cash & #arms. It refuses 2 follow #ruleoflaw or…,0,-0.6908,0,0.0,1,0,0.9980728626251221
3754,"And the good part of that? A team up with Cassidy and nurse Awful, uhm I mean nurse Hoffel...😁*what's the ship name?*😝#ScreamQueens",1,0.504,1,-0.2041666666666667,0,0,0.9809879064559937
3755,@user @user - David blaine and nathan fielder would be whining abt ralph nader lol,0,0.2263,1,0.8,1,0,0.9978188276290894
3756,Listen up #Wisconsin Conservatives! Don't let them steal your State so get involved!,0,0.4959,1,0.0,1,0,0.6606479287147522
3759,This week; Scouts are working towards their next level of emergency aid badge & both Cubs & Beavers are making Christmas cards. 🚑✉️🎄🎅🏻,1,-0.3818,0,0.0,1,0,0.6535550355911255
3760,He could totally ruin Social Security and Medicare with privatization and reduced benefits! Hell hath no fury like…,0,-0.4065,0,0.020833333333333332,1,0,0.9780518412590027
3762,@user @user @user @user We must unite ALL against #oppression #IndigenousRights #BlackLivesMatter #J20 #disruptJ20,1,0.0,1,0.0,1,0,0.9793134331703186
3763,@user I think some form of euthanasia might be best,1,0.6369,1,1.0,1,0,0.9945260882377625
3765,"@user Now that's real smart. Shutting down their own neighborhood stores to protest Trump. Lol, what idiots",0,0.5423,1,0.15317460317460316,1,0,0.9761192798614502
3767,"@user Trump is like #TheWalkingDead Negan, breaking people until they are willing to serve.",0,0.3612,1,0.25,1,0,0.9882036447525024
3768,When a legend speaks about another Legend ❤ #Gerrard #Messi #FCBLive,1,0.6369,1,0.0,1,0,0.5279348492622375
3769,I don't think there has ever been a show that makes me cry almost every minute of every episode 😢❤ #ThisIsUs,1,-0.25,0,0.0,1,0,0.9817626476287842
3772,@user @user @user ...and the Clinton Foundation did well during the Obama years as a pay for play business,0,0.4767,1,0.0,1,1,0.991296648979187
3773,@user Yup I know him so why don't you just tweet from a huge #Hamas account?  @user @user,0,0.3182,1,0.39999999999999997,1,0,0.9972257018089294
3775,"Michael Moore exposes he's racist, says ""A white man over 35, who represents a minority, now leads the country""",0,-0.6705,0,0.0,1,0,0.9952492713928223
3778,"@user Normally, it works just fine, with integrity. The past winners confirm that. In this instance, two ballots minus Verlander? Bad",0,0.4588,1,-0.09666666666666664,0,1,0.9968976974487305
3780,@user Deport Michael Moore. He is a traitor and is inciting revolt and an overthrow of our government.,0,0.0,1,0.0,1,0,0.9960775971412659
3781,@user @user obamacare for me,1,0.0,1,0.0,1,0,0.9700596332550049
3783,This is #Gaza under #Hamas rule - discrimination against #ChristiansWhere are the #FreeGaza protests?@codepink…,0,0.0,1,0.0,1,0,0.993306577205658
3786,@user nope! HRC won popular vote by a landslide and still counting! She is the people's president! 1 vote=1 vote! #StillWithHer,1,-0.7578,0,1.0,1,0,0.9879077076911926
3787,@user how many of them voted for Nationals who support mining and fracking ?!! and will again regardless !!? #idiots,0,0.6402,1,0.09999999999999998,1,0,0.9996620416641235
3789,Lastly goodbye Samsung galaxy note 5 and hello iPhone 7 plus in the color black 😋😝,1,0.0,1,-0.08333333333333333,0,0,0.9840242266654968
3790,@user CHIP defines a child at conception. Some Democrats want to end CHIP by folding it into Medicaid. Should…,0,0.0772,1,0.0,1,0,0.994305431842804
3791,"Whatever scares you, dares you to be better. Discover how: @user",1,0.128,1,0.5,1,0,0.7879245281219482
3794,White House staffers stage a 'protest' against someone pooping in their oatmeal. Also strongly blame Trump for Hill…,0,-0.3182,0,0.21666666666666667,1,0,0.9852331280708313
3795,People are going to protest trump for 4 years and will accomplish nothing,0,0.2023,1,0.0,1,0,0.9992897510528564
3796,"Let's all unite! Let's all boldly fight the lying, crooked, disgusting, hate-spreading, nazi-supporting demagogue c…",0,-0.8016,0,-0.22222222222222224,0,1,0.9923486709594727
3797,Hey Kim Fatty The third u there :D ? Fatty fatty,0,0.6166,1,0.08000000000000002,1,1,0.6215745210647583
3798,I propose euthanasia chambers for all children who wander into my work without an adult and try hiding in the clothing racks,0,-0.296,0,0.1,1,0,0.9663497805595398
3800,@user @user @user @user @user you assume that leftists have integrity! They're Machiavellian!! Ends = means!!,0,0.5815,1,0.0,1,0,0.9901935458183289
3803,@user @user Sweet Jesus!  #TheWalkingDead,1,0.5093,1,0.4375,1,0,0.9688825011253357
3804,"Probably because nobody is talking about the American Indian Foundation, another Clinton scam",0,-0.5719,0,0.0,1,0,0.9997345805168152
3805,"Steve Bannon is a misogynistic, white supremacist homophobe--and he's Trump's new top advisor. Take action:",0,0.3182,1,0.18409090909090908,1,0,0.576528012752533
3806,@user I an so afraid of what will happen to us with disability on SSDI and medicaid and Medicare.,0,0.0,1,-0.6,0,0,0.9983286261558533
3810,Vegetarianism is murder. #FakeVeganFacts,0,-0.6908,0,0.0,1,0,0.998205304145813
3811,"Senator Hirono: Fire Steve Bannon: White Supremacist, against civil rights, immigrants, freedoms of religion PROTEST",0,-0.347,0,0.0,1,0,0.7751118540763855
3812,Manufacturing growth and value of dollar are diminished. Dollar has no intrinsic value after end of gold standard. @user,0,0.1935,1,0.0,1,0,0.9992917776107788
3813,"Other than Lorelai and Rory, #GilmoreGirlsTop4 characters are: 4.Sookie 3.Kirk 2.Jess",1,0.0,1,-0.125,0,0,0.783989667892456
3814,"Saddened by the deaths of the Iranian pilgrims in Iraq, martyrs all #MosulOffensive",0,-0.5267,0,0.0,1,0,0.9919425249099731
3815,#Hezbollah Hails Lebanese Army Blow to Arsal #Terrorists –  via @user,0,-0.6249,0,0.0,1,0,0.9866913557052612
3816,"@user @user If reducing fracking significantly isn't 'enough' for you, is BS... then I think you aren't serious on the issue.",0,0.0572,1,-0.16666666666666666,0,0,0.9994186162948608
3817,"Hey @user you need to drop that alt-right.  Call them what they are KKK or white supremacists or nazis ,NOT giv…",0,-0.4767,0,0.0,1,0,0.9972471594810486
3818,@user @user @user Way Romney talked about  98% that does not have wealth like him will turn into a nightmare for People,0,-0.5773,0,0.0,1,0,0.9970672726631165
3820,"@user The BBC are obsessed with Marine Le Pen - whereas here in France, no fucker is.",0,0.4102,1,-0.5,0,0,0.9889289736747742
3821,"So... if Social Security is ""running out"" and ""won't be available"" to me by the time I'm of age, WHY THE FUCK AM...",0,-0.4278,0,0.011111111111111108,1,0,0.9996687173843384
3822,"@user but Dems are so weak that even if there were more obvious issues, ala Florida in 2000, they'd pressure concession.",0,-0.8365,0,0.041666666666666664,1,0,0.999355137348175
3826,@user Translation: We need to suppress free speech & let govt decide what u read. SCOTUS wont let it happen. #1A #draintheswamp,0,0.5106,1,0.4,1,0,0.9991395473480225
3827,Gaspart: Ignorant to call Cristiano Ronaldo the world's greatest via @user,0,0.4767,1,1.0,1,0,0.8978174924850464
3828,#FFRNN #CLASSROOM GUEST LECTURER  Neil Cavuto; Apple vs. Government (A Company that Cares vs #Obamacare) #uniteblue,0,0.4588,1,0.0,1,0,0.9761525392532349
3829,@user I don't believe you when you talk of unifying the country. Stand up for all Americans. How can you defend Steve Bannon?,0,0.0,1,0.0,1,0,0.9971725940704346
3832,Has Ben Carson accepted the HUD job or are we still fucking around on this reality TV show?,0,0.2732,1,-0.6,0,0,0.9993299245834351
3833,"Commie #Castro's Vast Estate Estimated @ Over $900 ~ Yachts, 20 Mansions, Swiss Accounts, Yet His Citizens Starved.",0,-0.5574,0,0.0,1,0,0.9820184707641602
3836,the only one good thing about this whole dirty grandpa movie was zac efron's dick,0,-0.5106,0,0.07499999999999998,1,0,0.9996102452278137
3837,@user the only thing he's disloyal to are the white supremacists in the whitehouse!,0,-0.3164,0,0.0,1,0,0.9722796082496643
3841,@user I don't think we'll see anything like that from the Cubs for a while. Cubs used unprecedented prospect depth for that one.,1,0.5719,1,0.6,1,0,0.9712971448898315
3842,"#draintheswamp is looking a lot like filling it w elite insiders billionaires. Voting against the establishment, eh?",0,0.3612,1,0.0,1,0,0.9915415644645691
3845,The Nazi's would approve of what is occurring in the modern Europe. No doubt choice will eventually be removed.,0,0.2755,1,0.2,1,0,0.9980183839797974
3846,@user @user Everyone with a sane mind. Because that's where gerrymandering and voter suppression comes from.,0,0.0,1,0.0,1,1,0.9856343865394592
3849,Messi was a leader yesterday when he had told Suarez & Neymar to calm down after stuff got heated. #fcblive,1,0.3182,1,0.07222222222222224,1,0,0.9303230047225952
3850,"@user @user @user @user @user I live in MD. 3rd strictest gun ""control"" in the country.",0,-0.34,0,0.06818181818181818,1,0,0.9972737431526184
3852,@user prediction: Walker will get the cy young next year and a golden glove for Marte. The trade curse must continue!,1,-0.5848,0,0.15833333333333333,1,0,0.9695828557014465
3853,"RT @user it doesn't matter what the ""alt right"" says, the media's inability call them neo-nazis is apparently asymptotic",0,-0.4164,0,0.16785714285714284,1,0,0.9974129796028137
3854,#BlackLivesMatter banner at First Unitarian Church of Pittsburgh was vandalized this week,0,0.0,1,0.25,1,0,0.998944103717804
3858,"@user oh, the deplorables beg to differ.",0,0.0,1,0.0,1,0,0.9968223571777344
3859,L L L #Entertainment #Buzz ZAC EFRON HANDSOME BARECHESTED BEEFCAKE HUNK CANDID PHOTOGRAPH #eBay……,1,0.958,1,0.55,1,0,0.984747052192688
3860,This is why I firmly support Paul Ryan's plan to gut Medicare. White folks over 45 voted 60-40 for Trump. Let em ha…,0,0.4019,1,-0.1,0,1,0.9862507581710815
3862,All I wanted for Thanksgiving 😍,1,0.4588,1,0.0,1,0,0.9278655648231506
3864,I wish I was Ashley Graham,1,0.4019,1,0.0,1,0,0.9973824620246887
3865,"After watching the media applaud the Obama admin parade of fusterclucks, it's curious to see their concerns Trump choose qualified people.",0,0.6486,1,-0.175,0,1,0.9958488941192627
3866,Our Graphic Arts Media Courier is out !  #nationalfastfoodday #noir,1,0.0,1,0.0,1,0,0.9941930174827576
3867,"Yep. A wall on the Mexican border, that is. Obama, Schumer, you name it. They all voted for it. Consistently contra…",0,0.296,1,0.125,1,0,0.9861499071121216
3868,@user @user @user The 50+ year embargo against Cuba has not improved or changed anything for the Cuban people.,0,-0.3724,0,0.0,1,0,0.9994434714317322
3869,Dr. Tim Robinson Believes that Integrating #Homeopathy into His Medical Practice has Made Him a Better Doctorhttps://t.co/eCGIdN2xRL,1,0.4404,1,0.25,1,0,0.9901780486106873
3870,@user @user we are not giving Steve Bannon a pass!,0,-0.3244,0,0.0,1,0,0.9992851614952087
3871,Let me fix that headline for you: GOP Looks To Gut Medicare.You're welcome.,0,0.4588,1,0.8,1,1,0.9987013339996338
3873,@user @user he said he couldn't give a fair trial because he's Mexican and trump said he'd build a wall on the border if elected,0,-0.2411,0,0.35,1,0,0.9949612617492676
3876,This @user account is delicious! Nothing but deplorables who already feel betrayed by the Cheeto 😂😂😂😂,0,0.9108,1,1.0,1,1,0.9426277875900269
3877,@user showing already he's the most LAWLESS in history.#NotMyPresident #TheResistance #StillWithHer #MAGA #DrainTheSwamp,0,0.0,1,0.5,1,0,0.9992917776107788
3878,😇 (Vine by #TheWalkingDead),1,0.4588,1,0.0,1,0,0.9907914400100708
3879,Anne Aly's blistering feminism speech: put women in the room with men and we are invisible...Melania certainly wasnt,0,0.34,1,0.21428571428571427,1,0,0.9922558069229126
3880,Might be better to just fund drone strikes and other humanitarian causes.,0,0.1027,1,0.1875,1,0,0.9991864562034607
3882,#LandingTeams sounds like some sort of invasion force...at minimum an #AwayTeam on @user #TrumpTransitionTeam@FoxNews @user,0,0.3612,1,0.0,1,0,0.9987273812294006
3883,My @user obsession is reaching @user '03 levels. Not in @user '99 territory yet. I bought the paperback bio for that,1,-0.1531,0,0.0,1,0,0.9961078763008118
3885,#DumpTrump #WillMissObama #ThankYouObama gets 'choked up' presenting Ellen DeGeneres with Medal of Freedom – video,1,0.6369,1,0.0,1,0,0.9965863227844238
3886,"OBAMA, HILLARY, KERRYARMED, INCITED YEMEN CIVIL WARfor OIL $$$$$$$. period. 🚨🚨 #YemenFiles 🚨🚨#YemenCrisis…",0,0.0,1,0.0,1,0,0.9908187985420227
3888,Let me watch melania's speech again I miss her voice,1,-0.1531,0,0.0,1,0,0.9996758699417114
3889,"@user hey don't only build a wall on the mexican border, you can't trust canadians either #snowmexicans",0,-0.4023,0,0.0,1,0,0.994830310344696
3892,If Putin wanted to intervene all he would have had to do is donate to the Clinton Foundation. Not hack computers &…,0,0.0,1,0.0,1,0,0.9944466352462769
3893,Clinton Foundation Donations take fall After Election  EVEN MOST DEADLY OF DONATORS DO NOT WANT RAMIFICATIONS!,0,-0.2632,0,0.125,1,0,0.9717670679092407
3894,Jack's effort to turn their family's disastrous Thanksgiving into a memorable one 😭 #ThisIsUs,1,-0.7906,0,-0.09999999999999998,0,1,0.9451320171356201
3895,ALARM 🔔🔔ARE RINGING ....BUT IS ANYBODY HEARING THEM !!https://t.co/rAlDifIl4V,0,-0.392,0,0.0,1,0,0.9954062700271606
3896,COPS ARE BEING ASSASSINATED RIGHT AND LEFT@georgesoros gives $70M TO FUND #BlackLivesMatter TERRORISMyet @user BLAMES THE INTERNET,0,-0.5319,0,0.2857142857142857,1,0,0.9973666071891785
3900,"@user liberals now are leftist, nazi(neo) are leftist too. Why do you support them?",0,0.4019,1,-0.05,0,0,0.9915915727615356
3901,"Obama ""pandered to his green friends on the the #KeystoneXL pipeline. Result: Mr. Trump is inheriting a rebound in natural gas #fracking""",0,0.6808,1,-0.05,0,0,0.9481893181800842
3907,Let Céline sing the theme Song again! #BeautyAndTheBeast 2017 #emmawatson #BeOurGuest #CelineDion,1,0.0,1,0.0,1,0,0.5255759954452515
3908,@user Kim Jong Un needs to mix in a salad once in a while.,0,0.0,1,0.0,1,0,0.997566819190979
3909,@user @user @user No Warren is Hillary light another born again Republican that came to save liberals from themselves.,0,0.25,1,0.4,1,0,0.8930017352104187
3913,@user from @user  -  #rickymartin #JardinesDeMéxico ¡Gracias! 🙏🏻 #OneWorldTour #México #Meksika…,1,0.0,1,0.0,1,0,0.9764575362205505
3914,"@user would love a cards/cubs version, or yanks/sox. my dream is a 3-way a's/giants/dodgers cap - ""love em all, just can't decide!""",1,0.8932,1,0.5625,1,0,0.9857725501060486
3915,@user you have the blood of trans women on your hands. I hope the $15 bucks you get from white supremacists helps you sleep at night.,0,0.5423,1,0.0,1,0,0.9933193922042847
3916,Liberals demonize Fidel as a 'dictator' and in the same breath extol entrepreneurs who are entirely unwilling to cede control.,0,0.0,1,0.0,1,0,0.8838312029838562
3920,"@user So the fact that your grandparents where anti-fascists makes your ""lugenpresse""-husband less of a nazi? Amazing logic",0,0.5859,1,0.21666666666666673,1,1,0.9973049163818359
3924,@user Really? I just got Medicaid and don't have to pay shit! I had $10k in hospital bills and paid nothing,1,-0.5568,0,-0.024999999999999994,0,0,0.9975175857543945
3926,#Hamas leader: #Trump may be a #Jew,0,0.0,1,0.0,1,0,0.9943568110466003
3927,@user Need to chuck pelosi into the potomac!,0,0.0,1,0.0,1,0,0.9831053614616394
3928,can't wait until melania comes out with this speech 😍😍😍,1,0.8402,1,0.0,1,0,0.9631837606430054
3929,"""Dear liberals, Its not the truth that hurts. Its the pain of pulling your head out of your asses and being blinded by the light of day.""",0,-0.6968,0,0.4,1,0,0.9959756731987
3930,"Steve Bannon is my Favorite Trump -Pick Yet, Breitbart is a threat to media🎉coming from a fellow Jew, Trump will ha…",1,0.3182,1,0.5,1,0,0.9752365946769714
3931,Barcelona facing sanctions after supporters sing homophobic slurs towards Cristiano Ronaldo....#starboy#ballondor#no4#galantgalatico,0,0.4404,1,0.0,1,0,0.9946123361587524
3932,"Religion of pure projection. If not racist, they say, ""oh, that's just talk"". If need Obamacare, don't believe Trum…",0,0.4973,1,0.21428571428571427,1,0,0.993683934211731
3936,"When AI Goes Wrong, We Won’t Be Able to Ask It Why. #BigData #DeepLearning #MachineLearning #DataScience #AI…",0,-0.4767,0,0.0,1,0,0.9979637861251831
3938,Palliative care doctors warn Victoria against legalising euthanasiaPeople want choice let them#auspolhttps://t.co/dOxlOndS92 via @user,0,0.4767,1,0.0,1,0,0.9960864782333374
3940,For the next like week.. whats for Breakfast- Thanksgiving Leftovers❤️Lunch - Thanksgiving Leftovers 🤔Dinner- Thanksgiving Leftovers 🙄,1,0.3612,1,0.0,1,0,0.9881817698478699
3943,"@user at least wait untill the end for your #GilmoreGirlsTop4 . Mine are Luke, Paul Anka, Suki and Babette. #TeamJess  all the way",1,0.0,1,-0.3,0,0,0.9749226570129395
3944,"Oklahoma has gotten a decent sized earthquake every month since October, y'all need to stop fracking lol",0,0.2247,1,0.48333333333333334,1,1,0.9876914620399475
3945,@user @user @user wonder how they would feel if Kim Jong-un was the one helping Trump? i.e. Not a white guy,0,0.296,1,0.0,1,0,0.9934456944465637
3946,@user @user ....Liberals out in force lying as usual....the public sees through your bs...#nspoli,0,-0.5267,0,0.0,1,0,0.995013415813446
3947,"@user @user @user climate change not the only issue: gay marriage, gun laws, welfare reform all causing division",0,-0.34,0,0.20833333333333334,1,0,0.971316397190094
3949,#UNDP The DPRK is not here. Such traitorous actions cannot be tolerated. Praise to Kim Jong-un. #SydMUN16,0,-0.4449,0,0.0,1,1,0.9672215580940247
3952,"""Foxnews Business ""George Soros and/or Hillary Clinton using Jill Stein as a front""""",0,0.0,1,0.0,1,0,0.959816038608551
3953,2 medical marijuana users sue to force Arizona to reduce fees - Arizona Daily Star,0,0.0,1,0.0,1,0,0.9871982932090759
3954,"@user #Elizabeth Warren is a real joke! ""abusing Taxpayer funds""? Hasn't she heard of #Clinton Foundation? Mind ur own biz Liz",0,-0.351,0,0.425,1,0,0.9974852800369263
3955,@user my son would be over the moon with this #hatchimals #BlackFriday,1,0.0,1,0.0,1,0,0.9903682470321655
3956,So exited to see @user in #ThisIsUs after seeing #GilmoreGirlsRevival,1,0.0,1,0.0,1,0,0.9963896870613098
3957,"When watching a David Blaine special, @user and dorrajarrod attempt to make magic",1,0.4019,1,0.4285714285714286,1,0,0.8280481696128845
3958,What do you think the availability was for #Hatchimals today?! I'm sure there's a few unhappy shoppers...Not worth the aggravation for me.,0,0.1759,1,0.0,1,0,0.9998111128807068
3962,“Safe Negro”: Why Liberals Are Afraid of Ben Carson  … #tcot #pjnet #p2,0,0.0,1,-0.04999999999999999,0,0,0.976375162601471
3965,@user @user @user @user When the Dems weaponized the IRS they had to know it would circle back on them. 🐴,1,0.0,1,0.0,1,0,0.9938620328903198
3971,That moment when you realize that the toothpaste you use does animal testing...,0,0.0,1,0.0,1,0,0.9942941069602966
3973,@user Any money left after giving it all away by purchasing a coveted spot in the Usless Nations? #UnitedNations #fb,0,0.34,1,0.0,1,0,0.9985936284065247
3975,Trump hit by media for choosing billionaires for Cabinet it to the media to gripe they'll be someone there need no $,0,-0.296,0,0.0,1,0,0.9988214373588562
3977,@user we pulled out of the middle East and now we're fracking in America.,0,0.0,1,0.0,1,0,0.9977118968963623
3978,"Donald Trump, Chuck Todd Agree: No Trust of Feds' Handling Ebola Because of Obama Admin Scandals",0,-0.5271,0,0.0,1,0,0.9951243996620178
3979,"i want the ""hello"" part of that melania trump speech video played in a loop at my funeral.",0,0.0516,1,0.0,1,0,0.9976167678833008
3980,@user .@POTUS No were are not all the same. We are not white supremacist and we don't condone it. #notmyprsident #StillWithHer,0,-0.3757,0,0.0,1,0,0.9732232093811035
3982,We've got photos from the #NBAwards red carpet on our website.,1,0.0,1,0.0,1,0,0.9494822025299072
3983,"@user my congressman, the despicable Tim Ryan is challenging Pelosi for minority leader. He's being called a sexist for it 😂😂",0,0.7506,1,0.5,1,0,0.9953832030296326
3984,College professors are teaching our children  how great socialism is while parents pay expensive tuition.See the re…,0,0.5719,1,0.15000000000000002,1,0,0.8640064001083374
3985,@user We now wait for Maduro's turn,0,0.0,1,0.0,1,0,0.991784930229187
3986,@user @user Bannon is not a white nationalist at all.,0,0.0,1,0.0,1,0,0.55129075050354
3987,@user So CNN admits it has gone from news org (long ago) 2 full-fledged gaggle of sycophants 4 dems & other leftists? #shouldbashamed,0,0.3566,1,0.14166666666666664,1,0,0.9970937967300415
3988,THIS. SHOULD. SCARE. YOU.,0,-0.4939,0,0.0,1,1,0.7759162187576294
3989,@user @user with direct ties to #Hamas & #MuslimBrotherhood the Dems are finished if they elect this terrorist,0,-0.7667,0,0.45,1,0,0.9989339709281921
3990,@user @user @user Krugman went off the rails when he accused Comey of colluding w/Putin & treason.,0,-0.743,0,0.0,1,0,0.9974967837333679
3992,austrians don't have electoral college,0,0.0,1,0.0,1,1,0.8955723643302917
3993,Kim fatty the third,0,0.0,1,-0.1,0,0,0.8571990132331848
3995,Steve Bannon is going to start a war. Maybe the last war.,0,-0.8316,0,0.0,1,0,0.9971554279327393
3996,"@user Amazingly we consider now #Fillon as the ""sensible"" choice.April 23rd is far away.I hope #ISIS will not deliver ""miracles"" :(.",0,0.4404,1,-0.016666666666666646,0,0,0.9973485469818115
3997,You're not seriously advocating homeopathy? Grossly irresponsible for a national organization @user,0,-0.5076,0,0.08333333333333333,1,0,0.999342143535614
4000,RT @user Inb4 @user saying they never knew about CP on twitter. You can purge alt right accounts but not CP. Well played. #TwitterGate #…,0,-0.5824,0,0.2857142857142857,1,0,0.9990273714065552
4001,"@user they won because of Comey, Russia, and fake news. and thy didn't win by much. We don't have to listen to the easily duped",0,-0.4352,0,0.23333333333333334,1,0,0.9842491745948792
4004,Well he can't stop drone strikes that kill more innocent civilians than actual terrorists in the middle east,0,-0.4605,0,0.25,1,1,0.8965545296669006
4005,@user @user @user answer to you question = Nazi,0,0.0,1,0.0,1,0,0.9977547526359558
4006,#news #summary:  #uber rival  #grab’s first  #cfo is leaving the  #company after just seven  #months,0,0.0,1,0.25,1,0,0.9990329742431641
4007,@user you should ask other leaders globally to have their own Obamacare.,1,0.0,1,0.15833333333333333,1,0,0.9838354587554932
4008,They run the risk of medical negligence claims and disciplinary action. #homeopathy,0,-0.2732,0,0.05,1,0,0.9811539053916931
4010,Maybe Chelsea too ❤️👍#yr #thisisus @user @user  #FridayThoughts,1,0.0,1,0.0,1,0,0.998731791973114
4011,@user You can't register to vote if you are not a citizen. Period. Stop your desperate conspiracy theories. She WON popular vote.,0,0.0857,1,0.0,1,1,0.9972146153450012
4012,@user you're owned by a nazi.,0,0.0,1,0.0,1,0,0.9982306361198425
4013,The Popular #Vote...what the whiners Don't Understand,0,0.296,1,0.6,1,0,0.9881515502929688
4015,@user @user @user they can't repeal it but they can defund it. Medicaid expansion would go away. Costs too high to purchase.,0,0.0,1,0.16,1,0,0.9992600083351135
4016,"#FunHappyCalendar Tip for November 26th:""Make enough soup to share.""#Thanksgiving #LeftoversAvailable at:…",1,0.0,1,0.0,1,0,0.9555963277816772
4018,Maduro praises #Castro. His people sort through rubbish for food.Venezuela close to breaking point via @user,0,0.5267,1,0.0,1,0,0.9898867011070251
4019,"#Rohingya Muslims being 'ethnically cleansed', says UN official#Rohingyas #Muslims #UnitedNations #Ethnic…",0,0.0,1,0.0,1,0,0.9897207617759705
4021,"thanksgiving is over, it's time to pick out a christmas tree 🎄they are on sale today & tomorrow…",1,0.0,1,0.0,1,0,0.9821826815605164
4025,He meant what he said.Apology meaningless.He's no clue who we Deplorables are.Pls @user #NeverRomney He…,0,-0.296,0,0.0,1,0,0.9997296929359436
4027,"Ben Carson being considered for the same cabinet position Jack Bauer once had. Mister Carson, you're no Jack Bauer.",0,-0.296,0,0.0,1,0,0.9987785220146179
4029,New tumblr post: @user New tumblr post: @user @user yo! Hot #uber driver last night 😝 #T…,1,0.0,1,0.13920454545454544,1,0,0.9965395927429199
4030,@user Obama and admin have reverted to the days when Rs would spit in his face and he'd ask about their concerns. Back 2 no fight,0,0.2924,1,0.0,1,0,0.9950814247131348
4031,"@user appears to have become another Michael Moore, but with zero sense of humor.",0,0.3919,1,0.0,1,0,0.99972003698349
4032,Join me in ridding your house of #methane producing gas We don't need #fracking Seek @user from @user,0,0.296,1,0.0,1,0,0.9600231051445007
4033,Racist followers too.. Someone tell'm that #Hezbollah (muslim resistance group) is fighting #whitehelmets in #Aleppo,0,-0.7579,0,0.0,1,0,0.9990990161895752
4034,Trump did not win the popular vote. I expect there to be proof to a scientific certainty that our election was tampered with.,0,-0.5274,0,0.09999999999999998,1,0,0.9993152618408203
4035,Now if George Soros and David Rockefeller would just die the world would be a better place‼️🌎,0,-0.25,0,0.5,1,0,0.9972679615020752
4036,"@user @user I would rather be required to have a gun then Obama care, and paying the Medicaid and housing for illegals.",0,0.2023,1,0.0,1,0,0.9989331364631653
4037,"@user @user @user It was a Perfect storm He lied, Wiki leaks,Comey &the Hatch act, 3rd party candidates, voter suppression",0,0.5859,1,0.5,1,0,0.9981040954589844
4040,"""How do you do, fellow alt-Rightists? Say, any of you revolutionaries up for an op against a designated target late…",0,0.0,1,0.0,1,0,0.9957321286201477
4041,A rally 3 years ago at the Capital. Why did Utah cut Medicaid for those in need like my brother? Assholes.,0,-0.5267,0,0.0,1,0,0.9996315240859985
4042,1st try 😭😭 #mannequinchallenge,1,-0.7351,0,0.0,1,0,0.9853248000144958
4044,"More on ""voter suppression operations"" and ""Facebook dark posts"".",0,0.0,1,0.175,1,0,0.9945787191390991
4047,@user why don't you prove you didn't kill Michael Jackson?  Or Fidel Castro.  This is equally outrageous,0,0.1872,1,-1.0,0,1,0.9727214574813843
4048,My new crush! 😍 #dontputyourfingerthere #shebites #armistice ##Westworld #WestworldFinale @user  @user,1,0.4003,1,0.17045454545454544,1,0,0.9840700626373291
4049,Ted Cruz:  Gov. actuaries say #ObamaCare will increase health care spending by $621B over next 10 yrs %u2026 #pjnet,0,0.6705,1,0.0,1,0,0.6882838606834412
4052,Fuck the Tesla Model S looks solid!! 👍😨,0,-0.7707,0,-0.2,0,1,0.5960041880607605
4054,Was it a good idea to kill #Gaddafi? 5years later #libya is a war zone. What happened to the #democracy that was promised? #libya #African,0,-0.6767,0,0.2333333333333333,1,0,0.9987913966178894
4055,Mannequin challenge #mannequinchallenge #comedy Please like and share Song by: Rae Sremmurd - Black Beatles,1,0.8316,1,-0.16666666666666666,0,1,0.9908868074417114
4056,Charter schools CEO Eva Moskowitz mocked protesters as they rallied outside of her home over Ivanka Trump's visit:…,0,-0.4939,0,0.0,1,0,0.9961156845092773
4058,@user how is your friend George Soros who watched his fellow Jews be marched to their deaths? You are a hypocrite Paul,0,0.4939,1,0.0,1,0,0.9980227947235107
4059,"Oh we'll remember Fidel Castro, for being a dictator people fled a country from.Not like liberals fleeing Trump.Like Jews fleeing Hitler.",0,0.3612,1,0.0,1,0,0.9840170741081238
4063,Donald Trump’s Team Shows Few Signs of Post-Election Moderation,0,0.0,1,-0.2,0,0,0.9984021782875061
4064,@user @user @user @user @user @user @user noise but no substance,0,-0.4215,0,0.0,1,0,0.9980307221412659
4066,From Death to Death. No where else to go. #Aleppo #Syria #standwithaleppo,0,-0.875,0,0.0,1,0,0.9991639852523804
4069,"Has #Obama ever apologized for the terrorists, and racists whom he's embraced? #Hamas #BLM #CAIR #NOI #MuslimBrotherhood, to name a few!🤔🙄",0,-0.7644,0,0.0,1,0,0.988716721534729
4070,Early start 4 @user this morning chatting about @user #panto #beautyandthebeast with @user,1,0.0,1,0.1,1,0,0.9306986927986145
4071,@user I object to liberals making that recount because you peopledon't have a great record at honesty.  3 million illegals voted.,0,-0.0243,0,0.8,1,0,0.9966421127319336
4072,I'd believe more in self-driving cars if there were a single Map program that didn't frequently catastrophically malfunction,0,0.0,1,0.1761904761904762,1,0,0.9985578656196594
4074,"I liked a @user video Anti-Trump Riots, Left-Coast Secession, and Katy Perry",1,-0.128,0,0.6,1,1,0.9721227884292603
4075,Retweeted #TrumpTransitionTeam (@reagangalpal):#hamiltonmusical's auditions banned white...,0,-0.4588,0,0.0,1,0,0.9987562894821167
4076,The man who insanely claimed #BLM would team up with #ISIS is set to meet with Trump on Monday.,0,0.0,1,-1.0,0,1,0.9397382140159607
4077,@user @user I want verlander and miggy,1,0.0772,1,0.0,1,0,0.9577891826629639
4078,"Municipal Guard in al-Kuwaifiya (West of #Benghazi) dispose of 13,000 frozen chickens unfit for consumption. #Libya…",0,0.0,1,0.0,1,0,0.9947922825813293
4079,North Korean officials asked that China block searches for the popular term.,0,-0.0258,0,0.6,1,0,0.998360812664032
4081,@user @user @user what are white nationalists even doing? Yes it is regressive leftists acting out in violence.,0,-0.34,0,0.0,1,0,0.9980894923210144
4084,"Okay, but you realize renewables account for around 13% of our energy consumption and we will run out of fossil fue…",0,0.4767,1,0.5,1,0,0.9981175661087036
4086,"True. Also, don't you support TPP?? Weird",0,-0.1326,0,-0.07500000000000001,0,1,0.8422239422798157
4087,"Man if I ever run into this guy, I'm decking him. #Westworld #WestworldFinale",0,0.0,1,0.0,1,1,0.9947103261947632
4088,@user What yr was this?What ifACjust had this1meeting?ACpromotes Holodomor.Don't think a KT would do that:,0,0.0,1,0.0,1,0,0.9993023872375488
4090,the problem w/this is it gives Trump a motivation to keep Melania in Trump Tower if he might profit from it,0,0.3818,1,0.0,1,0,0.9987916350364685
4092,@user Both of your games this year is more Cancer than building a wall on the Mexican Border!,0,-0.7171,0,0.25,1,0,0.9982162117958069
4093,thanks retards! #BlackLivesMatter #blacktwitter,0,0.4926,1,-0.4,0,1,0.9269565343856812
4094,"The farther left dems go, the more they will lose. Americans r on to their victim/identity game. #MAGA",0,-0.4522,0,0.033333333333333326,1,0,0.9974088072776794
4098,Funny Leftys are wringing hands over Trump's transition timetable. If Hillary had won her team would be trying to awaken her from nap time.,0,0.765,1,0.25,1,0,0.9366058111190796
4099,@user Maybe. Almost certainly been self-medicating on daily doses of The Sun's Tory propaganda & Daily Mail vile hatred & Nazi beliefs .,0,-0.8479,0,0.028571428571428567,1,0,0.9986034035682678
4100,we're not real friends if you don't know about my unhealthy obsession with Zac Efron back in '06/'07. lmao,0,-0.5352,0,0.024999999999999994,1,0,0.9969332218170166
4101,To all Trumpsters...need a job? Contact the #TrumpTransitionTeam! #RotsaRuck!!!,0,0.0,1,0.0,1,0,0.9959540367126465
4102,"They're still hollering about the DNC and ignoring genuine voter suppression right now. If it's not their guy, they…",0,-0.4019,0,0.34285714285714286,1,0,0.9933397173881531
4105,"@user The dividing lines that these new fascists draw around themselves are bizarre, but they do exist:",0,-0.2617,0,0.2681818181818182,1,1,0.5326780080795288
4106,Chanel Por Homme 😂 #ScreamQueens,1,0.4404,1,0.0,1,0,0.9562888741493225
4107,@user @user Are you comparing Cuba to China and the ramifications of lifting the embargo to a call with Taiwan? #getaclue,0,0.0,1,0.0,1,0,0.9935269355773926
4108,Awkward moment #289 - RKelly playing in your #uber and you dance,1,0.0516,1,-0.6,0,1,0.8932825922966003
4109,"#Microsoft joins the @user Microsoft ♥#Linux...like a pet, or entree, I  say. #microsoftlinuxfoss…",1,0.6369,1,0.0,1,0,0.9863731861114502
4111,"#Aleppo Masacre a la vista de todo el mundoThe ‘smell of blood’ is everywhere, doctor in besieged rebel-held...",0,0.0,1,0.0,1,0,0.9475415349006653
4112,"@user is this a prophecy? Is that what you wish a hospitable country like US? If everyone, countries do the right thing no deplorables.",0,0.5204,1,0.2857142857142857,1,0,0.993330180644989
4115,Dismantle the electoral college system!,0,0.0,1,0.0,1,0,0.9964471459388733
4119,Me everyday. #NationalFastFoodDay,1,0.0,1,-0.2,0,1,0.9757732152938843
4121,Lol now it's millions.Palestine never existed in any history. It's a glorified refugee camp of Jordanians and Egypt…,0,0.7269,1,0.8,1,0,0.7565039396286011
4122,"@user @user First one hired Steve Bannon, is the first domino that MUST, I repeat, MUST fall. He has to fuckin' go.",0,0.0,1,0.25,1,0,0.9993115663528442
4123,@user @user @user Escape from a long tunnel🙌Today's victory is the best👍👍👍Expect victory in…,1,0.7096,1,-0.05,0,0,0.845732569694519
4124,@user Agreed! I just love when the deplorables are afraid of progress!,1,0.8652,1,-0.125,0,1,0.9968156218528748
4126,"Ivanka Trump in '06: 'If he wasn't my father, I would spray him with Mace' #NotMyPresident #StillWithHer",0,0.0,1,0.0,1,0,0.9981310963630676
4127,It already WAS normalized. See: Obamacare MT @user Business-specific meddling shouldn't be normalized.,0,0.0,1,0.0,1,0,0.9990979433059692
4130,"@user you still fighting for that minimum wage hike? ""A hair net is worth 👏🏼👏🏼👏🏼A fair net worth"" #HNLM",1,0.3818,1,0.26,1,0,0.9579501152038574
4131,@user because megyn lost all respect once she jumped on the roger harassed me too..... but took the prime time slot job?,0,-0.2144,0,0.0,1,0,0.9992664456367493
4133,"English has opposed abortion voluntary euthanasia ,physician assisted suicide,civil unions and the decriminalisation of prostitution",0,0.0,1,0.0,1,1,0.9633886218070984
4134,"Natalie Cole, #Bowie, #Prince, Leonard Cohen, Leon Russell, Gwen Ifill, #SharonJones, & now #FidelCastro? Geez, 2016. 😭",0,-0.4767,0,0.0,1,0,0.9382686018943787
4136,Saakashvili resigned his post in Odessa hoping his 'pal' The Don would back his ambition in Ukraine; Putin put The Don right on that one LOL,0,0.6523,1,0.36190476190476195,1,0,0.9854621887207031
4137,@user ehh I'm not impressed...next time get the waves involved in the #MannequinChallenge,0,0.0,1,0.0,1,0,0.9989629983901978
4138,@user @user Isn't @user supposed to be a Catholic? Why does she present herself as a shameless whore? CC @user,0,-0.7941,0,0.0,1,0,0.9990488886833191
4143,Israeli officer kills Palestinian who tried to stab him -police| | #Palestine #Israel,0,-0.8074,0,0.0,1,0,0.9888074994087219
4144,I'll put my gun where I want. I'll put it in my pants. You don't control me.,0,-0.2732,0,0.0,1,0,0.999091386795044
4145,@user Nancy Pelosi needs to the leave Congress period. She is a national disgrace.,0,-0.5267,0,0.0,1,0,0.99964439868927
4148,"unfollow me if you're mourning Castro. He needed to die, and Maduro is next",0,-0.7783,0,0.0,1,0,0.9321579933166504
4150,if you said have the partime tech job with a 2nd partime job making minimum wage B/c you don't have a degree but you got the hot Asian gf,0,0.0,1,0.08333333333333333,1,0,0.6607834696769714
4151,"""Fact checks,""with neoliberal operating assumptions, grossly downplaying the embargo etc. See:…",0,-0.2263,0,0.0,1,0,0.9877446293830872
4153,Still hoping Electoral College sides with the majority of American people. #AuditTheVote #StillWithHer,1,0.4215,1,0.0,1,0,0.9602437615394592
4157,"The fam. Well, most. Bam! #grateful #unitednations #abiggertable",1,0.6879,1,0.625,1,0,0.65656977891922
4158,NVIDIA Doubles Down On Self-Driving Cars With Xavier AI Chip And A Hat Tip To Next Gen Volta GPU,1,0.0,1,-0.07777777777777778,0,0,0.9897078275680542
4159,Black Friday giveaway samsung galaxy note 7 2016 via @user,1,0.0,1,-0.16666666666666666,0,0,0.8661336302757263
4160,This is no time for unity -- Trump must be confronted with relentless protest,0,-0.5859,0,0.0,1,0,0.9861477017402649
4161,@user Where's the resources to increase minimum wage? Face the facts and stop playing to the gallery.,0,0.2263,1,0.0,1,0,0.9996376037597656
4162,"Maduro the pin head. A Festival of Strife, isn't the world watching? @user #freevenezuela",0,0.4939,1,0.0,1,0,0.9911229610443115
4163,@user keep Bannon and see the biggest protest in American history. Trump Brand is done. #Trump2016 #blackfriday #Trump #gop,0,-0.25,0,0.0,1,0,0.9923181533813477
4164,#GilmoreGirlsTop4 4) Emily 3) Luke 2) Richard 1) Paul Anka,1,0.0,1,0.0,1,0,0.8247290849685669
4165,The entire Trump transition team and admin is one gigantic play-for-play operation. So many people were (and continue to be) fooled,0,-0.3818,0,0.25,1,0,0.9908933639526367
4170,Donald Trump’s Cabinet is on track to be the least experienced in modern history via @user #StillWithHer,0,0.0,1,0.2333333333333333,1,0,0.9991331696510315
4173,#FantasticBeasts is good except for the incredibly stupid 'twist' ending :/,1,-0.4927,0,-0.11666666666666665,0,1,0.9954366087913513
4175,"I don't want to come across as dramatic but I miss one direction, my life, my voice, my reason to be, my love, my heart❤#onedirection #love",1,0.9606,1,0.18888888888888888,1,0,0.9986807703971863
4176,This may be the reason folks protest and complain but your don't listen trump I guess they are resorting to this I…,0,-0.3071,0,0.0,1,0,0.9881684184074402
4180,"#occupiedpalestineisburning but the IOF & co will blame palestinians for the fires..meanwhile, rightists will claim that#IsraelIsBurning",0,-0.4767,0,0.0,1,0,0.994649350643158
4181,"@user In fact, I'm completely fine with gloating to them about the 2016 Cubs and about the Sox being shit right now.",0,-0.3626,0,0.16746031746031745,1,1,0.9894629120826721
4182,"Latest: @user says over 68,000 civilians displaced by #MosulOffensive #Iraqi #Iraq",0,0.0,1,0.5,1,0,0.9917144179344177
4187,Got to give him credit. @user The combined creepiness of euphemism and euthanasia makes this potentially his signature word.,0,0.3818,1,0.0,1,1,0.9960089921951294
4188,I support voluntary personal retirement accounts for Social Security. I... #SharronAngle #quote,1,0.6249,1,0.016666666666666666,1,0,0.919642984867096
4191,I think @user is a scam. I just purchased tickets for $140 for two @user tickets and it said it was confirmed for e-tickets,0,-0.5719,0,0.4,1,0,0.9994997978210449
4192,#BeautyAndTheBeast @user this is how shows are made... AB,1,0.0,1,0.0,1,0,0.8346124291419983
4194,@user Don't forget Wikileaks. And Comey/the FBI. And a grotesquely undemocratic Electoral College System. #TrumpIsStrangerThanFiction,0,0.1695,1,-0.55,0,0,0.9727415442466736
4197,@user #Assad's blood-soaked hands? 👀 And #SaudiHELLabia's blood-stained? 😒 #Syria #Yemen,0,0.0,1,0.0,1,0,0.9954826831817627
4199,@user nope. Sounds like a personal problem.,0,-0.5873,0,0.0,1,0,0.9997624754905701
4201,@user do anything for $ PIMP @user NEWS RETWEET-RUSSIANS/CLINTONS,0,0.0,1,0.0,1,0,0.9985101819038391
4202,@user Steve Bannon runs the racist antisemitic islamophoic website Breitbart which he professes to lead the alt-right that are Neo Nazis,0,-0.6124,0,0.0,1,0,0.9960067868232727
4205,"#UsefulNewVerbs""Hillaried""-to claw, lie, & cheat your way into positions didn't deserve only to have your plans ru…",0,-0.4588,0,0.0,1,0,0.9984915256500244
4206,"@user @user I belive that Russia elected the President. Also voter suppression, lies and constant allowance for Trumps",0,-0.4215,0,0.0,1,0,0.9772412776947021
4207,@user Why wasn't Obama admin more aggressive in goading FBI/CIA to counter or investigate Russian hacks on DNC and election systems?,0,-0.2247,0,0.25,1,0,0.998674750328064
4208,do jews admit alt-rightists into ADL meetings?,0,0.2023,1,0.0,1,0,0.9950107336044312
4210,I have no fucking idea how David Blaine does the shiiiiit he does! 😮,0,-0.3595,0,0.375,1,0,0.9887784123420715
4211,@user By her own admission he tried to pick up Melania while he was with a date. Trump is loyal to Trump. That's it. End of story.,0,0.4767,1,0.4666666666666667,1,1,0.5763909816741943
4212,Putin: Saakashvili's governorship was an insult to residents of Odessa,0,-0.5106,0,0.0,1,0,0.9994339346885681
4214,"RT @user So the ""alt-right"" named itself. And we repeated. Time for correction = Neo-Nazis.",0,0.0,1,0.0,1,0,0.9993797540664673
4215,@user @user MEHH I don't get OT and I'm not on medicaid so it'll be a banner year!,0,0.0,1,0.0,1,0,0.9938149452209473
4217,@user @user @user Oh did liberals deem that offensive now? What word do u use now? People of color? Colored people?,0,-0.6072,0,0.0,1,0,0.9988258481025696
4218,@user    Go get em girl!!!!   👊🏽,1,0.0,1,0.0,1,0,0.5588208436965942
4220,"The older, the better frase que solo aplica para Ricky Martin",1,0.4404,1,0.3333333333333333,1,0,0.9737672805786133
4222,@user @user ERIC IM SURE YOUR DADS ON THIS RECOUNT SCAM RITE?GEORGE SOROS  AND ALEX WOW!,0,0.5307,1,0.3125,1,0,0.8874319195747375
4223,#Uber #rolls out new #features in its #rider and #driver #app,1,0.0,1,0.13636363636363635,1,0,0.9913128018379211
4224,God Bless Them!...They are my kind of peoples  #Godspeed #MosulOp #Peshmerga #MosulOffensive #Twitterkurds,1,0.636,1,0.6,1,0,0.9234586358070374
4229,"@user @user ....why if one disagrees with some one on twitter,Facebook etc.,you immediately become a hater,how about critic ?",0,-0.5267,0,0.0,1,0,0.9990450739860535
4231,my family was lit as hell when Chavez  died & it's a celebration now that Castro died & we not even Cuban...maduro when's your turn?,0,-0.9153,0,0.0,1,0,0.9779450297355652
4232,"wish people find other ways to make money than advertising, booze and fossil fuels, is that called moral economy ?",0,0.4019,1,-0.0625,0,0,0.9982117414474487
4233,"For all that we trade for Goff, what the hell do we trade for Tony Romo? 🤔..hmmm Hey Jerry how about head coach + OC",0,-0.6808,0,0.0,1,0,0.9941417574882507
4235,"@user Please call for a recount of the votes in the swing states. Even if things don't change, you gave it your all. #StillWithHer",1,0.3182,1,0.0,1,0,0.9553241729736328
4238,"@user @user And then they have the audacity to claim rightists stay away because they are ""anti-intellectual"" and money hungry.",0,0.0,1,0.0,1,0,0.9989007711410522
4240,"Obviously that was dumb bc now that the time is nigh, I remember that most Leftists are wimps & we don't have strong unions or Commie party",0,-0.6773,0,0.13958333333333334,1,0,0.999617338180542
4241,Prayers to #israel #israelisburning #haifa #jews #jerusalem,1,0.0,1,0.0,1,0,0.9534726738929749
4242,"@user @user @user Then, all along, their plan was to get rightists into power? torpedoeing their cherished globalism",0,0.5106,1,0.0,1,0,0.945438802242279
4243,@user @user Your kidding right? Contribute the most? Like gay marriage Trans bathrooms PC Obama Hillary no thanks!,0,0.3483,1,0.2693452380952381,1,0,0.994158148765564
4244,Hillary Clinton's Unforgiveable Sin: #Fracking the World,0,-0.5574,0,0.0,1,0,0.9853976964950562
4245,Why do parents refuse to vaccinate their children? #AndrewWakefield,0,-0.296,0,0.0,1,0,0.9796782732009888
4246,"NEWS : Christian Media in Nigeria : Yolanda Adams and Common singing ""Glory"" at the BET's #ThankYouObama event by…",1,0.5423,1,-0.15,0,1,0.982684314250946
4248,#DNCLeaks exsposed corruption of primaries & anti-Bernie Sanders ploys. Dems still in total election denial. @user,0,0.0,1,0.0,1,0,0.9978969097137451
4250,"So, media still saying #HillaryClinton won the popular vote? How can anyone believe these traitors? #PopularVote #MSM #Trump #Protestors",0,0.782,1,0.6,1,0,0.9987006187438965
4251,"@user @user do you think Malcolm X, Muhammad Ali, and MLK, ever had drinks with the KKK? 🤔",0,0.0,1,0.0,1,0,0.9928592443466187
4252,just ... when?I died #onedirection #MtvStarsNiallHoran #3YearsofMidnightMemories #NiallOnAMAs,1,-0.5574,0,0.0,1,0,0.9968265295028687
4253,when somebody says #russia is #bombing #isis? ITS NOT!,0,0.0,1,0.0,1,0,0.9993399977684021
4254,Leftists want to transform America- boiled frog strategy was working until Trump came along. They know Trump sets t…,0,0.0772,1,0.0,1,0,0.9947852492332458
4257,Because Trump won the election fair and square you are going to protest and disrupt. Nice. Sore loser,0,0.2263,1,0.6499999999999999,1,0,0.6655635833740234
4260,@user @user They're natural conservatives goy,0,0.3612,1,0.1,1,1,0.7954785227775574
4261,Today I'm thankful to have a family filled with Bad Hombres and Nasty Women,1,-0.5267,0,-0.4333333333333333,0,1,0.9288040399551392
4262,"This man, a Kurdish MP, should not be in a Turkish prison @user @user",0,-0.5106,0,0.0,1,0,0.9948574304580688
4263,@user My President I have my CV ready I know you have 4500 positions to fill - I AM READY #TrumpTransition #trumptransitionteam,1,0.694,1,0.2,1,0,0.9887067079544067
4266,Thx 4 Folow'ng @user This from #Jerusalem - a #contemporary take on prayer beads #art #culture…,1,0.3612,1,0.16666666666666666,1,0,0.9473782181739807
4270,"@user @user @user I guess history treats slaves & liberals as less than one person, or the electoral college is working",0,0.0,1,-0.16666666666666666,0,0,0.9989443421363831
4272,@user @user @user @user you ignored the dutch in 2005 with the Constitution referendum and now again with ukraine,0,-0.3182,0,0.0,1,0,0.9835858345031738
4273,The basket of deplorables is getting filled up as crazies are named to cabinet positions...ugh!,0,0.0,1,0.5,1,0,0.9986898303031921
4275,Eight of my fellow monks & nuns & I are forming our own protest in front of Trump Hotel in DC tomorrow. We can't afford to wait#ResistTrump,0,-0.25,0,0.6,1,0,0.8981138467788696
4278,As kuffar tell me why lefties support racist fascist murderous anti gay anti women anti democracy anti free speech  #Hamas #palestine,0,-0.9325,0,0.4083333333333333,1,0,0.9910789132118225
4280,good morning everyone except dakota access pipeline supporters,0,0.7003,1,0.7,1,1,0.9994194507598877
4283,Because I've seen far too many alt-rightists acting like pseudo-muslim... #AltRight #MAGA,0,0.3612,1,0.19999999999999998,1,0,0.99918133020401
4284,Cristiano Ronaldo is a shitty clone of the shitty toy,0,-0.802,0,0.0,1,0,0.9995191097259521
4285,"Anyway, I think some of the angrier leftists mistake me for a liberal because I don't spend every waking hour performatively hating them.",0,-0.8402,0,0.0,1,0,0.9945270419120789
4286,one thing I learned this past week:social media is woke to how detrimental white supremacists are to the growth of America,0,0.1531,1,-0.125,0,0,0.9970009922981262
4287,"in the Oregon experiment, 10,000 previously-excluded people (poor & childless) were given access to Medicaid for the first time",1,-0.4767,0,-0.07500000000000001,0,1,0.9667869210243225
4289,so heartbreaking 😔https://t.co/L5kAVQFpoG,0,-0.4048,0,0.0,1,0,0.9956496357917786
4290,🚨DOW JONES🚨TIME TO SELL BEFORE THESE JERKS @user @user @user @user @user,0,-0.4278,0,0.0,1,0,0.9994020462036133
4291,@user @user @user FYI: Trump's new Cabinet Member #McFarland called Assange a Terrorist,0,-0.4883,0,0.13636363636363635,1,0,0.9969760179519653
4292,With #PresElectTrump we can DefundPP & work to stop #Abortion #AbortionKillsBabies #ChooseLife #ProLife #Adopt…,0,-0.296,0,0.0,1,0,0.9972078204154968
4293,@user - Are you sure that's not a Anti-Trump protest?,0,0.466,1,0.5,1,0,0.9956075549125671
4294,"#DeepLearning Key Terms, Explained #KDN",1,0.0,1,0.0,1,0,0.9831390976905823
4296,"Republicans HATE Nancy Pelosi. To me, that means she's exactly the right person for the job!!",0,-0.7199,0,-0.03452380952380955,0,1,0.9852354526519775
4298,@user @user and illegally crossing our borders does NOT CHANGE THAT !!,0,0.0,1,-0.78125,0,0,0.9964790940284729
4300,Who's we? Isn't this the lady who trashes leftists every 15 minutes?,0,0.0,1,0.0,1,0,0.9991841912269592
4301,#Beauty #ArianaGrande-THE REMIX-JAPAN ONLY #CD E78 #Deals #TopSeller,1,0.5859,1,0.0,1,0,0.9336193203926086
4302,Neo-Nazi Richard Spencer’s wife is a Russian propagandist with allegiance to Putin,0,0.0,1,0.0,1,1,0.9778978228569031
4303,@user @user BAHAHA I find it hilarious how liberals love to assume that if some1 is against media they like FOX. Idiot.,0,0.7269,1,0.06666666666666665,1,1,0.9968166947364807
4304,Why is Bradley Cooper here..... #ThankYouObama,0,0.0,1,0.0,1,1,0.9877463579177856
4308,@user @user @user @user Let's call them what they are...White Supremacists/Nazis.,0,0.0,1,0.0,1,0,0.9984431862831116
4310,i swear conservatives get stupider and stupider every day.,0,-0.802,0,0.0,1,0,0.998924195766449
4311,@user @user Do you even know who Nancy Pelosi and Harry Reid are and what years they had control?,0,0.0,1,0.0,1,0,0.9976487755775452
4313,Retweeted Cajun Texan (@jturner63):@Cernovich Absolutely a Crime and it should carry the DEATH penalty - it...,0,-0.9083,0,0.2,1,0,0.9840151071548462
4315,Your Money: What Should a Cubs Fan Pay to Realize a Lifelong Dream? #ApsnyNews,1,0.4404,1,-0.1,0,0,0.9909510612487793
4316,"Ingeniously finding a way to save vast sums on building costs, #Trump just sent a brigade of expert wall builders t…",0,0.4939,1,0.25,1,0,0.9867748022079468
4317,Abbreviated pundit roundup: Trump packs cabinet with the megarich,0,0.0,1,0.0,1,0,0.9865233302116394
4321,@user What else are we going to get out of Brexit but immigration? Nothing else seems to be on the table any more.,0,0.0,1,0.5,1,0,0.9990242719650269
4324,@user @user @user @user @user Nancy Pelosi and soooo many more w Obama masquerading as a Moderate.,0,0.0,1,0.3333333333333333,1,0,0.9857137203216553
4327,"#BeautyAndTheBeast without @user ? No way! Please, @user do something!",0,-0.1675,0,0.0,1,0,0.9873213768005371
4330,"@user 60 is too high, hed be asking for social security payments not paypal, maybe 50?",0,0.34,1,0.09666666666666666,1,0,0.9994421601295471
4331,"@user in your dreams. Illegals can't pay taxes and get Medicaid, education and other welfare.  Huge cost",0,0.6481,1,0.13749999999999998,1,0,0.9625560641288757
4332,"@user Donald J. Trump, the second president in 20 years to lose the popular vote, most unpopular president in history",0,0.0258,1,0.3666666666666667,1,0,0.9967395663261414
4333,#gilmoregirlstop44. Babette3. Miss Patty2. Lorelai1. KirkColor me surprised at how many people don't know how to spell Kirk.,0,0.0772,1,0.3,1,1,0.9718095064163208
4334,@user And so why is DC so silent on this. He is illegitimate. He does not have a mandate. @user won the popular vote in spite,0,0.4767,1,0.3,1,0,0.9992863535881042
4335,"Imagine a film with Zac Efron in it, actually not making a joke about how good looking he is",1,0.2528,1,0.35,1,0,0.9942857623100281
4337,"@user I've been getting a deluge of liberals & other cappies coming at me for speaking. Uhg, I think I'll sleep",0,0.0,1,-0.125,0,0,0.9994224309921265
4338,"Ladies.. be more selective when picking your doctors. Otherwise, you'll end up with one like this guy..…",0,0.3612,1,0.5,1,0,0.9789871573448181
4339,That time Christina Crossin dropped Melania Trump speech during her set at the #INSCENE 2 year anniversary party...,0,0.4019,1,0.0,1,0,0.9938384890556335
4340,"Although some vaccines protect our children, they still have potential to b very toxic.",0,0.3818,1,0.1,1,0,0.9782946705818176
4341,Melania Trump sues Slovenia journalist over 'escort' claims via @user,0,0.0,1,0.0,1,0,0.9967858791351318
4342,"If this happened I personally want to thank President PUTIN.  I just wonder how this stacked up against CNN""s...https://t.co/qKpmBqUlXO",1,0.4215,1,0.0,1,0,0.9962992072105408
4345,"Voted for Trump because he tells it like it is; speaks his mind.*Millions protest because of things he said.*Folks, he didn't MEAN it!",1,0.2003,1,-0.390625,0,1,0.983130693435669
4346,@user @user It's probably funded by George Soros. He's a vile bastard that hates America.,0,-0.8885,0,0.0,1,0,0.9992565512657166
4347,"Reason 57 why we have a #Trump:""I HATE Obamacare!""""What about the Affordable Care Act?""""Oh, that's great! Let's use that one.""",0,0.5348,1,0.0,1,1,0.9940693378448486
4348,One Tesla Model S is all I need @user,1,0.0,1,0.0,1,0,0.6214092969894409
4349,@user Pelosi? Muslum radical leftist? More illegals? Gun control? More taxes? doest sound good to me and my working middle class,0,0.2918,1,0.3416666666666666,1,0,0.8138129115104675
4351,No you are working for George Soros by trying to overturn the results of the election with your wacko conspiracy th…,0,-0.6808,0,0.0,1,0,0.9988652467727661
4352,"Retweet if you are SICK of ppl shoving godlessness down r throats w/abortion, gay marriage & taking freedom",0,0.0431,1,-0.15105820105820106,0,0,0.9957098960876465
4353,I wonder can you doing #mannequinchallenge in #OnceUponATime @user 🙏🏻😁,1,0.4588,1,0.0,1,0,0.9683945178985596
4354,Mike Pence is Frank Underwood without any type of redeemable qualities.,0,0.0,1,0.0,1,0,0.9993618130683899
4356,"Historical ignorance largely to blame for white supremacists' new makeover, writes @user Important read:",0,-0.6249,0,0.15012987012987014,1,0,0.9883926510810852
4357,"@user Sir, if you look into where this money is coming from. It's probably from George Soros. Trying to steal the election.",0,-0.4939,0,0.0,1,0,0.9987403750419617
4363,Obama/Biden Need to be tried for TREASON:Obama Admin Leaks Led to SEAL Team 6 Murder via @user,0,-0.6908,0,0.0,1,0,0.9970191717147827
4364,#SorosRiots are Smoke Screen:Real Goal is eliminate fairness by eliminating Electoral College (1of2),0,0.0,1,0.0,1,0,0.9785136580467224
4365,OKAY if you haven't seen David Blaine's specials on Netflix watch them IMMEDIATELY,1,0.3885,1,0.5,1,0,0.6732972264289856
4367,The only person self-interested #Saakashvili hasn't criticized in the Ukrainian govt is self-interested #Tymoshenko. #DestructiveForces,0,0.2755,1,0.0,1,0,0.973242998123169
4370,#TheWalkingDead S7 is not very addictive.,0,0.0,1,0.0,1,0,0.9997666478157043
4371,@user Indeed White Supremacists aren't #AltRight anymore... We are Republicans now ! o/ Hail Victory !,1,-0.3147,0,0.0,1,1,0.5484113693237305
4372,#TheWalkingDead EM MEMORIA 😳🌸MERLET-DOGLORISOPHIAGLENNABRAHAMBOBJACQUILIZZIETYREESEGOVERNADORSAMBETHNOAHANDREAMIKA,1,0.0,1,0.0,1,0,0.9876389503479004
4373,Why Trump's Appointment of Steve Bannon Has Raised So Many Alarms #news,0,-0.3353,0,0.5,1,0,0.8042492866516113
4374,"Hackers Exploit App Vulnerability To Locate And Steal A Tesla Model S: Nowadays, a new car…",0,-0.8091,0,0.13636363636363635,1,0,0.9907992482185364
4375,Castro died after seeing his Obamacare premium hikes,0,-0.5574,0,0.0,1,0,0.9952985644340515
4377,@user @user @user rates of gay divorce will skyrocket once marriage equality achieved,0,0.0,1,0.4166666666666667,1,0,0.9918881058692932
4379,Excuse my language but 🙄🙄🙄🙄,0,0.0387,1,-0.05,0,0,0.9960922598838806
4381,"Emily, Paris, Kirk and Michel #GilmoreGirlsTop4 though it probably changes every other episode",1,0.0,1,-0.125,0,0,0.9927668571472168
4382,"@user Fossil fuels are the most environmentally harmful forms of energy there are, and they aren't going to last forever.",0,0.2732,1,0.25,1,0,0.9991323351860046
4383,@user //@elizabethforma This can't be legal! He is profiting from the @user and it is BLATANT! Can u do something.,0,0.4242,1,-0.1875,0,0,0.9984531402587891
4384,I suppose white supremacists should be competent enough to stand trial if they are to work in the White House... @user,0,0.0772,1,0.125,1,0,0.9884877800941467
4385,😂😂😂😂👏🏻👏🏻👏🏻💀 Whoever made this just made my day #blackfriday #thewalkingdead,1,0.891,1,0.0,1,0,0.9958261847496033
4387,@user Romney is a JOKE.  I hope he's not in Trump's cabinet anytime soon,0,0.7034,1,0.0,1,0,0.9991053938865662
4388,MS joins the Linux Foundation for $500k as it continues to extort many times that from LF members via patents.,0,0.0,1,0.5,1,0,0.9988928437232971
4389,"#feminism #StillWithHer #liberals: speak out against real horror, not some the #msm caricature of @user",0,-0.5719,0,0.2,1,0,0.9907383322715759
4390,#BoycottDelta-- no deplorables tolerated,0,-0.296,0,0.0,1,0,0.9977192282676697
4392,".@eu_eeas @user ""Violence against women is violence against entire society"" REALLY?? please tell this to you…",0,-0.7379,0,0.1,1,0,0.8692777752876282
4393,You think Samsung ever figured out why their Galaxy Note 7 batteries were exploding? ⛷,0,0.0,1,0.0,1,0,0.99739009141922
4394,Can Dems take off their blinders abt Obama?He lets the state brutalize & evict First Americans so Dem Donors can a…,0,-0.5994,0,0.25,1,0,0.9963160157203674
4395,"SC has a crowd of anti-Trump protestors, but only 2 Trump supporters. #shocking#CharlestonProtests #NotMyPresident",0,0.5927,1,0.0,1,0,0.9838010668754578
4398,"#Iraq: 69,000 people displaced #Mosul #humanitarian .#Mosuloffensive #MosulOp #Iraq#ISIS#IslamicState…",0,0.0,1,0.0,1,0,0.9873377084732056
4399,"In those years, it’s been involved in full-scale invasions and occupations, large-scale as well as pinpoint bombing campaigns, drone strikes",0,-0.1027,0,0.0,1,0,0.6237577199935913
4405,@user Brilliant actor! U R a talent that's been missing from Tv for quite some time #ThisIsUs #Emmys2016,1,0.69,1,0.4,1,0,0.995212197303772
4411,Huge conflicts-of-interest due to Rudy's speeches and consulting abroad - especially for main #Hamas #terror-sponso…,0,0.3182,1,0.11041666666666666,1,0,0.9961126446723938
4412,The biggest cause of Hitler 2.0 was: Comey's FBI. Not an election but a coup,0,0.0,1,0.0,1,0,0.9973906874656677
4414,Paying a docotor to perform euthanasia just takes a lot of money and a little persuasion,0,0.0,1,-0.1875,0,0,0.9973660111427307
4416,@user You guys don't have anything impressive to say. Just more anger. Fishy when the popular vote was over $2 million. Goodbye.,0,-0.5987,0,0.35,1,0,0.9996675252914429
4418,"prepares for NUCLEAR war with North Korea...""[repeat post of vaultboy.png]",0,-0.5994,0,0.0,1,0,0.9722797274589539
4419,Hairspray Live! Previews at the Macy's Thanksgiving Day Parade! #arianagrande #televisionnbc,1,0.0,1,-0.07102272727272728,0,1,0.8425939083099365
4420,@user @user TOO much religion in any mega corporation  .@google @user with KKK Nazis in GOP?,0,0.0,1,0.2,1,0,0.9995797276496887
4421,"@user Kinnock is essentially aping the UKRAP position, saying it's ok to be racist. Labour as flummoxed by Brexit as the Government.",0,-0.4215,0,0.25,1,0,0.9942465424537659
4422,@user ABSOLUTEY nailed it about #LIBYA,1,0.0,1,0.0,1,0,0.8898094892501831
4423,"I was personally opposed to the death penalty, and yet I think I have ... #JanetReno #citations",0,-0.7845,0,0.0,1,1,0.9016681909561157
4426,Please don't leave us with him! #ThankYouObama,0,0.4098,1,0.0,1,1,0.8366553783416748
4428,Have avoided political talk all day-should I drop a bomb on the way out? Medicare? Melania's speech-giving skills?,0,-0.8042,0,0.0,1,0,0.9970760345458984
4429,How can so-called conservatives be fine with Russia intervening repeatedly in our election?  #AuditTheVote  #recount #recount2016,0,0.2023,1,0.4166666666666667,1,0,0.9959522485733032
4430,Not a hack piece. Based on violation of 1965 Voting Rights Act. Researched. Coordinated voter suppression happened.…,0,-0.4939,0,0.0,1,1,0.5284594893455505
4431,Hollyweird addle minded & obtuse Kristen Bell & idiots like her are too stupid to know Nazi is the National Socialist Party. Run by Libs.,0,0.2023,1,-0.8,0,0,0.9992468357086182
4433,"@user But your rfugly, dwarven, MuMu-wearing, pot-bellied, man-child dictator is Kim Fatty the Third.…",0,0.0,1,-0.2,0,0,0.9980514049530029
4438,@user @user @user shhh I can see this tweet not private! #deplorables are just using the kid to play a mean game,0,0.4003,1,-0.23750000000000002,0,0,0.9988837838172913
4440,"@user At this point if you really care about the victims of feminist ideology, euthanasia is the most merciful way to treat them.",0,0.5984,1,0.35,1,1,0.9653680324554443
4441,She totally Melania'd that speech #UsefulNewVerbs,0,0.0,1,0.0,1,0,0.9923568964004517
4442,Label scan of Bob Dylan's 4th highest charting single Positively 4th Street,1,0.5267,1,0.07792207792207792,1,0,0.9756553769111633
4443,"For the post 1970s left, identity and class politics are both part of the same struggle. Liberals rejected the class analysis.",0,-0.6808,0,0.0,1,0,0.9707403182983398
4445,"@user @user not sure where you get all of that from. And even of some of those were true, that makes it okay to send hateful tweets",0,-0.1184,0,0.19999999999999998,1,1,0.9584887027740479
4446,"The irony of being accused of being a shill for 'Big Pharma', by someone who runs a blog called 'Vaccine Detox With Homeopathy' 😂",0,0.128,1,0.0,1,0,0.9982225298881531
4449,"Hey, sorry I haven't been inspiring you in a while. Let's get back to it. ""Don't count the days. Make the days count."" -Muhammad Ali",1,-0.3883,0,0.0,1,0,0.9921497106552124
4450,What? In Nazi Germany?! No!,0,0.0,1,0.0,1,0,0.9993554949760437
4451,"Where is @user on the #NoDAPL issue? This ""Native American"" got her scholarship & tenure posing as an NA but won't help brethren?",0,-0.5018,0,0.0,1,0,0.9977445602416992
4455,@user in this Democrats & Republicans agree but bringing people like Gingrich & the like does not #DrainTheSwamp @user,0,0.8047,1,0.0,1,1,0.8871954679489136
4457,Trump should be made to cough up #reparations #kevlar and #ammo #MakeAmericaHateAgain #BlackLivesMatter #Hatecrimes #notmypresident,0,0.0,1,0.0,1,0,0.9985582232475281
4458,Samsung SDI Lost After Galaxy Note 7 Recall #Samsung SDI,0,-0.3182,0,0.0,1,0,0.9994059801101685
4459,@user I'll print & carry during anti-trump inaugural protest march. HOPE someone near me has NAKED Melania so we can pair 'em up!,0,0.4451,1,0.05,1,0,0.9755789041519165
4463,.@Independent digi front page | Senior Brexit campaigner denies offering six-figure 'bribe' to MPs (@SiobhanFenton)…,0,-0.5574,0,0.0,1,0,0.9747551083564758
4464,"Protest Trump laterProtest Obama nowDAPL is funded by prolific Dem DonorsDAPL will accelerate ClimateChange, is…",0,-0.25,0,0.0,1,0,0.9879649877548218
4465,@user but Ben Carson has ZERO experience. Experience and educational training is important. Please just fire yourself.,0,0.2617,1,0.325,1,0,0.9715235829353333
4466,@user I wish your headband shot went in. Almost would have been as cool as your last-second-backwards-flip-tip-in with the @user,1,0.6124,1,0.35,1,0,0.9970418810844421
4467,Voter suppression and voter machine tampering is not Democracy; it is not the vote of the people. Here is why...,0,0.0,1,0.0,1,0,0.9987815022468567
4470,How can you #draintheswamp if you keep inviting swamp creatures into your administration? @user,0,0.3182,1,0.0,1,0,0.9994631409645081
4471,Japan warns to Prep for  possible N Korean Nuke Attack,0,-0.5423,0,0.0,1,0,0.9966017007827759
4472,"GOP talk of ""millions of illegal votes"" isn't about bragging rights or popular mandates. It's about justifying *massive* voter suppression.",0,-0.2023,0,0.033333333333333326,1,0,0.991058886051178
4475,2 Episodes of Westworld down. 8 to go.,1,0.0,1,-0.15555555555555556,0,0,0.9887900352478027
4476,Was able to get #hatchimals but no luck with the #NintendoClassicMini 😡 #blackfridayshopping,0,-0.4973,0,0.5,1,0,0.998257577419281
4477,"@user I think the future looks like 3 parties: a socialist left, multi-cultural liberals, and FN-style rightists. @user",0,0.6369,1,0.0,1,0,0.9752498865127563
4478,If you're against animal testing then you're against animal testing ALWAYS - not until MAC release a really nice colour lipstick lol,0,0.7089,1,0.7,1,0,0.9285542964935303
4479,@user @user #GOP so hyper partisan and opposed to moderate Dems the risk the Republic in pursuit of their insidious goals.,0,-0.2732,0,0.0,1,0,0.9949445128440857
4480,These voting analysis of why #Trump won are RIDICULOUS..He LOST popular vote by 2M ...he LOST by 2M ...REPEAT..#Trump LOST by 2M votes,0,-0.3816,0,0.6,1,0,0.9996249675750732
4481,"420Magazine: ALS Patient Uses Medical Marijuana, Outlives Anti-Marijuana Doctors",1,0.0,1,0.0,1,0,0.9610154628753662
4482,1/ Mexican's want USA to build a wall on the border to keep ignorant Trump supporters from illegally entering THEIR country. @user,0,0.2732,1,-0.25,0,0,0.9647670388221741
4483,"@user India, I am sure top management/Admin would've fallen Prey to Leftists'/Psedoseculiars' setting tempetions -:)!",0,0.2244,1,0.5416666666666666,1,0,0.9993488192558289
4484,"""We could do a WALL of solar panels on the border> BOOM> Mexican Sun God pays for it.""  #TrumpNarratesPlanetEarth",0,0.2732,1,0.0,1,0,0.9908655285835266
4487,"@user @user Look at Romney's TL.  Not one word about Trump's cabinet picks.  No congratulations, nothing.  He's a snake.",0,-0.4847,0,0.0,1,0,0.9968530535697937
4488,Venezuela's President Maduro accuses US of fabricating drug case against 2 nephews of first lady...,0,-0.34,0,0.25,1,0,0.9946869611740112
4491,"@user @user @user He's already doing it. Funds Black Lives Matter;funds anti-Trump riots.Ultimate aim, global government",0,0.0,1,-0.08333333333333333,0,0,0.9957494735717773
4494,"Even if this results in nothing, big PR coup for Trump,vs Obama's admin which didnt seem to do much,plus look at pi…",0,0.0,1,0.0,1,0,0.998185932636261
4495,"@user  Better policy is stop the invasion, stop immigration & #Repatriate #Repatriate #Repatriate",0,-0.128,0,0.5,1,0,0.9983988404273987
4497,@user @user when has #hamas stopped being a terrorist organization? It makes sense they spew hatred and fear.,0,-0.9325,0,0.0,1,0,0.9954433441162109
4498,Alt writing: Creating anti-liberal news stories for subversion knowing conservatives will never fact check#notmypresident #UsefulNewVerbs,0,0.296,1,0.0,1,0,0.9605346918106079
4500,"@user Have you openly denounced Steve Bannon and white supremacy, also the lack of diversity in Trump’s transition team?",0,-0.2732,0,0.0,1,0,0.9797205328941345
4502,Still relevant from this summer -- Trump and the art of bad publicity via @user,0,-0.5423,0,-0.1499999999999999,0,1,0.5781834721565247
4503,My sister blew up my phone this morning asking if I could pick her up at the airport at 11.... I'm not a morning person so I said no.. #uber,0,0.0,1,0.0,1,0,0.9995555281639099
4504,Whatthefuck Liam OMG #liampayne #onedirection #hot #sixpack #leeyum #ily #king #lifesaver…,0,0.6597,1,0.25,1,0,0.9917471408843994
4506,"Instead of being aghast at the spectacle of Trump's transition, liberals should try a more level-headed approach.…",0,-0.4404,0,-0.04999999999999999,0,1,0.6775124073028564
4508,"Agree w/ no death penalty. UR cafeteria Catholic, unless U object to birth control, same sex marriage, communion for divorced/remarried.",0,0.7979,1,0.0,1,0,0.9281876087188721
4510,when is the other castro turn?? and maduro?? and all the fcking dictators??,0,0.0,1,-0.125,0,0,0.9963709115982056
4511,What are they waiting for? Comey to leave? Loretta Lynch to leave? How many are involved? How many are being blackm…,0,-0.3313,0,0.5,1,0,0.9979968667030334
4512,I will mock robots during the rise of the machines if they still have a dumbass GPS voice.,0,-0.7506,0,0.0,1,0,0.9993793964385986
4513,Blow the #IslamicState #ISIS #hamas #MuslimBrotherhood #Taliban  OFF the FACE of the EARTH #Israel #IStandWithIsrael,0,0.0,1,0.0,1,0,0.9941267967224121
4516,Mainstream media critical of Trump's Cabinet picks: via @user,0,-0.3182,0,0.0,1,0,0.9883943796157837
4519,@user @user FLASH! #AngelaLansbury  turns her spout up at #BeautyAndTheBeast remake,1,0.0,1,0.0,1,0,0.994768500328064
4520,@user 15% of voter registration rolls are inaccurate & allowing for voting fraud. The left is trying to steal the election now.,0,-0.7906,0,0.0,1,0,0.9990583062171936
4521,Lesson 1 of Being Extra: get a second yacht for your vacation with your fiancé because you work better at night #MariahsWorld,1,0.4404,1,0.16666666666666666,1,0,0.9900908470153809
4522,"Story...Clinton Foundation paid off both Sanders and Stein, according to source.  ~14 min last few min.",0,0.0,1,-0.1,0,0,0.7620319128036499
4523,"@user Fascist Trump chooses a fascistcabinet, it's natural!",0,-0.3382,0,0.125,1,1,0.9342155456542969
4524,@user @user @user Where r the Dems on this matter. Why does our party lay down when we should b…,0,0.4263,1,-0.15555555555555556,0,0,0.9996553659439087
4526,To be soon put up outside our door :),1,0.4588,1,0.25,1,0,0.991503119468689
4527,"#CHINA just stopped citizens from calling Kim Jong Un ""Kim Fatty The Third"". Well this post is for all of you Chinese people. #NorthKorea",0,0.0516,1,-0.06666666666666667,0,0,0.993148148059845
4528,"Arlington, TX students protest Trump",0,0.3034,1,0.0,1,0,0.9732906222343445
4529,@user still haven't received my e-tickets. I better either get my tickets to the @user game or my money back.,0,0.4404,1,0.033333333333333326,1,0,0.999708354473114
4532,I liked a @user video NEW: Anti Trump Riots in America Compilation,1,-0.4215,0,0.36818181818181817,1,1,0.9703722596168518
4533,"@user @user @user @user @user @user Wait & See, but NEVER #CROOKEDHillary!",0,0.0,1,0.0,1,1,0.8524125218391418
4536,Melania short circuiting during a televised speech.  #KeepsTrumpUpAtNight,0,0.0,1,0.0,1,0,0.9982545971870422
4538,The Socialist/Fascist Party (aka. Dems) is driving itself into obscurity.,0,0.4019,1,0.0,1,0,0.9695307612419128
4543,@user @user @user Like you did when you were campaigning for someone who supports the death penalty?,0,-0.4404,0,0.0,1,0,0.9967243075370789
4544,"Steve Bannon: ""I blame this liberal PC culture for the lack of a White Friday. Obama should be impeached for this!""",0,-0.6114,0,0.0,1,0,0.9975858926773071
4545,RePost: I do not support building a Wall on the Mexican Border nor rounding up millions of innocent economic migrants in the U.S.,0,0.0366,1,0.2333333333333333,1,0,0.9992357492446899
4546,@user @user @user 2. ppl not wanting to admit voting Trump & also ppl thinking HRC was safe & deciding safe to protest vote,0,0.4953,1,0.5,1,0,0.9930561184883118
4548,"@user spends $Millions on politicians like #Giuliani, to push #iran war, makes Kim Jong Un look humble!https://t.co/sQpap31XUj",0,-0.4003,0,0.0,1,0,0.7614663243293762
4550,@user Haitians Protest Outside Hillary Clinton's Office Over 'Billions Stolen' by Clinton Foundationhttps://t.co/LhzK5bFbcY,0,-0.6369,0,0.0,1,0,0.9966405630111694
4551,"@user Bless your tact. You try to be delicate saying ""private parts."" Saakashvili boldly says, ""he wanted to hang me by my balls.""",0,0.6705,1,0.011111111111111108,1,1,0.9738295674324036
4552,and I'll be making 160k as a corporate lawyer while ur still living in a crummy town making minimum wage 😊,0,0.7184,1,0.0,1,0,0.9978919625282288
4553,#ThisIsUs I've bawled every episode,1,0.0,1,0.0,1,0,0.9969162940979004
4554,"Will the Dakota Access pipeline take a place in a bitter history? The pipeline would carry as much as 570,000...",0,-0.4215,0,0.05,1,0,0.9978678226470947
4555,"Steve Bannon in Whitehouse not normal, Trump the con part time Prez will never be normal! Always follow the money!",0,0.0,1,0.0796875,1,0,0.9931459426879883
4557,@user @user don't let conservatives in denial disarm your alarm system-I really think ur insights are spot on,0,-0.34,0,0.2,1,1,0.9879971742630005
4558,@user @user >Arguing with leftistsNot even once.,0,-0.4588,0,0.0,1,0,0.9962539672851562
4560,"@user IA was one of the first states to legalize gay marriage.The IA I grew up in was smart,progressive and tolerant.  WTH happened?",0,-0.4648,0,0.33333333333333337,1,1,0.9806776642799377
4561,Take that Liberals and Alt-Rightists!,0,0.0,1,0.0,1,1,0.9932803511619568
4566,The excitement I got when we got 2 #Hatchimals was way too much for a 19 year old girl to get.,1,0.4939,1,0.15000000000000002,1,0,0.9987848401069641
4567,Many criminals believe what they say is true; they could pass a lie... #MichaelMoore #citations,0,-0.2263,0,0.425,1,0,0.9803902506828308
4568,Sorry doctor tiny bitch 😄 #ScreamQueens @user,0,0.1027,1,-0.25,0,0,0.9995512366294861
4569,"@user @user #NeverRomney #DrainTheSwamp Romney, Reince is the swamp",0,0.0,1,0.0,1,0,0.998775064945221
4571,"""A little bit of mercy makes the world less cold and more just.""- Pope Francis",1,0.3041,1,-0.11354166666666665,0,1,0.9882388114929199
4572,@user How are you still pretending there's a gold standard? Aren't you ashamed? @user @user @user @user,0,0.5129,1,0.0,1,0,0.9926401972770691
4574,@user @user War mongers and actual Nazi war criminals are on the left,0,-0.91,0,0.0,1,0,0.9995146989822388
4575,@user @user Michael Moore's favorite health care system seems to have #obamacarefail Fidel.,0,0.7351,1,0.5,1,0,0.9888874888420105
4578,Hey #Trump holes.. so he is try to drain swamp by putting up exclusive members only luxury condos,0,0.128,1,0.0,1,0,0.9970593452453613
4579,Boys looked so FAF#MPN #OneDirection,1,0.0,1,0.0,1,0,0.9954795837402344
4581,We've got 15 days until Valentines so if you're secretly in love with me now is the time to speak up,1,0.6369,1,0.5,1,0,0.7124128937721252
4582,"Tim Duncan Is Back At It, Once Absolutely Roasting A Former Teammate With A Simple Texthttps://t.co/et1cAXvTTK",1,0.0,1,0.05,1,0,0.9579063057899475
4583,#Hillary and  #Obama armed and started #YemenFiles civil war for oil money.  .@wikileaks 👇🏼#DrainTheSwamp…,0,-0.5994,0,0.0,1,0,0.996342122554779
4586,The people donating to this are same ones who call US naive. But leftists: vote for her in 2020 again - please!…,0,-0.2124,0,-0.15,0,1,0.8471689820289612
4587,BREAKING - Top Fox News Host to QUIT - to Work for Donald J. Trump #TrumpTransitionTeam #Fox News #POTUS @user,0,0.2023,1,0.5,1,0,0.9853248000144958
4588,@user @user Everyone knew that Trump would fill his cabinet with the For Private Profit types = no surprise here !,0,0.3352,1,0.0,1,0,0.9973481893539429
4589,"@user PROSECUTE GEORGE SOROS IN 2017, for interstate funding of groups to invite violence and violence. Title 18 U.S. Code § 2101",0,-0.9008,0,0.0,1,0,0.9795660376548767
4591,"The little black effeminate punk defending the white supremacists, I hope he knows what hes doing. No offense to effeminate men.",0,0.3899,1,-0.11805555555555554,0,1,0.801776111125946
4593,@user @user  SOUR GRAPES! Surprised that even Shankar sharma batting for dems- who knew it all & used it all too.KARMA.,0,0.2942,1,-0.04375000000000001,0,0,0.9775685667991638
4594,"@user God yes. And when Trump takes over and decides to work with Putin to destroy Syria, sorry, I mean ISIS…. sigh….",0,0.0,1,-0.33749999999999997,0,0,0.993772566318512
4596,@user @user Add this guy to the list of deplorables.  He has no integrity.,0,-0.2924,0,0.0,1,0,0.9997579455375671
4597,Bob Dylan Highway 61 Revisited LP 1965 pressing with alternate From A Buick 6 ≈ 118 hours U…,1,0.0,1,0.0,1,0,0.9747285842895508
4598,@user Thankful that you won the popular vote! #AuditTheVote #StillWithHer,1,0.8883,1,0.75,1,0,0.5765223503112793
4599,This will settle it once and for all... #NationalFastFoodDay,1,0.0,1,0.0,1,0,0.9378248453140259
4600,"@user @user @user - there is no majority support for any conservative Christian positions eg anti abortion, euthanasia",0,-0.6964,0,0.0,1,0,0.9996882677078247
4601,Now Playing on #Channel80: Ricky Martin - Casi Un Bolero -,1,0.2023,1,0.0,1,0,0.9588087201118469
4603,@user lmao ha bad hombres!!!!!,0,0.6083,1,-0.2,0,0,0.9995519518852234
4604,Barak Obama | highlighting the many broken promises of Obamacare,0,-0.128,0,0.04999999999999999,1,0,0.9321969151496887
4605,"The longer this Brexit indecision drags on, could it be more & more people know deep down that the EU referendum result was the wrong one?",0,-0.6808,0,0.06888888888888889,1,0,0.9988173842430115
4608,"""I condemn them. I disavow and I condemn. All you alt-rightists bound to lose. The times they are a changin""",0,-0.7845,0,0.0,1,0,0.9782223701477051
4609,"#whatif when #trump becomes prez, they brief him abt 9/11: he gets so pissed he blows th cover to the country. nazis & liberals be like WHOA",0,-0.5949,0,0.0,1,0,0.9945780038833618
4611,@user - Still would not consider him for ANY job in the Trump cabinet!!,0,0.0,1,0.0,1,0,0.9892622828483582
4613,I have lifelong leftists bashing CPIM on my FB feed. Dil Khush #DeMonetisation,0,0.0,1,-0.1,0,0,0.9983103275299072
4614,Now that thanksgiving is practically overWya ChristmasWya 2017Wya Valentines Day 😌🙌🏼,1,0.3818,1,0.0,1,0,0.9988164901733398
4615,I can't believe rob mcelhenney singlehandedly legalized gay marriage,0,0.4449,1,0.4166666666666667,1,0,0.9803455471992493
4616,"Leftists love being victims.Rightists love a winner, more so if winner was an underdog.We are witnessing critical mass of both.",0,0.9455,1,0.375,1,1,0.9866678714752197
4619,#Luxury Dolce & Gabbana?s New Bag And T-Shirts Celebrate Gay Marriage,1,0.5719,1,0.2765151515151515,1,0,0.8297690749168396
4621,"@user After the privatize medicare, SS cut medicaid and roll back workers, women, POC, environmental protection and taxes. Also war",0,-0.7184,0,0.0,1,0,0.9971370697021484
4622,Ana Navarro destroys Melania Trump’s cyberbullying speech hypocrisy: ‘He... is the dirt and brainless,0,-0.7184,0,0.0,1,0,0.999764621257782
4624,BREAKING: Paul Ryan & GOP Announce Plan To DRASTICALLY Cut Health Care (DETAILS),0,0.2732,1,0.0,1,0,0.8498661518096924
4625,Ashley Graham Just Shut Down The Runway In Her Lingerie At NYFW - See Killer Curves!,1,-0.68,0,-0.19444444444444445,0,0,0.999045193195343
4626,@user @user YOU IDIOT...PROTEST TRUMP FOR BEING ELECTED BY THE PPL.. Y BC YOU POS YOU DINT LIKE HOW IT TURNED OUT....GOO GOOI,0,0.4995,1,0.0,1,0,0.9993618130683899
4629,And Ben Carson hates it too.,0,-0.4404,0,0.0,1,0,0.9974363446235657
4631,I liked a @user video The Sky's Limit: We Need to Stop Fossil Fuels,1,0.1531,1,0.6,1,0,0.9032207131385803
4634,"Vegetarianism, politics, religion, pro life or pro choice... it's all opinion. Shut up and let people believe what they want to believe",0,0.0772,1,0.0,1,0,0.9691247344017029
4636,"@user This is something you should read, and take dead serious. #Trump#KeepElectoralCollegeRead:",0,-0.6808,0,-0.26666666666666666,0,1,0.8103400468826294
4637,Grayson Allen been trash this season so far hurt but still,0,-0.3268,0,0.1,1,0,0.989162802696228
4638,@user and supports #Hamas training children to murder #Jews for the sake of Allah,0,-0.4939,0,0.0,1,0,0.7708882093429565
4639,"@user @user Not bashing gay marriage. You feel you need to be with same sex, so be it.That is not what Christians believe is all",0,0.0,1,0.20833333333333334,1,0,0.8960270285606384
4640,lol All the new world leaders are thin skinned egomaniacs'Kim Fatty the Third': Chinese websites block search termhttps://t.co/oXkaJuzTDY,0,-0.0258,0,0.05606060606060606,1,0,0.9986633062362671
4641,There are children that only know a black man as POTUS...my God! #ThankYouObama,0,0.3382,1,-0.10416666666666666,0,1,0.9908062815666199
4643,If everyone registered Muslim or Middle Eastern...what can they do? #newnormal #NotMyPresident #humanrights #TrumpTransitionTeam #tolerance,0,0.296,1,0.0,1,0,0.9981587529182434
4644,Hmmmmm where are the #BlackLivesMatter when matters like this a rise... kids are a disgrace!!,0,-0.2924,0,0.0,1,0,0.9997839331626892
4645,@user #BlackLivesMatter proving they are indeed racist.  Appreciate you letting the world know. This will be tetweeted,0,-0.3182,0,0.0,1,1,0.96022629737854
4647,It's a open door immigration policy bringing the criminals,0,-0.5719,0,0.0,1,1,0.9968315958976746
4649,George Soros. A SS in the National Socialist German workers party. Nazi party. He served under Hitler. The Democrat…,0,0.6597,1,0.0,1,0,0.7797611951828003
4652,@user I'm not pro KKK but I already expl... Oh forget it. I'm arguing with liberals who can't forgo a chance to scream racist.,0,-0.9553,0,0.0,1,0,0.9986709356307983
4653,#JustReleased!!!! #UBER by Boo Gotti stream free on #APPLEMUSIC and all retailers worldwide!!!!#BMThttps://t.co/yVym8arJH3,1,0.6671,1,0.4,1,0,0.9961268305778503
4655,"@user how and why hateful messages to her anyway. A very bright, compassionate high achiever?",0,0.5379,1,0.535,1,1,0.5265806317329407
4656,"So Fidel Castro has died.  Don't worry, George Soros is willing to fill his shoes as Most Wicked Man In The World #wicked #publicenemy1",0,-0.8514,0,0.375,1,1,0.9973239898681641
4658,"""Ask Tim Duncan about us."" Loving Antoine Walker on the @user tonight. He's killing it! #BBN",1,-0.2003,0,0.75,1,1,0.9862679243087769
4659,i hav so many liberals/conservatives on all my other social media can't even post about fidel,0,0.0,1,0.1361111111111111,1,0,0.770128071308136
4660,Trump Can’t Make America Great If He Kicks the Medicare Can Down the Road,0,0.6249,1,0.32222222222222224,1,0,0.9965707063674927
4661,#Palestine | Palestinian martyred by Israeli forces at checkpoint near west bank,0,0.0,1,0.1,1,0,0.9947446584701538
4663,"@user Nothing is going to get overturned. While theyre living in lalaland, Trump is breaking transition records.",0,0.0,1,0.0,1,1,0.9966903924942017
4664,3. Michael Moore was right that people would have buyers remorse. And we have online petitions flying all over the damn place.,0,-0.5859,0,0.2857142857142857,1,0,0.9976824522018433
4668,@user @user yeah but Mike Pence got booed,0,0.1531,1,0.0,1,0,0.9959652423858643
4669,@user @user @user @user @user The Leftists flock like sheep. Not an individual thinker amongst them.,0,0.3612,1,0.0,1,0,0.9992794394493103
4671,"""Donald Trump isn’t just vowing to undo US climate policies as president. His transition team is also talking...",0,0.0,1,0.0,1,1,0.9221070408821106
4672,"@user Have a listen, these are the feelings of the deplorables. You didn't hear us during the campaign when…",0,0.0,1,0.0,1,0,0.5730618834495544
4673,Beck sounds alarm about Steve Bannon,0,-0.34,0,0.0,1,1,0.8624696135520935
4674,This weeks obsession: David Blaine  street magic.,1,-0.34,0,0.5,1,1,0.8057159781455994
4675,The new Miniestadi could be renamed after Cryuff as one of the options to remember him [@ClubMitjanit] #fcblive,1,0.0,1,0.13636363636363635,1,0,0.9649081826210022
4676,"@user @user @user Moving 10,000,000 to Medicaid welfare ain't healthcare reform; it's a big lie:",0,0.0,1,0.0,1,0,0.9941231608390808
4678,#NeverRomey Come on Trump Transition Romney fought to defeat Trump Put this snake under his rock#NeverRomey,0,-0.6486,0,0.0,1,0,0.9882304668426514
4680,"Digital labor undercuts minimum wage, #Robotic Process #Automation gains traction in #FinancialServices. #FinTech…",0,0.34,1,-0.05,0,1,0.9851471781730652
4681,I would have settled for the occasional interjection of truth & full coverage of Obama's unconstitutional Admin...…,0,0.2585,1,0.175,1,0,0.9986661672592163
4682,Obamacare if you have called Marco Rubio a puppet Jeb Bush who s going over and complimented me.,0,0.4215,1,0.0,1,0,0.8989959955215454
4685,"Harms foster kids -> Medicaid Block Grants: A System of Rationing, Inequity, and Harm – Voices4Kids…",0,-0.8271,0,0.0,1,0,0.9932793974876404
4686,"Democrats, yer finished, George Soros doesn't run America. Wake the hell up.....",0,-0.6808,0,0.0,1,0,0.9450415968894958
4687,Trump Plans #4: Promote a guy to chief strategist who is essentially a mouthpiece for uneducated trolls,0,0.3818,1,0.0,1,0,0.8508005142211914
4689,waaant,1,0.0,1,0.0,1,0,0.9218066930770874
4691,"@user Clinton, not wanting her name attached to this, paid some Clinton foundation money for this lol...it's OVER, DONE, FIN!! Libtards",0,0.0,1,0.0,1,0,0.9993066787719727
4696,when you get stranded at school for half an hour because the bus is late... #TheWalkingDead,0,0.0,1,-0.23333333333333334,0,0,0.9969143867492676
4697,@user @user #MannequinChallengeNailed it !,1,0.0,1,0.0,1,0,0.998242974281311
4698,@user come on bud... Those pants looked like the ones that hobo clowns wear. That guy was Ricky Martin singing sped up country songs,0,0.3612,1,0.0,1,0,0.9926952123641968
4699,I'd like to voice a very unpopular opinion: I am not a fan of self driving cars. 🚫🚗🚕🚙,0,0.1376,1,0.2,1,0,0.9846956133842468
4701,Epidemics and spread of endemic diseases are enhanced by the collapse of health services in #Yemen as a result of...,0,-0.4939,0,0.0,1,0,0.9935063123703003
4702,"Well the answer lies in the word you used: ""act"", lol. Michelle is not an actress. Melania's people stole Michelle'…",0,0.2732,1,0.8,1,0,0.9986898303031921
4704,I swear going through immigration in the US is the hardest thing to do,0,-0.0516,0,0.0,1,0,0.9993821382522583
4705,@user on notice: #Iran sending arms to #Hezbollah #terrorists using commercial airlines. @user @user,0,-0.6249,0,0.0,1,0,0.990303099155426
4707,.@elizabethforma You need to be aware of the ways Keith Ellison will destroy the party if selected to chair the DNC,0,-0.2023,0,0.024999999999999994,1,0,0.9975792765617371
4711,The Clinton Foundation spends more millions on travel rather than Charitable Grants. No wonder Haiti barely received anything,0,0.34,1,0.38333333333333336,1,0,0.9983988404273987
4714,@user @user @user same places Trump has businesses in as well. Actually worse places as well. Like breaking Cuba embargo,0,0.3818,1,-0.2,0,0,0.9997279047966003
4715,"Dear Satan, thank you for requiring Social Security cards not be carried on you and lost every time you move somewhere.",0,0.6369,1,0.03333333333333333,1,1,0.81889408826828
4720,"@user @user @user trump is the circus clown sent to distract us.  Watch pence, Ryan, and Putin",0,-0.296,0,0.0,1,0,0.998191773891449
4721,Next #ScreamQueens 💋🔪😈,1,0.7003,1,0.0,1,0,0.9886555671691895
4723,@user @user @user Troubling. Ironic that GOP voters often the people who rely most on Medi-Care and Social Security.,0,-0.3818,0,0.24444444444444444,1,0,0.9937050938606262
4724,Freedom of expression continues to be severely violated in Yemen #yemen #CIVICUSmonitor,0,-0.296,0,0.0,1,0,0.9886656999588013
4726,Luckily we have Pokemon now and Persona 5 next year yassss,1,0.5106,1,0.16666666666666666,1,0,0.9352644681930542
4727,#Fires around #Jerusalem! #Terror Molotov cocktail  the cause. 20 aircraft  operating. Friends in #Nataf evacuated.…,0,-0.1511,0,0.0,1,0,0.9689927697181702
4728,@user white supremacists get so emotional that they call for the 2nd holocaust.,0,-0.0276,0,0.0,1,0,0.9788352251052856
4729,@user @user Democrats punch people in the back- Republicans punch people in the face. We farmed-out torture during Obama admin.,0,-0.5994,0,0.0,1,0,0.9984456896781921
4730,@user @user Is Trump being investigated 4 violating the Cuba Embargo? Why is Pence going to court to hide 12yrs of emails? Thxs,0,-0.6767,0,0.0,1,0,0.9975969195365906
4731,Gigi didn't mock Melania's accent. She mocked the fact that Melania can't even write her own speech.,0,0.0083,1,0.6,1,0,0.9769699573516846
4732,@user You're awfully quiet NOW regarding white supremacists in the White House now that you're a Secretary of State hopeful.,0,0.3182,1,0.0,1,0,0.6183620691299438
4734,So thankful for all my bad hombres this Thanksgiving🦃,1,0.1263,1,-0.6999999999999998,0,1,0.8411300778388977
4735,"J'aime une vidéo @user de @user New VR Games Last Week - Google Earth VR, Keep Watching VR, Bounce, Lantern",1,0.0,1,0.06818181818181818,1,0,0.8650161027908325
4736,"anyone thinking ""deplorables""?",0,0.0,1,0.0,1,0,0.9979256391525269
4738,someone: mentions pentagonme: (melania trump voice) Hello.,0,0.0,1,-0.75,0,1,0.618739128112793
4739,Nothing like the smell of minimum wage in the morning,0,-0.2755,0,0.0,1,0,0.9895076155662537
4743,"New Vice President Mike Pence supported 'gay cure' [electro-torture], and other terrifying beliefs",0,-0.34,0,-0.14299242424242425,0,1,0.8853189945220947
4745,@user @user @user actually I don't care about her pc anything I care about integrity when reporting. she doesn't,0,0.4891,1,0.0,1,0,0.9990246295928955
4747,"@user You wealthy like to complain about pay these three things but even the Social Security office state no one paid over $115,000",0,0.2144,1,0.26666666666666666,1,0,0.996685802936554
4748,"@user will never be, we dont read history books n fossil fuels still have us by the balls. $$$ giants will never allow it. Must go Solar",0,-0.1695,0,0.0,1,0,0.9976623058319092
4749,#Mexican Cement Maker Gets Ready to Cash in on Trump Border Wall: Trump's racist and bigoted rhetoric on the……,0,-0.3612,0,0.1,1,0,0.9860235452651978
4751,The AMERICAN INSTITUTE OF HOMEOPATHY just demonstrated their profound incompetence.comedy gold!https://t.co/itruuyceww via @user,0,0.0,1,0.041666666666666664,1,1,0.974367082118988
4752,So this is what happened in the comic...😁😁 #TheWalkingDead The amount of cringe has blew me off this planet😷…,1,0.7184,1,0.0,1,0,0.9988592863082886
4754,You assholes are liking this like I'm not in physical pain I thought we were all in this together this is not what Zac Efron promised me,0,0.7164,1,0.0,1,0,0.8996239304542542
4755,Hillary Clinton's clone? Really? Dems are pretty determined to lose it appears.https://t.co/9kPpoYmWFZ,0,0.5459,1,0.225,1,0,0.9997841715812683
4756,"RT @user They are literally doing the Nazi thing, @user Stop. Saying. Alt-Right.",0,-0.296,0,0.0,1,0,0.9997174143791199
4757,@user @user @user Brining this terrorist back will be red meat for Leftists. Media will make him a star just like Hicks,0,-0.628,0,0.0,1,1,0.5506336092948914
4758,"@user Ppl upset at Trump tweeting but silent about Obama killing hundreds of women/children in drone strikes last 8yrs, v. bizarre",0,-0.9337,0,0.13333333333333333,1,0,0.9925001263618469
4759,"Ok. We're supposed to be door mats and let the likes of Donald Trump, Steve Bannon, and Jeff Sessions walk all over us.",0,0.4215,1,0.0,1,1,0.9989373087882996
4763,"We need to change our energy system away from fossil fuels. To stop producing greenhouse gas emissions, causing global warming.",0,0.128,1,0.0,1,0,0.9530338644981384
4764,"Steve Bannon is unrepentant & vile racist, rescind his appt say 15000 US lawyers in letter to Trump @user",0,-0.8442,0,0.0,1,0,0.9976086616516113
4765,@user #brexit getting critical. get UK out to safety NOW. before the whole EU thing collapses.,0,-0.1779,0,0.1,1,0,0.9993960857391357
4766,So what happens when we use up all our fossil fuels and we have no alternative? Does this girl even think?,0,-0.3736,0,0.0,1,0,0.9985974431037903
4768,#ifonly #stillwithher #presidenthillaryclinton #monsinnyc while walking down the street on…,1,0.0,1,-0.15555555555555556,0,0,0.9788629412651062
4769,"@user Is White Supremacist self proclaimed Alt-right member Steve Bannon #StopBannon  also a ""brilliant c…",0,0.6486,1,0.45,1,1,0.998488187789917
4770,▓ ♡ ▓ #Deutsch ▓ ♡ ▓ BUCH <3 TIPP ▓ ♡ ▓ #German ▓ ♡ ▓  SEASON OF DESIRE - @user Momente des...,1,0.7456,1,0.5,1,0,0.9955294728279114
4771,@user #Hamas is using children as humen shields. That's what Hamas has to do with it,0,0.0,1,0.0,1,0,0.9965230226516724
4772,"@user @user @user #Hamas is #ISIS, #Jihad is #Terrorism",0,-0.6808,0,0.0,1,0,0.9970042109489441
4774,Our Addiction to Fossil Fuels Will Most Certainly Lead To Our Own Extinction. Maybe Better For The Planet Once We A…,0,0.6801,1,0.45357142857142857,1,0,0.9991517066955566
4775,Just in: #Putin undermined American democracy by stealing Casey Rybeck,0,-0.7351,0,0.0,1,0,0.9927241206169128
4776,"#Eurozone Ireland reunifies, why can't I? (Praise Kim Jong-un) #SydMUN16",0,-0.4449,0,0.0,1,1,0.9138666987419128
4777,Conservatives are low energy thinkers. Far easier to accept someone else's opinion than to look it up for themselve…,0,0.6597,1,0.05,1,0,0.9991000890731812
4778,Separating Fact from Fiction - Voter Suppression - the Real Election Rigging   @user,0,0.0,1,0.2,1,0,0.7661786675453186
4779,@user @user @user yeah Melania is a stripper prostitute trump bought her,0,0.296,1,0.0,1,0,0.9897421598434448
4782,@user On the other hand disavowing them is punching rightists (but not to the right) and it threatens to make us into cucks,0,-0.3182,0,0.08035714285714285,1,0,0.9983194470405579
4784,@user @user @user Lets start local clapouts to support #NationalClapOut for #obama on January 19. #ThankYouObama @user #WhiteHouse,1,0.4019,1,0.0,1,0,0.616767942905426
4788,"Nothing in Trump's s cabinet picks indicates that he will ""rise to the occasion"" that Presidency requires. He remains a two bit con man.",0,0.0,1,0.0,1,0,0.9928418397903442
4791,". @user I wish to see Putin & co in Hague, Russians deserve better than him! @user @user",0,0.7088,1,0.625,1,0,0.9980225563049316
4793,"@user @user 4. Careful what you say about Melania's favorite speech writer, Michelle Obama.",1,0.5574,1,0.2,1,0,0.992333173751831
4794,KD for lunch and the last episode of season 6 of #TheWalkingDead -- Batter's up! Then it's on to 7.,1,0.0,1,0.0,1,0,0.8537128567695618
4795,our family thanksgiving hasn't even started and i wanna leave...,0,-0.0516,0,0.0,1,0,0.9991186261177063
4799,MUST READ: GREAT summary/breakdown of most of Trump's picks up to this point for #TrumpTransitionTeam. #NotNormal,1,0.7034,1,0.65,1,0,0.9893057942390442
4800,@user @user There's upside in dumping the TPP. It would have reinforced the use of 'geoblocking' to price gouge audiovisual content.,1,-0.3182,0,0.0,1,0,0.9992585778236389
4801,"This is holding these groups back, the aura of corruption especially on p&t, esp. 3W, which even rightists are open to listen about.",0,0.0,1,0.0,1,1,0.9692748785018921
4803,"Dear Dr. Jill Stein, Return George Soros' money. Beckel, whose run elections, says Not Rigged!",0,0.6126,1,0.0,1,1,0.9894950985908508
4804,NOT in the #UK news  or spoken about in #UK universities where #Hamas & #Hezbollah influence our students.,0,0.0,1,0.0,1,0,0.9982364177703857
4806,Floridaians have highest enrollment in Obamacare but voted for Trump... #floridaiscrazy #wtfwereyouthinking #obamacare #florida,0,0.0,1,0.0,1,0,0.8381199240684509
4808,@user @user deplorables Jill stein has been getting money deposits by Sorros at 4am daily to steal election,0,-0.4939,0,0.0,1,0,0.9963770508766174
4811,@user @user idk I find hiding in the woods & walking dogs v inspiring & relatable guys #StillWithHer,1,0.0516,1,0.5,1,0,0.995604395866394
4814,"if you're 64, say bye bye bye.... and welcome Wal-Mart shoppers, may i get you a cart?",0,0.4588,1,0.8,1,1,0.9989797472953796
4815,"Y'all be voting to raise minimum wage, then complain that McDonalds don't have a dollar menu 😂😂",0,0.5106,1,0.0,1,0,0.9978812336921692
4817,NBA star LeBron James giving $2.5 million to Muhammad Ali exhibit :Auto pickup by wikyou,1,0.34,1,0.0,1,0,0.9578589797019958
4818,"Comey, Russians, Facebook, stein, sanders, Assange, vote machine hackers, and now Obama",0,0.0,1,0.0,1,0,0.692272424697876
4819,"#TheWalkingDead episode 42. The Governor is back to his old ways...plans on taking over the prison. For me, 8/10 #JJReviews",1,-0.5106,0,0.05,1,0,0.9372998476028442
4820,@user Can't wait to get some Dak Prescott socks. Imagine both Tony Romo socks and Dak socks in the same sock drawer!,1,0.0,1,0.0,1,0,0.9988784193992615
4822,"Dear Electoral College. You can't, seriously.",0,0.4798,1,-0.3333333333333333,0,0,0.9913597702980042
4825,I see you Westworld! These violent delights lead to violent ends. #WestworldFinale #shakespeare #vlogger #youtube #SundayFunday #ingadtv,1,-0.7263,0,-0.8,0,1,0.9389672875404358
4828,Trump picks:-Bannon (ran a white nationalist website)-Flynn (Putinphile/Islamophobe)-Sessions (rejected 4 judges…,0,-0.5106,0,0.0,1,0,0.9851348996162415
4830,I liked a @user video from @user Galaxy Note 7 | How to FIX 60% battery charging limitation and,1,0.1531,1,0.6,1,0,0.7578954100608826
4831,"North Korea Wants China to Remove this Video Kim Jong Un, Barack obama, Vladamir…",0,0.0,1,0.2,1,0,0.9981741905212402
4833,#BillGates revealed as sociopathic liar about GMOs and vaccines #nwo #depopulation #gmo,0,-0.5106,0,0.0,1,0,0.9985474944114685
4834,Mission Unstoppable! From Drone Strikes To Prison Torture CIA Runs US Forein Policy!,0,-0.9018,0,0.0,1,0,0.8474782705307007
4835,This was very very good😂👌🏻#MannequinChallenge #cadavermovie 🎥@shaymitch @user 💖,1,0.9578,1,0.26,1,0,0.9951629638671875
4836,"BREAKINGTRUMP'S CAMPAIGN AWARE OF VOTER'S SUPPRESSION, MAKE THIS TRENDhttps://t.co/1na9Myh2Dp",0,0.0,1,0.25,1,0,0.9956287145614624
4838,@user @user Let them do it. Deplorables need to feel pain.,0,-0.5106,0,0.0,1,0,0.9839497804641724
4839,@user Just say NOOOOOOOOOOOOOOOOOOOOOOO! to Pelosi! We need someone younger! Give it to Keith Ellison.,0,0.0,1,0.0,1,0,0.9616000056266785
4842,@user Seems like Reddit has never hired a single adult. Just crybaby liberals with ZERO logic or rational.,0,0.3612,1,0.01428571428571429,1,0,0.9997119307518005
4843,"@user Yes, responsibility is key. Michael Moore should've known better.",0,0.6808,1,0.25,1,0,0.9938422441482544
4847,@user Farron disgusts me I voted Brexit for a much brighter future for our young people I voted #Brexit @user respect democracy,0,0.3818,1,0.10000000000000002,1,0,0.9959318041801453
4848,Facing the Change: How rising seas are putting #RichmondBC at risk #water #dikes #flooding #climatechange #Steveston,0,-0.2732,0,0.0,1,0,0.9888427257537842
4849,"Ebad Hussain @user says #Hamas rockets often miss, so #Israel is the terroristhttps://t.co/jSGpKPSvoF",0,-0.1531,0,0.0,1,0,0.9977086782455444
4851,#NotMyPresident #AntiTrump How will #TrumpPresident #steal #Fed #Govt #CheckBook? @user @user,0,-0.4939,0,0.0,1,0,0.998637855052948
4854,"these post-nihilist Rightists are people who had a breakdown when confronting death and now run screaming from it, like cowards.",0,-0.6808,0,0.0,1,0,0.997083842754364
4855,That Leonard Cohen joke hurt.,0,-0.296,0,0.0,1,0,0.999546229839325
4856,.@MikeYenni Did you think #MAGA was Make America Gay Again? Resign now. #UniteBlue,0,-0.34,0,0.4166666666666667,1,0,0.9991427659988403
4859,"There's a new Axis of Evil in the world: U.K.’s Nigel Farage, France’s Marine Le Pen and Donald Trump",0,-0.6597,0,-0.4318181818181818,0,1,0.9761731028556824
4860,". @user is friends with @user who works for fake Putin oppo, Kremlin's @user - an org Chalu…",0,0.0,1,-0.5,0,1,0.5026586651802063
4861,"North SF Bay Leftists, Where Art Thou? (New Sub: /r/SFNorthBayAnarchists)",0,0.0,1,0.13636363636363635,1,0,0.9894351363182068
4863,"Yeah that's a lot of money, but JUST Medicaid cost ~$550 billion in 2015 so...",0,0.1531,1,0.0,1,0,0.9858531951904297
4864,Move over Fracking @user @user @user @user,0,0.0,1,0.0,1,0,0.998426079750061
4866,Muslim is always the target of the ethnic cleansing. #Rohingya #Palestine,0,0.0,1,0.0,1,0,0.9804432988166809
4868,"Tesla Model S can be located, unlocked, stolen by manipulating Tesla apps",0,-0.6908,0,0.0,1,0,0.9886680245399475
4870,donut parade most likely closed due to the fact that people keep voting to fucking raise minimum wage and small businesses -,0,0.0,1,-0.11785714285714285,0,0,0.9993975162506104
4871,"Hopefully, #Trump will designate #BlackLivesMatter as a terrorist organization and law enforcement can end #BLM's reign of terror.",0,-0.7506,0,0.0,1,0,0.9802538752555847
4872,Fuk knows y #auspol wld give to the Clinton Foundation % of Donations go to Charity 5.7%,0,0.4215,1,0.0,1,0,0.9661260843276978
4873,"@user @user lies and more lies... Here is one truth, the world & Cubans celebrate the death of Castro",0,-0.5849,0,0.5,1,0,0.9884529709815979
4874,"@user we may have lost medicare, social security, civil rights, the environment, food and water but at least we can make fun of nazis",0,0.6705,1,0.011111111111111108,1,0,0.9795264601707458
4875,@user except that retirees don't have to eat dogfood on social security like the US &ppl don't get forced into the street if injured,0,0.569,1,-0.13333333333333336,0,1,0.984067440032959
4879,@user @user *Neo-Nazi's. Richard Spencer is the founder of the alt-right as defined by breitbart btw...in case you care.,0,0.4939,1,0.0,1,0,0.992961585521698
4881,A reminder to the leftists who kept calling for #1A for 8 yrs to be regulated and ban words bc who of who said it n…,0,-0.5574,0,0.0,1,1,0.666098415851593
4882,This is scary stuff ppl. Worse yet there's Intel evdnce& DT STILL maintains a pro-Putin stance. Exemplary dmocrcy o…,0,-0.743,0,-0.45,0,1,0.8573535084724426
4883,"Israel first, racist, government psyoper, and altrighter 🤔 @user",0,-0.6124,0,0.25,1,0,0.9918575882911682
4885,"election convo can't work if facts are ignored - ""HRC pop vote +2 mil because of all the illegals who voted""  #smh #StillWithHer",0,-0.5574,0,0.0,1,0,0.9992823004722595
4886,This will cost tax payers $1million a day. Over a 4 year period that's how much? #unacceptable,0,-0.4588,0,0.2,1,0,0.9995813965797424
4888,@user @user @user @user @user @user Yup&Comey #FBITrumpland should've been stopped&PutinHack takenSerious,0,0.0,1,0.0,1,0,0.9994136095046997
4889,@user Like he said he can shoot someone in the head and not lose his deplorables. Such one-sided system. GOP still support him. OMG!!,0,0.685,1,0.0,1,1,0.9941656589508057
4890,"@user Trump Precincts did which is Nearly Impossible, or All they would have to do is kick Names of the Voter Registration Lists",0,0.0,1,-0.6666666666666666,0,0,0.9995878338813782
4891,Hopeful this day goes by quick. 😏 #NationalFastFoodDay,0,0.5106,1,0.3333333333333333,1,1,0.9917804598808289
4893,Thankful for my bad hombres,1,0.0516,1,-0.6999999999999998,0,1,0.6353678703308105
4895,4) Kirk 3) Mrs. Kim 2) Luke 1) Richard Gilmore #GilmoreGirlsTop4,1,0.0,1,0.0,1,0,0.837628960609436
4898,TheStartupTimes: Samsung says the Galaxy S7 won’t explode like the Galaxy Note 7,1,0.3612,1,0.0,1,0,0.9818779826164246
4899,"Bill English voted against gay marriage, is anti-abortion, anti-euthanasia; with Key gone we up with a religious social conservative. Sigh.",0,0.0258,1,0.09,1,0,0.9756670594215393
4903,"America, please understand WHY the lies about illegal voters. It's not to legitimize *anything, except voter suppression laws. Wake up.",0,-0.6249,0,-0.5,0,1,0.8942440152168274
4905,"Fossil fuels are #1 cause of global warming. Oil isn't that special, we're moving on to sustainable energy in Ameri…",0,0.1134,1,0.17857142857142858,1,0,0.9442031979560852
4906,ANONYMOUS - The truth on the MEXICAN BORDER BIULD THE WALL!!@StopStopHillary @user @user @user,0,0.4374,1,0.0,1,0,0.9964203834533691
4907,@user u didnt even watch the video The Untruth About Steve Bannonhttps://t.co/FQ6dQM8w6owalk in peace,0,0.5423,1,0.0,1,0,0.9987713694572449
4908,"@user @user It seems like a Dem ploy to fuel the protest/riot fire. Everytime violence occurs, more people go Trump",0,-0.6124,0,0.5,1,0,0.9983476400375366
4910,"I honestly don't know much about the Italian referensum, but anything that makes Marine Le Pen happy scares me",0,0.6059,1,0.4,1,1,0.9919032454490662
4912,-- @user Stop pushing #NeverRomney as @user SOS you are hurting Trump's transition with incompetency. Pick another SOS,0,-0.5994,0,0.0,1,0,0.998706579208374
4915,Amm I seeing this right? Is trump really trying to fill his cabinet with the GOP picks he put out of the race...,0,0.0,1,0.24285714285714285,1,0,0.9791206121444702
4916,"I seen a lady on an oxygen tank doing the #mannequinchallenge, she was shaking so bad....po' baby",0,-0.1779,0,0.0,1,0,0.9997407793998718
4919,@user @user the video wasn't aimed about gun control rather mental issues that this young boy struggle w/,0,-0.068,0,0.0,1,0,0.9956598877906799
4920,Why the Electoral College must choose Clinton. #faithlesselectors #hamiltonelectors #ElectoralCollege #StillWithHer,1,0.0,1,0.0,1,0,0.9929499626159668
4922,@user @user @user @user @user @user @user @user @user gay marriage then this....,0,0.0,1,0.4166666666666667,1,0,0.996731162071228
4924,"You know, the @user @user @user @user of the world @user u piss me off, but u ok",0,0.2382,1,0.5,1,1,0.994212806224823
4925,OMG Niall's eyes! :o <3#MPN #OneDirection,1,-0.1759,0,0.05,1,0,0.9463590383529663
4926,@user @user @user Don:Please have the Conway girl send this to all the deplorables that voted for the 2016  scam,0,-0.5719,0,0.0,1,0,0.9968516230583191
4930,Interesting how the left keeps comparing #Trump to Hitler when under Obama's regime these #Nazi type inventions are…,0,0.4019,1,0.25,1,0,0.9274128675460815
4931,"Went to see #FantasticBeasts and at one point a character said ""Until then..."" and I immediately thought LATER, WITCHES! @user 😂",1,0.4926,1,0.0,1,0,0.9371395707130432
4932,"@user I just hope that Filthy Catholic Bill  English doesn't replace him. We need a discussion re euthanasia, not a fenian PM",0,0.4404,1,-0.26666666666666666,0,0,0.9955505132675171
4935,With whom u can ralate to with this emoji 💪?? #3YearsofMidnightMemories #MPN #OneDirection AMÉM LIAM PAYNE,1,0.0,1,0.0,1,0,0.9967979788780212
4936,"@user The people have spoken. 30 states check, Dems flipped and voted for Trump like I did Prof. Latina from Central PA #NeverHer",1,0.3612,1,0.0,1,0,0.845635175704956
4940,@user But she couldnt get them in the places that mattered on the electoral college...,0,0.0,1,0.0,1,0,0.9980399012565613
4941,Grandma and Grandpa. Mig....BITCH! #ThisIsUs,0,0.0,1,0.0,1,0,0.997713565826416
4943,The earth is run by psychopathsKids could be exposed to this#pornharms #draintheswamp,0,-0.0772,0,0.0,1,0,0.9987648725509644
4946,I need a  hatchimal please!!!#Hatchimals #isnttheresomeonthatcanhelp #payitforward,1,0.0,1,0.0,1,0,0.9956036806106567
4948,Don't try to hold a conversation with Paul while he's half asleep because he will just talk to you about Tony Romo dying.,0,0.0,1,-0.16666666666666666,0,0,0.91380375623703
4950,"I know this is seen as a football holiday, but really?• @user win• @user drops 40/11• @user w/ 45• @user w/ 45",1,0.2144,1,0.0,1,0,0.9977604150772095
4951,The fact that I have no kids and am still stressed out about #hatchimals 😩,0,-0.6908,0,0.0,1,0,0.9977079629898071
4952,Perhaps it's time to depose Pope Francis and elect a faithful priest to be his successor: Robert Cardinal Sarah.,0,0.5859,1,0.8,1,0,0.9864826202392578
4953,@user ur money goes to animal testing Get Over It and buy other things,0,0.0,1,-0.125,0,0,0.9968331456184387
4954,I liked a @user video from @user Gun Control and Fear Mongering,1,-0.5574,0,0.6,1,0,0.5186881422996521
4957,The #REAL effect of #FAKEnews on the rabid right! #brexithttps://t.co/Lm0vjiKlrj,0,0.0,1,0.2785714285714286,1,0,0.9986061453819275
4958,My #GilmoreGirlsTop4 4) Madeline 3) Kirk2) Luke 1) Richard,1,0.0,1,0.0,1,0,0.881227970123291
4959,I've interacted with liberals that are woke af until they start arguing that drone strikes are actually good for feminism.. or something.,0,-0.3818,0,0.7,1,0,0.9848797917366028
4960,"According to a former Wall Street hedge fund manager, the Clinton Foundation is used by tyrants & despots worldwide",0,0.0,1,0.0,1,0,0.9948379397392273
4963,@user Castro supported Obama. Transition to greater freedoms will be easier under Trump.,1,0.8316,1,0.5,1,0,0.9856271743774414
4965,"You seriously expect to keep the vaccines cool with a ballpoint pen, a dozen tins of tuna in brine and no interruptions?",0,0.4325,1,0.008333333333333331,1,0,0.9794365763664246
4967,"NAZI #TRUMP platform: outlaw abortion, ban min wage, repeal 14th Amndmt, deport 11M Hispanics, MUSLIMS register, we…",0,-0.5574,0,0.0,1,0,0.9576796293258667
4969,ICYMI: Poutine won our #NationalFastFoodDay poll! How many times did @user vote?,1,0.6114,1,0.5,1,0,0.7066735625267029
4970,"Toxic Galaxy Note 7 can't be trusted, production suspended (CNET Update) - #comedy",0,-0.486,0,0.0,1,0,0.9997156262397766
4971,"@user I have yet to find even one patient who benefitted from it. And, Medicare and Medicaid are broke systems. #RepealACA",0,-0.0258,0,0.0,1,0,0.9991170763969421
4972,What a clown. Judge can I have my public defender back. I don't wanna die. I don't wanna live on death row. Maggot,0,-0.091,0,0.04545454545454545,1,0,0.9986376166343689
4975,She stole her speech just steel Michelle's dress.⚡T. Hilfiger: Any designer should be proud to dress Melania Trumphttps://t.co/NsvUOjfpjb,0,0.4767,1,0.8,1,0,0.9502266049385071
4977,Yesterday #Messi became the 1st player in the history of the game to score 100 goals for a club in the history of the game!! #FCBLive,1,0.0,1,-0.5125,0,1,0.9973234534263611
4978,@user @user full of herself? I mean it is a book about her life. Everything that happened w her in last year was newsworthy,0,0.0,1,0.012499999999999992,1,1,0.576396644115448
4979,@user you've deleted your tweet praising Marine Le Pen. I'm guessing you didn't really know what she was about before endorsing her.,0,0.5423,1,0.2,1,0,0.998656153678894
4980,"Breaking: President elect Trump will not name Chavis as Sec. of Defense, says he lets too many ""bad hombres through""",0,-0.4588,0,0.12500000000000008,1,0,0.9939497709274292
4982,#insiders Phillip Ruddock Aust special envoy  on human rights opposes same sex marriage therefore the basic human rights of people born gay,0,0.4019,1,0.12896825396825398,1,0,0.7741188406944275
4984,"I have encountered very few people in the alt-right, including those that could be classified as neo-Nazis that are white supremacists",0,-0.25,0,-0.13,0,1,0.535588264465332
4987,"@user @user @user @user Or Illinois or Minnesota right next door? Oh because the Dems won those, nothing to see",0,0.5719,1,0.14285714285714285,1,0,0.9989940524101257
4988,@user Pelosi is no longer relevant. They need fresh jihadist blood in the DNC.,0,0.0258,1,0.35,1,0,0.9997934699058533
4989,"I really dislike Trump's choices for his Cabinet, but what can we do now that ""Responsible Adults"" actually voted for him! 4 slow years!!",0,0.4366,1,-0.01718750000000001,0,0,0.9436283707618713
4990,Pope Francis has no authority to Allow anything. Seek Jesus not men. Priest can't forgive anything only God!!!,0,0.4291,1,0.0,1,0,0.9973893761634827
4991,@user @user Maybe UPHD should introduce income protection for its members as this is not the first time #Uber has stalled on payroll,0,-0.2682,0,0.25,1,0,0.9981228709220886
4992,"me, in 2008, a liberal: gay marriage, obama, society is Alright!me, in 2016, a socialist: it would be nice to avoid a nuclear holocaust.",0,0.2244,1,0.5083333333333333,1,1,0.9395043849945068
4993,"Post-election Trump protest, NYC. 11/13/2016. #ICPwethepeople #flakphotoresistance #lensculturestreets @user",0,-0.25,0,0.0,1,0,0.9932390451431274
4994,"Well , ....... 😁💛#onedirection #directioner",1,0.6249,1,0.0,1,0,0.980158805847168
4995,"@user now we have a president who will be his pal it's sad and sick Putin, Assad and Trump for Hague",0,-0.7506,0,-0.6071428571428572,0,1,0.5466090440750122
4996,"1/ Today's #fascismfact is that eugenics, far from a Nazi German aberration, was first celebrated and practiced in the UK, US, and Canada.",0,0.5719,1,0.175,1,1,0.9427854418754578
4999,I'm mixed on Dylann Roof. I am happy to see he's not getting gentle treatment as so many supremacists are. But I hate death penalty. Yay/Boo,0,-0.9468,0,0.13999999999999999,1,1,0.9367313385009766
5000,"Google Earth in VR, interesting... But I'm still waiting for the true killer applications. Possibiities are endless.",1,-0.34,0,0.24166666666666667,1,0,0.9969022274017334
5001,"@user Dems/Libs obviously lack Class, Humility, Grace and Tolerance. They also lack the House of Reps, Senate and the White House",0,0.1027,1,0.0,1,0,0.9997515082359314
5002,"@user Don't forget GOP: Crosscheck, voter suppression",0,0.1695,1,0.0,1,1,0.9806488752365112
5004,@user For past 8 years under Obama we had no peace but more major conflicts and Obama led the destruction of #Libya. And #Yemen.,0,-0.9049,0,0.10416666666666667,1,0,0.9875537157058716
5005,@user Pity the conservatives in SF!  Lol,0,0.2244,1,0.3375,1,0,0.9988369345664978
5006,It's been a week and no one has created a meme of @user @user #NBAwards acceptance speech?  I…,0,0.4215,1,0.0,1,0,0.9986839890480042
5009,"@user And yet, on their website, the BBC have sought the opinion of...Marine Le Pen, who can't even get heard here in France.",0,0.0,1,0.0,1,1,0.7981647849082947
5010,Look out below!! 👀 #DENatUTA (Vine by @user,1,0.0,1,0.0,1,0,0.9960488677024841
5012,"And, just as an aside, the people STILL hashing over Bernie vs. HRC aren't taking voter suppression into account at…",0,0.0,1,0.0,1,0,0.9943108558654785
5013,"So Austria's new president is a proponent of divorce, gay marriage and smoking until it kills you? Still worried...",0,-0.6908,0,0.2765151515151515,1,0,0.9985981583595276
5015,@user KILLS 3000 HUMANS/dayIf don't START with ABORTIONYOU'RE just a poser with gun control or lives matter#MAGA.,0,-0.7672,0,0.0,1,0,0.9988370537757874
5021,"RT @user This weekend, Neo-Nazi Richard Spencer (who coined the term ""alt-right"") led the crowd at his conference in DC in a ""Heil Trump…",0,0.0,1,0.0,1,1,0.8354473114013672
5022,Hairspray Live... not sure how I feel about this. Zac Efron will forever be Link to me.,1,-0.2411,0,-0.05681818181818182,0,1,0.9983532428741455
5023,David Blaine's Frog Trick - Illuminati Exposed ( Satanic / Demonic Rituals) [LINK IN BIO]…,0,-0.128,0,0.0,1,0,0.9896378517150879
5024,"I've used Black Friday to pick up some Tim Duncan, James Harden and Giannis Antetokounmpo merch. Allegiances all over the shop.",1,0.0,1,-0.16666666666666666,0,0,0.9890522360801697
5026,Guess she couldn't handle my truthfulness!,0,-0.3716,0,0.0,1,0,0.999790608882904
5027,@user The level of govt/political corruption in US is nearing that of banana republics.https://t.co/lmtgyZ3Bsu,0,0.0,1,0.0,1,0,0.9955443739891052
5028,"Donald duck ,I mean to say,not my President. He's a hippocrite.He don't believe in Jesus,and he's a perpetrator.Wise up electoral college",0,0.0,1,-0.3125,0,0,0.5404621362686157
5030,Trudeau Liberals even will remove mandatory minimum sentences on sex crimes against children - 😮 - did you vote for…,0,0.128,1,0.0,1,0,0.9682364463806152
5035,Hillary won the popular vote by over 3 million votes... But people still ask me why I'm not even registered to vote... Cause it don't matter,0,0.4835,1,0.6,1,0,0.9956302642822266
5036,"LEAKED?! THIS #LiamPayne’s debut solo single?  #OneDirection ""Shawn Mendes"" #MTVStarsFifthHarmony #ARIASONEDIRECTION",1,-0.5697,0,-0.07142857142857142,0,0,0.9968113303184509
5037,@user @user you obviously don't watch her show! I like FOX so I watch I don't like her show!To phony f…,0,0.2439,1,0.0,1,0,0.9984298348426819
5039,1 News • 'Hospitals run out of vaccines for killer diseases' via @user Full story at,0,-0.6486,0,0.35,1,0,0.9948668479919434
5040,@user wasn't it raised in 2-3 days?? Report said George Soros cyber bots contributed $165k per hour for a couple days.,0,0.0,1,0.0,1,0,0.9981269240379333
5042,#WVIAPublicMedia Trump's Rejection Of TPP Paves Way For China To Strike Asian Trade Deals. Read Blog:,0,-0.6124,0,0.0,1,0,0.9703022241592407
5043,"#Putin: EU Keeps Trying to '""Teach"" Us #Democracy, But Bans Aren't the Way#EU fears #truth #Sputnik",0,0.7139,1,0.0,1,0,0.996405839920044
5045,"@user @user @user If you look@the accounts activity, it's a trolling/antagonizing account. All targets are rightists",0,0.0,1,0.0,1,0,0.9947271943092346
5046,@user @user Do you know that Repubs were protesting Obamacare by telling govt to stay out of their Medicare/Medicaid?,0,-0.4215,0,0.0,1,0,0.9974238872528076
5047,Belgium minor first to be granted euthanasia,0,0.25,1,0.1,1,1,0.933292031288147
5049,@user Ben Carson/HUD? No. He should lead the NIH. Oh yeah. In Trumpland one has only to be loyal; not qualified.,0,0.6486,1,0.16666666666666666,1,0,0.9982104301452637
5051,@user Well George Soros is looking pretty Facist...!!!,0,0.7332,1,0.48828125,1,0,0.9859575629234314
5053,The Anti-Trump Riots are a Smokescreen to Abolish the Electoral college:,0,-0.5106,0,0.0,1,0,0.9833056330680847
5054,"❤❤❤Beauty without compromise❤❤❤No talc, no bismuth, no harmful chemicals & no animal testing",1,0.828,1,0.0,1,0,0.9604813456535339
5056,"@user Berns cried rigged & fraud when there was nada & voter suppression when they forgot 2 register. Muffles our real cries now, no?",0,-0.891,0,0.2,1,0,0.9986953139305115
5057,Yet Satanyahu claim Palestinians started it!! It's #PalestineBurning the Occupied #Palestine NOT #IsraelIsBurning,0,0.0,1,0.0,1,0,0.9962884187698364
5059,Its that time of night again where no one can beat me at Rock'em Sock'em Robots.,1,-0.296,0,0.0,1,0,0.9960678815841675
5060,Recap from last night's Messi masterclass in Glasgow #CelticFCB #Messi #FCBlive,1,0.0,1,0.0,1,0,0.5899394750595093
5061,George Soros' Son Pictured At Anti-Trump Riot? (PHOTO) via @user,0,-0.5574,0,0.0,1,0,0.9753304123878479
5062,#Israel accuses #Iran of using commercial airline to transport weapons to #HezbollahTV7 Israel News,0,-0.6486,0,0.0,1,0,0.9947716593742371
5066,@user @user And everybody wondered what kind of rabbit hole we were going down in legalizing gay marriage.,0,0.0,1,0.28703703703703703,1,0,0.9983905553817749
5069,"So that NYMag article was right, Obama admin does not want HRC to challenge results. Not that she wanted to anyways…",0,0.0201,1,0.2857142857142857,1,0,0.9655712842941284
5073,ben carson is so wild i can't,0,0.0,1,0.1,1,1,0.9981423616409302
5075,@user @user @user @user Pelosi and alikes have turned into cancer tumors. The must have gotten out YESTERDAY. GTHO.,0,-0.6597,0,0.0,1,0,0.9996761083602905
5077,"@user @user When they cut Social Security and Medicaid, John McCain and Rand Paul will have the moral capital to sell it.",0,0.0772,1,0.016666666666666666,1,0,0.9864083528518677
5078,@user Forget the pipeline.  There is endless sunshine and plentiful wind to provide us with power.  Why fossil fuels?  That's crazy!,0,-0.1007,0,-0.4375,0,1,0.9431787133216858
5079,".@MikeYenni @user Will it make it easier for you to pick up underage boys? Resign now, clown. #UniteBlue",0,0.1027,1,0.0,1,0,0.9986672401428223
5080,"I hope Trump exposes pizza Gate, why did UK give corrupt Clinton foundation 50million of tax payers money? How did this benefit uk? Explain",0,0.7399,1,-0.5,0,0,0.9964637160301208
5083,"@user And in good news tonight, Fidel Castro assumed room temperature. Now we just need his brother and Maduro to follow. Quickly.",0,0.4404,1,0.5166666666666666,1,0,0.6678593754768372
5086,Cold bitches throw curve balls better than MLB pitchers. Justin Verlander ain't got shit on a boujee light-skinned bitch fam,0,-0.4359,0,-0.09999999999999999,0,1,0.8550003170967102
5087,#TexasAbortionLaw is attempt to make people face reality of #Abortion #AbortionISMurder of #HumanBeinghttps://t.co/jWdQHa0LaK,0,0.0,1,0.0,1,0,0.9948331117630005
5089,Thanksgiving leftover mashups are my faaaaav. One big holiday garbage pile of awesomeness.#ScreamQueens…,1,0.4019,1,0.0,1,0,0.9915125966072083
5091,"Blks as a community praise Obama, but under Obama's administration, America has bombed/killed more Africans than any other admin in history",0,0.3182,1,0.1875,1,0,0.9899204969406128
5094,@user @user @user if U were true journalist the world would have known about trump& hisfuck buddies were friends of putin before election,0,0.7096,1,0.35,1,0,0.9982404708862305
5095,"Let's call the white supremacists of the ""alt-right"" what they truly are: 21st century NAZIS. #AltRightIsNazi",0,0.2263,1,0.0,1,0,0.666158139705658
5096,dream: rap twinks sets fire both end uo desd gay marriage unsolved?,0,-0.1027,0,0.4166666666666667,1,0,0.6444571018218994
5097,NEW: Trump's Pick for Secretary of Education Is Sister of Blackwater FounderOLD: Half the Muslim Brotherhood works for the Obama Admin!...,0,0.0,1,-0.03598484848484848,0,0,0.9703158736228943
5098,Equating Melania's accent w/ being too stupid to know her husband/child has Nothing to do w/ freedom of speech but…,0,0.2023,1,-0.7999999999999999,0,0,0.993889570236206
5099,Sweet dog helps raise abandoned tiger cubs:https://t.co/aXvV40ABWr,1,0.3818,1,0.35,1,0,0.7378559112548828
5101,An Open Letter by @user To All White Supremacists And Nazis @user  via @user,0,-0.25,0,0.0,1,0,0.9717763066291809
5104,"#FrankGaffney, 2 Others Replace #MikeRogers on #TrumpTransitionTeamFANTASTIC!! WE NEED #PROUSA #ISLAMIC #SCHOLARS",1,0.0,1,0.0,1,0,0.981463611125946
5105,"Lopetegui: ""The things that Messi does and with such consistency, I haven't seen anyone do that"" #fcblive [cope]",1,0.0,1,0.0,1,0,0.823574423789978
5106,#Protests—Brooks and Lamprecht are upset at law enforcement for doing its job.,0,-0.3818,0,0.0,1,0,0.9946947693824768
5107,"Marlon: ""I’ll take away this shirt, get my team mates to sign it and then hang it on the wall."" #fcblive",1,0.0,1,0.0,1,0,0.9937175512313843
5108,@user @user it's not paradise. Many issues still to be resolved. Many issues in Cuba however exacerbated by US embargo,0,-0.3956,0,0.5,1,0,0.9738075733184814
5111,My #GilmoreGirlsTop4 1. Richard  2. Gil  3. Jess  4. Luke,1,0.0,1,0.0,1,0,0.7123094797134399
5114,No such thing as a better Obamacare plan.,0,0.1779,1,0.25,1,0,0.9960461258888245
5116,Kim Jong-un is fat man!,0,0.0,1,0.0,1,0,0.9835869669914246
5117,@user Dems have a lot of rethinking to do in order to win. Let this recount settle our minds on the distressful pres election results,0,0.1531,1,0.8,1,0,0.9360552430152893
5119,".@wikileaks news release #Yemen #YemenCrisis SHows that it is US manufactured.Same as #Syria ""civil-war"" #ISIS",0,0.0,1,0.0,1,0,0.9983183145523071
5122,"Mass immigration to Britain has changed it beyond recognition and turned communities into ghettos, reveals damning …",0,-0.34,0,0.0,1,0,0.9232908487319946
5124,@user pls support Jill Stein and look into voter suppression and cross checking.before you blame the election on lack of policy...,0,-0.1779,0,0.0,1,0,0.9860168099403381
5125,abortion lovers are undoutably supporting crooked hillary,0,0.743,1,0.125,1,0,0.9876460433006287
5126,"@user @user @user @user @user and murder is a crime, right? gun ""control"" only hurts the innocent.",0,-0.9062,0,0.2619047619047619,1,0,0.9975230097770691
5128,@user @user @user @user no the fsb decided to give by dr credibility the total frauds,0,-0.6997,0,0.0,1,0,0.9988848567008972
5129,"Op-Ed: Obamacare isn't about health care, it's about power via @user",0,-0.3875,0,0.0,1,0,0.9792642593383789
5130,@user I expected a backlash of Nazi anime/cat girls giving Roman salutes.,0,0.34,1,-0.1,0,0,0.9988756775856018
5131,Arguing that alt-right (aka neo-fascism) isn't a usable term is a crass relativism... stop talking just know all alt-rightists are fascists,0,-0.7184,0,0.0,1,0,0.9995115995407104
5133,"@user not we, its they, they are the ones saluting like a Nazi, not we, fuck those motherfuckers let his shit go up in flames",0,0.1901,1,-0.30000000000000004,0,0,0.9993278980255127
5139,#UK says 2011 #Libya intervention ‘saved civilian lives’,1,0.0,1,0.0,1,0,0.593734622001648
5140,Make no mistake: China is turning against Singapore given our government's outspoken stance on the TPP. Beijing...,0,0.2584,1,0.0,1,0,0.9280142188072205
5141,"@user @user White working class elected Trump, will bust unions, kill their health care, privatize Medicare & Social Security.",0,-0.0258,0,0.016666666666666666,1,0,0.9967445135116577
5142,"This BET special, ""Love and Happiness"" celebrating Obama is off the CHAIN #ThankYouObama",1,0.9349,1,0.5190476190476191,1,0,0.8867982625961304
5143,@user hahahaha exactly :p,1,0.25,1,0.39999999999999997,1,0,0.9716858863830566
5144,@user @user @user @user Maybe most white supremacists like to use fancy labels. So racism in denial?,0,-0.6962,0,0.25,1,0,0.999038577079773
5147,Morning dress up with Langdon. Cutest little reindeer. #thisisus @user,1,0.5859,1,-0.1875,0,1,0.9868727922439575
5149,Now that the leftists liberals and millennials have lost today....learn their  true coveting philosophy from...,0,0.128,1,0.35,1,0,0.9569429755210876
5150,"Muhammad Ali 😂.. it's time to go to sleep ,Bitch ! @user",0,-0.2942,0,0.0,1,0,0.9988382458686829
5153,"@user @user John Dean's book, Conservatives Without Conscience, makes a compelling case that Cons are inherently authoritarian.",0,0.2263,1,0.3,1,1,0.9898751378059387
5155,@user @user Funny how #Egypt/#Jordan never intervened when #Israel was burning #Palestine,0,0.4404,1,0.25,1,1,0.701324462890625
5156,We should expect more voter suppression in the future.,0,0.0,1,0.25,1,0,0.997914731502533
5157,Loony liberals still find a way to worship a communist dictator. Unbelievable.,0,0.4588,1,-0.25,0,0,0.9923350214958191
5158,@user @user Reminder Florida has voted twice for a Con man Gov. who was involved in largest Medicare fraud case in US History.,0,-0.5859,0,0.0,1,0,0.6089041829109192
5159,"@user @user Stay at his hotel in DC.....and maybe you get a special meeting.   Hmmmmm, sounds like Clinton Foundation?",0,0.6369,1,0.35714285714285715,1,0,0.9871006011962891
5162,nothin' like a closet bigot to lead the dems.,0,0.3612,1,0.0,1,0,0.9926897883415222
5163,Dammit. That was D-Money pretending to be someone on the Trump Transition team. It looks like I'm not in the cabinet.,0,0.4404,1,0.0,1,0,0.999670147895813
5164,In a perfect world these anti TRUMP Riots would be met with brute force and ass kicking - protest are fine but burning shit and rioting- BS,0,-0.8271,0,0.4055555555555556,1,0,0.9840571284294128
5166,You White Supremacists are ignorant. You believe the Egyptians were white but their art says otherwise,0,-0.2617,0,0.0,1,0,0.9939342141151428
5167,Michael Moore: Trump has to be opposedhttps://t.co/DGliW8W6iI,0,0.0,1,0.0,1,0,0.9861030578613281
5168,#Trudeau gives your cash to #Terrorist #Hamas-influenced group - #UNRWA - @user,0,-0.6908,0,0.0,1,0,0.9940604567527771
5169,This bitchy world \ many countries sent their planes to quench the blazes.#israelisburning #Palestine,0,-0.5106,0,0.5,1,0,0.9925249814987183
5172,hey kim jong-un put down the bioculars big guy-parties over-c r nukey nukeys-your ass is grass big boy.yep never fear-the donald's here- :O),0,0.0857,1,-0.02638888888888889,0,0,0.9838984608650208
5174,"Hahaha #Negan #TheWalkingDead if you watch you’ll know, if you don’t then what the fuck man!!!!!",0,0.3111,1,-0.4,0,0,0.994688868522644
5176,"#GilmoreGirlsTop4 Jess, Michel, Paris, Dave. Gosh it's so hard only choosing 4!",1,-0.2865,0,-0.14583333333333334,0,0,0.9978739023208618
5178,On this Thanksgiving let's give thanks to President Obama for giving Iran the money and planes to ship terrorism abroad.  #ThankYouObama,0,-0.0772,0,0.2,1,1,0.9973686933517456
5183,"2 students Haifa arrested: #crime #HAMAS. 3 helicoptersof #Greece #help, #Cyprus, #Italy, #Turkey, #Russia sent helicopters to help #Israel.",0,-0.296,0,0.0,1,0,0.9833751320838928
5184,Pope Francis has declined to answer four cardinals’ ‘doubts’ about his teaching on marriage. The Church is now in...,0,0.0,1,0.0,1,0,0.7712980508804321
5185,"VP Robredo: I will loudly oppose policies on death penalty, on extrajudicial killing, maltreatment on women.",0,-0.9062,0,0.1,1,0,0.8390292525291443
5187,@user Let's hope that the GOP follows thru w/this & holds orange hitler & his band of white supremacists accountable.,0,0.2263,1,0.0,1,0,0.9462371468544006
5190,"I guess Gary didn't donate to the Dems so he wasn't a candidate for the Presidential Medal of Honor,&he helps the t…",0,0.6908,1,0.0,1,0,0.920677125453949
5191,"Expanding the drone strikes and the NSA's domestic spy program under Obama don't ring a bell, I guess.",0,-0.3612,0,0.0,1,0,0.9976797699928284
5195,"Sexual liberation, gay marriage, no fault divorce, chem sex, child sex victimhood, false rape accusations and the h…",0,-0.829,0,0.1722222222222222,1,0,0.9332221746444702
5196,@user Corporate dictatorship has arrived even without the TPP.,0,0.0,1,0.0,1,0,0.8220587372779846
5197,@user *ambiguous french chubby teen surrenders to a nazi aryan XXX*,0,0.0,1,0.0,1,0,0.9960722923278809
5198,"#Aleppo: #YPG are nonstop crying about #Turkey and rebels, but they have no problem with butcher #Assad & #Hezbollah and even support them.",0,0.6107,1,-0.2,0,1,0.9629650115966797
5199,I'm making a PowerPoint on how vegetarianism isn't as unhealthy as people think,0,0.4168,1,-0.4,0,1,0.9989606142044067
5201,#humanrights #UnitedNations  ♐️deporting israelis2 their original homes/BelfoureDeclaration !https://t.co/vJVk6EFLHD,0,0.3802,1,0.46875,1,0,0.9839218854904175
5204,Kim Fatty the Third??? The same guy who fed his family to dogs?,0,0.0,1,-0.06666666666666667,0,0,0.9981637597084045
5205,"Liberals elected a black President. Conservatives said, ""Well then we get to have a White Supremacist!""That's the…",0,0.3382,1,-0.08333333333333333,0,1,0.8675118684768677
5206,@user and... I voted for Gore!  We need to bring back the popular vote!,1,0.5242,1,0.375,1,0,0.9909024834632874
5207,@user He lost the popular vote by the largest margin EVER. Amazing you don't find that troubling,0,0.7992,1,0.6000000000000001,1,0,0.9985988736152649
5209,"AfD lawmaker in Berlin compares party members to Jews in Nazi Germany, after restaurant owner says they're not welc…",0,0.4019,1,0.0,1,0,0.9859859943389893
5210,"@user you are out of your mind, nuts, didnt the dems make a big issue out of DJ Trump not accepting the vote in case Clinton wins?",0,0.0557,1,0.15,1,0,0.9962702989578247
5211,@user from @user - 🍑Shake your Bon-bon 🍑  @user #rickymartin #onewor…,1,0.0,1,0.0,1,0,0.9854499101638794
5215,To big to ... be a state sponsor of terrorism? #Russia officially meets with ally #Hezbollah for first time,0,-0.6808,0,0.125,1,1,0.9891183376312256
5216,"@user Yep, that's Putin's girl, same as Bernie and Trump puppets.",0,0.296,1,0.0,1,0,0.9949901700019836
5219,"@user @user What an asshole thing to say. How about saying President Donald Trump. Come on, say it!",0,0.0,1,0.0,1,0,0.9990894794464111
5221,Comeee onnnnn kim jong un😭😭😭😭,0,-0.9081,0,0.0,1,0,0.6453114748001099
5222,"We save $3,500 a year on Transportation Costs - all hail the bus!",1,0.5848,1,0.0,1,0,0.9548056125640869
5224,@user @user @user Obviously means nothing since it hasn't stopped Soros from funding anti-Trump protests/riots.,0,0.1695,1,0.0,1,0,0.9792823195457458
5225,@user Pelosi needs to resign @user,0,-0.34,0,0.0,1,0,0.9987795948982239
5228,"No Robots In This Program, Only Real Entrepreneurs!https://t.co/6JzKUWekAS See you there,Tom MooreBricktowntom",1,-0.3595,0,0.1,1,1,0.757299542427063
5230,"@user search:""THE ANTI-TRUMP RIOTS ARE A SMOKE SCREEN THE REAL GOAL – ELIMINATE THE ELECTORAL COLLEGE""#StopBoxer, #Trump",0,-0.6166,0,0.2,1,0,0.995758593082428
5231,"""What hits Trump's EGO most? LOW RATINGS & NOT having an Audience on his Big Day (We can watch it…"" GburgDem",0,-0.4812,0,0.16666666666666666,1,0,0.9988805651664734
5233,cant lie tony romo is a no show lol,0,-0.5472,0,0.8,1,1,0.9616680145263672
5234,@user @user @user a reunion is expected. plz sing the theme song #Beautyandthebeast,1,0.0772,1,-0.1,0,0,0.9866284132003784
5235,MSM finally works out the gas industry blackmailing of Australian governments #auspol #fracking #CSG,0,0.0,1,0.0,1,1,0.9330074191093445
5236,"Here comes Marine Le Pen, she is hoping for a similar upset next year in the French election, says Italy votes against EU...",0,0.0516,1,0.0,1,0,0.9231577515602112
5237,Rioting Liberals are Threatening to KILL Trump Supporters (SHOCK),0,-0.8825,0,0.0,1,0,0.9916382431983948
5238,No. What sets you apart is that you're such hypocrites. Now allow a peaceful transition of power to #Trump. Typical…,0,0.6249,1,0.125,1,1,0.9921006560325623
5241,"@user Meanwhile, Fidel's niece Mariela is currently expanding transgender rights in Cuba.  Liberals can miss me with that hottake.",0,-0.1531,0,0.0,1,1,0.6775698065757751
5242,Troubling sign for #Israel. Many previous reports claim advanced Russian weapons are being transferred to…,0,-0.6597,0,0.18333333333333335,1,0,0.9982105493545532
5243,@user @user @user course they don't...They think Obamacare & Medicaid are the same thing ffs.  Low information voters.,0,-0.7096,0,0.0,1,0,0.9983139038085938
5245,"Jill Stein is proving that she's Ben Carson, but with a less impressive medical career.",0,0.6137,1,0.2777777777777778,1,0,0.6678150296211243
5246,@user damn liberals probably. Obama.,0,-0.4019,0,0.0,1,0,0.9895556569099426
5248,"So, the Obama admin armed Yemeni rebels that are being bombed by the US F-16s they sold to Saudi",0,-0.2023,0,0.0,1,0,0.9795825481414795
5249,i thought yall liberals are supposed to love everyone? oh wait.. we don't agree with you so it's okay #hypocrites,0,0.6449,1,0.5,1,0,0.67179274559021
5250,We got rid of the #RedCoats in the 1700's it's time to get rid of the #RedHats...#WontBackDown #MangoMussolini #democrats #UniteBlue,0,0.0,1,0.0,1,1,0.8614389300346375
5252,.@Hillaryclinton This would not happen if you won! Trump unfit! #TrumpProtest los angeles,0,0.6467,1,0.0,1,0,0.998665452003479
5253,ALL THESE FACILITIES NEED TO BE SHUT DOWN...NO MORE ANIMAL TESTING...I CAN'T IMAGINE THE NEEDLESS TORTURE THEY GO...,0,-0.5994,0,0.0,1,0,0.996975302696228
5255,Electronic voting - Wikipedia Good to the last word. #AuditTheVote #audittheresult #AuditTheElections #StillWithHer,1,0.4404,1,0.35,1,0,0.9881522059440613
5256,@user 🇺🇦#Ukraine#yanukovich's REGIME: illicit $ outflows.➤2012: Min. of #Economy- #poroshenko!@StateDept @user #EU #РАДА8,0,0.0,1,0.0,1,0,0.9930285811424255
5258,Time for art while watching David Blaine's show,1,0.0,1,0.0,1,0,0.9731834530830383
5261,"@user @user @user Faggots,Jews,commies,liberals,climate scientists are all subhuman scum USA USA Burn all non-Rightists",0,0.0,1,-0.3,0,0,0.9988434314727783
5262,@user @user @user @user DC loss for gun control puts New York City’s laws at risk,0,-0.7003,0,0.13636363636363635,1,0,0.9994691014289856
5263,THE TRUMP CAMPAIGN LITERALLY ADMITTED TO COMMITTING FORMS OF VOTER SUPPRESSION.DEMOCRACY IS AT STAKE N ALL YALL CARE AB IS THE SNL COLD OPEN,0,0.5994,1,-0.3,0,0,0.9961936473846436
5264,#TrumpTransitionTeam This is like the opening of a dystopian satire.,0,0.3612,1,0.0,1,0,0.9917524456977844
5265,Tesla Model S P100D so much more than cutting edge technology #tesla #models #model3 #elonmusk,1,-0.197,0,-0.04999999999999999,0,1,0.9987865090370178
5267,"And of course, the electoral college. But also gerrymandering. Those are all racist and undemocratic byproducts.",0,-0.7579,0,0.0,1,0,0.9945247173309326
5269,@user It seems even Nobel prize is for sale. Amartya Sen then and Bob Dylan  now,0,0.5106,1,0.0,1,0,0.9877634644508362
5271,ICYMI: Obamacare: Selling of the 'Cadillac Tax' - The Biggest Health Scam in US History #tcot #ccot #tlot #lnyhbt #J,0,-0.5719,0,0.0,1,0,0.996116042137146
5272,@user ....the anti-immigration sentiment is merely a piece in a bigger puzzle.,0,0.0,1,-0.25,0,0,0.9891056418418884
5274,My family💀❤ #thewalkingdead,1,0.6369,1,0.0,1,0,0.9773097038269043
5275,@user @user As Venezuelans you should be ashamed of yourselves! As if Chavez y Maduro's damage didn't have Bolivar turning,0,-0.7644,0,0.0,1,0,0.9978759288787842
5276,Michael Moore warned a Donald Trump victory would be the biggest 'fuck you in human history'. He was right.,0,-0.6808,0,-0.038095238095238106,0,1,0.9617689847946167
5277,@user @user @user This is the kind of on your face corruption that President-elect Trump must clean up. 😡😡#DrainTheSwamp,0,0.4019,1,0.48333333333333334,1,0,0.9995591044425964
5279,"Ben Carson got the last job on the list, why? Housing ,URBAN DEVELOPMENT, ALL BLACK MEN CAN DO THIS JOB. He will stay out of OUR WAY. 🎺 SAID",0,0.0,1,-0.05555555555555555,0,0,0.9888169765472412
5280,"yesterday was #NationalFastFoodDay, a day where one celebrates, praises, and eventually eats unhealthy food, this is a new low for humanity",0,0.3818,1,-0.08787878787878789,0,0,0.9970870614051819
5282,@user but the cops that kill innocent people... what happens to them? Death penalty? Fuck outta here lol C.O.P = Criminal on Payroll,0,-0.9713,0,0.125,1,0,0.9988600015640259
5286,The updated Tesla Model S looks like a cat's face. There you go. I said it.,0,0.3612,1,0.0,1,1,0.9828068017959595
5288,"If investigated, Gandhi Trust will leave the Clinton Foundation miles behind in all kinds of corruption.https://t.co/TnRG9pS3U8",0,0.4767,1,-0.4,0,0,0.9959815740585327
5289,Still Report # 1113 – NY Prosecutor Preet Bharara Goes After Corrupt Clinton Foundation....https://t.co/GsU2Acy7Pp via @user,0,0.0,1,-0.5,0,0,0.9925599098205566
5292,@user looks like a young Sylvester Stallone #thisisus,1,0.3612,1,0.1,1,0,0.9918674826622009
5293,"@user @user @user Still have Obamacare, don't hear about death panels from you idiots ever",0,0.4847,1,-0.8,0,0,0.9898625612258911
5294,"@user Michael moore is so 1990s, not even relevent",0,0.0,1,0.0,1,0,0.9989219903945923
5295,"my favorite chronicle of narnia @user @user - PSA: The Lion, Witch and melania trump memes",1,0.128,1,0.5,1,0,0.7320334315299988
5296,@user @user that's because these IQ tests be made by WHITE SUPREMACISTS! They be asking ?'s about white peoples shltheads!,0,-0.5134,0,0.0,1,0,0.9942495822906494
5297,@user ha! No shade! I ❤️ her,1,-0.4184,0,0.0,1,0,0.9959495067596436
5298,Can't believe it's been 3 years since Midnight memories I'm so proud #3YearsofMidnightMemories #OneDirection,1,0.6113,1,0.8,1,0,0.8252698183059692
5299,Newt Scamander stole my haircut! #fierce #FantasticBeasts,1,0.0,1,0.0,1,0,0.9414745569229126
5300,"@user Vic, I think he's just busy explaining why those Nazi salutes yesterday weren't real:",0,0.0,1,0.15000000000000002,1,0,0.9996378421783447
5301,"@user I agree. But w/ Trump in it will embolden voter suppression, RW nationalists, racism, rolling back progress. We have to fight",0,-0.6808,0,0.0,1,1,0.9504126310348511
5302,"#legalize, #marijuananews Group plans to protest Sen. Jeff Sessions, Trump's AG pick, over anti-marijuana stance",0,-0.25,0,0.0,1,0,0.9893755912780762
5305,Why dogs love Bob Dylan?,1,0.6369,1,0.5,1,0,0.9579116702079773
5306,Top 10 Most Terrifying Robots Ever Built - #Technology,0,-0.4927,0,0.0,1,1,0.9933552742004395
5307,@user @user #DrainTheSwamp doesn't seem to be working as planned,0,0.0,1,0.0,1,0,0.9997099041938782
5309,Daddyyyy👅🙈💕#MPN #OneDirection,1,0.0,1,0.0,1,0,0.9842995405197144
5310,"With full bellies, holiday shoppers first go online for deals, then head to stores #Hatchimals.",1,0.4019,1,0.3,1,0,0.9917661547660828
5312,"#Yemen $100,000 stolen from US in Yemen",0,-0.4939,0,0.0,1,0,0.9870225787162781
5314,Theo @user we should get this man @user on our team for sure,1,0.3182,1,0.5,1,0,0.9693379402160645
5315,"Putin-Troll Marcel Sardo, one of the top-top Kremlin #trolls , operating from #switzerland , look his customer list…",0,0.0,1,0.0,1,1,0.9784210324287415
5316,@user They finally grew a spine and stopped following treasonous orders of not retaliating by Poroshenko?,0,-0.6808,0,0.0,1,0,0.9910286068916321
5317,@user What Pres. Elec. Trump is proposing is unconscion- able. Against the const -itution. And against t…,0,0.0,1,0.5,1,0,0.9907181859016418
5321,Boston is the next major city to see self-driving cars (via @user,1,0.0,1,0.03125,1,0,0.9714885950088501
5322,"@user I 100 percent agree! And passion, articulate, hell, Melania plagiarized her mo's speech even!",0,-0.1739,0,0.0,1,1,0.9952614903450012
5324,#PalliativeCare doctors warn against legalising #euthanasia and #assistedsuicide in the State of #Victoria,0,-0.1027,0,0.0,1,0,0.9865238666534424
5326,"@user EXACTLY, THE OOMPA LOOMPA IS PLAYING THE PRESS LIKE A FIDDLE. HIS FOLLOWERS ARE 100% DEPLORABLES AND DUMB. #HESNOTMYPRESIDENT",0,0.186,1,-0.0625,0,0,0.999553382396698
5327,"Lead Developer of HPV Vaccines Comes Clean, Warns Parents, Young Girls- It’s All A Giant Deadly Scam",0,-0.34,0,0.06666666666666667,1,0,0.9945000410079956
5329,I can't stop watching david blaine I'm so disgusted but so intrigued I love him,1,0.7146,1,-0.25,0,1,0.9994633793830872
5331,"@user  Oh, and we mustn't forget re: Flynn -- a Putinophile",0,0.1695,1,0.0,1,1,0.9208948612213135
5332,@user @user @user no one yet talks about #Pizzagate in the open. It'll fall out of the closet from Clinton Foundation,0,-0.296,0,0.0,1,0,0.9981783628463745
5333,..   Kim Fatty The Third.    #KimFattyTheThird.. #America is keeping an eye on you. and #KimFattyTheSecond. and #KimFattyTheFirst.,0,0.0,1,-0.1,0,1,0.987647533416748
5334,"""Out here the penalty for that is death."" ""I accept that"" ""Well I don't! What purpose would it serve? It can't bring Cora back now can it?""",0,-0.593,0,0.0,1,0,0.9987475872039795
5335,"Curry: ""The political dogma of Obama, Clinton and Pope Francis surrounding climate change seems like more of a recipe for ‘anti-science.’""",0,0.3612,1,0.25,1,0,0.9974592328071594
5336,Tony Romo would have hit him nice lol,1,0.6808,1,0.7,1,0,0.8469489216804504
5338,"No second vote on Brexit, let's try Major, Blair, Clarke, & Heseltine, for treason instead. The Nazi EU: @user @user",0,-0.6249,0,0.03125,1,0,0.9946856498718262
5339,"No, it's not democratic.Being blocked by @user isn't democracy either.",0,0.2057,1,0.0,1,0,0.9990965127944946
5342,@user @user Lets start calling Lynch's office&tell her do her job investigate Comey for violating the Hatch Act,0,-0.5423,0,0.0,1,0,0.9968107342720032
5344,"In 2016, population in control of ISIS shrunk from 10 to 6 million Territory shrank by 16%. 10 major cities to 5.#ThankYouObama",1,0.0,1,0.0625,1,0,0.5464906692504883
5347,@user @user @user @user so he's a racist and a nazi? Hear that from CNN? Media likes to fear monger.,0,-0.7205,0,0.0,1,0,0.995675265789032
5350,"Trump can save these jobs either--Hello, self-driving cars, and goodbye to 4.1 million jobs? - MarketWatch",0,0.4939,1,0.0,1,0,0.9928790926933289
5351,"@user Yes and Marine Le Pen is both a fascist and a woman. You need to give people something to vote for, not just against.",0,-0.2263,0,0.0,1,0,0.9789422750473022
5352,#CNN Reporter: If #Humans #Abort Babies Why Not Abort Adults? #euthanasia #liquidation #us,0,0.0,1,0.0,1,0,0.9966627955436707
5353,I am all for gun control & all kinds of reform but manipulation to the point where I'm physically ill is a great way to ensure the opposite,0,0.431,1,0.10000000000000002,1,0,0.9886524081230164
5360,"As Standing Rock Protests Turn Bloodier, Trump Stands To Cash In On Dakota Pipeline  #NotMyPresident #BoycottTrump",0,-0.2263,0,0.0,1,1,0.6112063527107239
5362,@user Is part of The Open Society. Bought and paid for by George Soros.They're in deep and favors are due.…,0,0.25,1,0.0,1,1,0.9978306889533997
5364,"I hate to think of how many people I know and love in Grand Rapids are going to turn out to be either rightists or ""nice"" collaborators.",0,0.743,1,0.25999999999999995,1,1,0.9964836835861206
5366,"#GilmoreGirlsTop4 Kirk, Sookie, Luke and Jess",1,0.0,1,0.0,1,0,0.7017989158630371
5371,"Watching the latest episode of ""wowwwwwww y'all really paid 40k a day to fuck robots??""",0,-0.594,0,0.09999999999999998,1,0,0.9987737536430359
5373,"I Tried The College Thing & Minimum Wage Thing, Not My Cup Of Tea, Sowwy,",0,0.0,1,0.0,1,0,0.9966099858283997
5375,"Tony Romo should be MVP. If it wasn't for him sucking and constantly getting injured, Dallas would not have been able to draft their OL.",0,-0.4019,0,0.25,1,0,0.987428605556488
5378,FAM MY NIGGA WAS BURNT @user @user @user @user @user #MannequinChallenge,0,0.0,1,0.0,1,0,0.9994513392448425
5380,@user You wouldn't want to live in Australia we can't even pass gay marriage. 😡😡,0,-0.0572,0,0.2765151515151515,1,0,0.9683520197868347
5381,#KremlinTrolls don't know their head from their arse.,0,0.0,1,0.0,1,0,0.9991416931152344
5383,Rightists plan mega-Jerusalem in 2040 - with invisible Palestinians,0,0.0,1,0.0,1,0,0.6804808974266052
5384,@user Would DT excuse you from the register of deplorables since you converted?,0,0.0772,1,-0.05,0,0,0.9987735152244568
5390,The #fucktard left still whining about losing and recounts while Trump picks his cabinet like a #Boss . @user can't buy this election,0,-0.7269,0,0.0,1,0,0.9905208349227905
5393,Saying that #WhiteSupremacy voted for #Trump is a deflection. #WhiteSupremacy voted for #HRC also she won popular vote by 2M votes. #STOP,0,0.5525,1,0.6,1,0,0.9223743081092834
5394,Season 4 of arrested development (2013) announced the building of a wall on the American-Mexican border. Original. @user,0,-0.2023,0,0.375,1,0,0.8215413093566895
5396,"when you jacked into your house without keys. hell yeah, i'm david blaine jr.",1,0.4168,1,0.0,1,0,0.5935060381889343
5399,"RT @user So when you call them ""alt-right,"" you're engaging them on terms they've set, and spreading the false perception of ""alte…",0,0.34,1,-2.7755575615628914e-17,0,1,0.8305851817131042
5400,@user ah u excited for persona 5? Haven't played that yet :c hehe,1,-0.409,0,-0.1875,0,0,0.9727266430854797
5401,"Not if The United States, Planet Earth, & The Freedom Fighters have a thing to say about it: ""Michael Moore The...",0,0.3956,1,0.0,1,1,0.9917923212051392
5402,& if u wanna IGNORE me & #Aleppo  u will REMAIN UNFOLLOWED & ON THE LIST & i prob wont think very highly of u or promote u EVER again,0,-0.1613,0,0.20800000000000002,1,1,0.8045482635498047
5403,"@user More irony, Dems/liberals slamming DJT ""rich"" cabinet. They are the party of the rich/Hollywood/WallStreet/NY-DC-CA elite.",0,0.701,1,0.4375,1,0,0.9888752698898315
5404,@user Ossethia is independent. no land grab. and mccain puppet saakashvili is wanted criminal in Georgia,0,-0.6808,0,-0.2,0,1,0.8792487382888794
5405,"@user old was more like:  import the 3rd world, send kids to die in ME wars, do nothing about abortion, cave on gay marriage",0,-0.6915,0,0.25416666666666665,1,0,0.996971845626831
5406,Ham should be the main dish of Thanksgiving not some dry ass turkey 😂,1,0.6956,1,0.05,1,0,0.9919900298118591
5409,Tell consumers homeopathy doesnt work: US government orders producers,0,0.0,1,0.0,1,0,0.9996956586837769
5410,Even the Jeep is also unwilling to carry him,0,0.0,1,0.0,1,0,0.9951040744781494
5412,I JUST TIPP D KIMCHI AND CRIED,0,-0.3818,0,0.0,1,1,0.7215912342071533
5413,Hillary Clinton won the popular vote? THINK AGAIN! Voter fraud a sham! (VIDEO) via @user,0,0.508,1,0.25,1,0,0.9977438449859619
5415,PA's @user tapped to co-chair Democratic Policy & Comms Committee -- step in right direction 4 the party.,1,0.4019,1,0.2857142857142857,1,0,0.6573561429977417
5416,.@mike_pence can eat a bag of dicks,0,0.0,1,0.0,1,0,0.9781477451324463
5417,The truth is out there:  there is a wall on the US Mexico border. #truthBlog,0,0.3182,1,0.0,1,0,0.975071907043457
5418,Let LE officers protect their communities! Pundits merely upset at law enforcement for doing its job.,1,0.0,1,-0.5,0,0,0.9988995790481567
5419,Here Is Everything You Should Know About Melania Trumphttps://t.co/eH6V4gxcDF,1,0.0,1,0.0,1,0,0.9967689514160156
5421,"@user @user Yes, because Obamacare and race is the only reason to vote for or against Trump 'sarcasm'.",0,0.2023,1,0.0,1,0,0.992533802986145
5427,"@user @user ...to be the Dem leaders again. Talking about you Schumer and Pelosi. With them in charge, nothing changes.",0,0.0,1,0.0,1,0,0.9948962330818176
5431,So beautifulFuture miss indiaFuture miss universe,1,-0.3566,0,0.0,1,1,0.9969159364700317
5432,Retweeted UberFacts (@UberFacts):An excuse... Exactly what I didn't need. #NationalFastFoodDay...,0,0.0772,1,0.1,1,0,0.9946531057357788
5433,"@user ""yeah he launchs drone strikes that kill innocents & sell weapons to Saudi Arabia & hasn't spoken against the dapl but he's funny""",0,0.1154,1,0.25,1,1,0.9968972206115723
5435,@user so. the only way to utilize fossil fuels is to poison people's water,0,-0.5423,0,0.0,1,0,0.9993441700935364
5439,"In Emerald City, Trump is the wicked witch and his cabinet members are flying monkeys. #notpresidential",0,-0.7096,0,0.0,1,0,0.9383938908576965
5440,So @user lied to everyone.@CIA @user,0,-0.4364,0,0.0,1,0,0.9988263249397278
5441,"Army Corps Issued Dec. 5th Deadline for ALL Camps at Standing Rock to Clear Out. Funny, this isn't the line Obama admin took w/Bundy #NoDAPL",0,0.6705,1,0.175,1,0,0.9975425004959106
5445,This settler election is too much. Tribal elections look easy in comparison. A #recount just makes sense with the Electoral College in place,0,0.4404,1,0.31666666666666665,1,0,0.9985312223434448
5447,lol this nigga tripping fr,0,0.4215,1,0.8,1,0,0.9981402158737183
5449,Neither #romney nor #Giuliani For Sec of StatePick someone else@KellyannePolls @user @user,0,0.0,1,-0.1,0,0,0.998428463935852
5450,"Evidently @user huge 300% increase in followers, from 4 - 12k in just 3wks, is not organic.Did she buy…",0,0.5574,1,0.32499999999999996,1,0,0.999636173248291
5452,"Bunch of propagandists. Nazis yesterday, Nazis today.Russian Goulag: Nothing new in the East.",0,0.0,1,0.13636363636363635,1,0,0.9948452711105347
5453,@user but liberals will blame trump for this.,0,-0.4767,0,0.0,1,0,0.9936157464981079
5454,I always look forward to going home and then I remember that half my family is a bunch of alt-rightists sigh why tho,0,0.0258,1,-0.16666666666666666,0,0,0.9728858470916748
5456,"@user respect you, but I hope you're not unaware of the hypocrisy of not covering the protests at the Dakota Access Pipeline yesterday",0,0.8311,1,0.0,1,1,0.9034146666526794
5457,@user @user This guy will. Kansas has super voter registration laws & almost 0 fraud! If they put Kri…,1,0.1705,1,0.41666666666666663,1,0,0.9877901077270508
5458,Its a friday nite and most of you will be drinking now just make sure you do it at home or take an #uber or a #lyft,1,0.3182,1,0.5,1,0,0.9121838808059692
5459,@user Things are hotting up in Europe too...people are fed up with the mass immigration madness and the Eurozone experiment.,0,-0.4404,0,0.0,1,0,0.9163039922714233
5460,I'm fully on board for self driving cars. Set a destination & just chill or get yourself ready or eat until you get there. Save so much time,1,0.6908,1,0.2,1,0,0.8725532293319702
5462,@user Liberals prefer using waterguns filled with their own tears from Hillary losing the election.,0,-0.5423,0,0.5,1,0,0.9925068020820618
5465,"¡¡HAPPY FRIDAY, BITCHES!! 💋👑 #ScreamQueens",1,-0.5294,0,0.0,1,0,0.8176447749137878
5467,"On a scale of 1-10, I'd give Steve Bannon a 1.5...",0,0.0,1,0.0,1,1,0.9909302592277527
5468,@user @user @user 47 people died in Lac-Mégantic because of US fracking oil transported by train.,0,-0.5574,0,0.0,1,0,0.998842716217041
5469,@user Quit saying alt-right. They are clearly Nazis and must be properly identified.,0,0.4019,1,0.049999999999999996,1,0,0.9994010925292969
5470,ALABAMA: GOP House Speaker Mike “Sanctity Of Marriage” Hubbard Convicted On 12 Corruption Charges,0,-0.2732,0,0.0,1,0,0.9195508360862732
5471,@user Its not racist. There are bad Hombres in Mexico.,0,-0.0721,0,-0.6999999999999998,0,1,0.8547284007072449
5472,@user Time is not a human concept because Kim Jong-un is a God who is immortal thus your point is invalid.,0,0.4767,1,0.0,1,0,0.999573290348053
5473,Heart is breaking over the #IsraelFires. Many of my loved ones are at risk alongside neighbors in both #Israel &…,0,0.7906,1,0.6,1,1,0.9969725608825684
5474,@user pope Francis ministering to wicked afflicted and effected,0,-0.7096,0,0.0,1,0,0.7701131105422974
5476,.@potus @user 50 yrs of embargo?  Didn't do a thing. TY for trying to change Cuba 4 the better.  #endembargo #endtheembargo,0,0.7378,1,0.5,1,0,0.9987807869911194
5477,Lunes de The Walking Dead y Westworld.El mundo funciona bien.,1,-0.6486,0,-0.2,0,1,0.9410974979400635
5478,We need #NationalTakeAHikeDay after yesterday was #NationalFastFoodDay,1,0.0,1,0.0,1,0,0.9883629679679871
5480,@user i hope u had an amazing thanksgiving  i did! 15 people + more in family....I lost count..x3,1,0.6628,1,0.625,1,0,0.9574723839759827
5482,#HillaryClinton   Proof the Dems are modern day Nazis.,0,0.0,1,0.2,1,0,0.9780728220939636
5483,"@user We should be pushing back against Libs and Soros via protest instead of creating ""Trump Cups""",0,0.0516,1,0.0,1,0,0.9947127103805542
5484,"By design, algorithm & policy @user entrenches echo chambers and amplifies misinformation. @user for the NYT.…",0,-0.3182,0,0.0,1,0,0.979217529296875
5486,@user @user @user why does anyone care about what ACTUAL supremacists believ?,0,0.296,1,0.0,1,0,0.9989344477653503
5487,I Can't wait until valentines day 😂 I Want another Big Bear,1,0.4939,1,0.0,1,0,0.9672235250473022
5488,"@user I think a lot of us needed that Melania Trump video.  I was like jumping up and down like ""YES!  YES!  PREACH!""",1,0.9143,1,-0.3038194444444444,0,0,0.9939022064208984
5489,"The average social security benefit was $1,341 in 2016. The average rent for a 1 bedroom in San Diego is $1,634.#seniors @user",0,0.6597,1,-0.08888888888888889,0,0,0.8563017249107361
5490,"@user @user the populist swing is definitely not done yet.  France next one to keep an eye on, Marine Le Pen looking ominous",0,0.0772,1,0.0,1,0,0.9987123012542725
5491,"Interestingly the ""hard rightists"" pretending to be against sexual degeneracy accept homosexuals (and likely pedos)…",0,0.6486,1,0.17708333333333331,1,1,0.9805199503898621
5492,Ryan wants to end Obamacare protections for Americans with pre-existing conditions! #PaulRyan #Obamacare #healthcare,0,0.0,1,0.25,1,0,0.5562333464622498
5495,"@user I think you leave out one important fact about Social Security, Social Security Disability, Medicare the are per paid for.",0,0.6597,1,0.15555555555555556,1,0,0.99149489402771
5496,@user Garbage. You're a liar. You are in the pocket of George Soros and Hillary.,0,-0.5106,0,0.0,1,0,0.9991834759712219
5498,"@user I thought you kneww something about big business. If you don't know about interviewing and hiring, you don't know much.",0,0.0,1,0.1,1,0,0.9986942410469055
5499,"#IAmThankfulFor @user theatre, @user @user William Shakespeare, @user @user & @user",1,0.0,1,0.0,1,0,0.9884998202323914
5501,@user The real axis= Equality vs Hierarchy. Translates to leftists demanding forced equality & rightists comfortable w inequality,0,-0.1531,0,0.09999999999999999,1,0,0.9927576780319214
5502,"Random photos from #NBAwards, mostly of poetry judges and poets.",1,0.0,1,0.0,1,0,0.9963738322257996
5504,If you didn't want to do it that all you had to say,0,-0.0572,0,0.0,1,0,0.9982421398162842
5505,Now if Kim Jong Un and Nicolas Maduro could slip on a banana peel and die that would be nice >:^),0,-0.2732,0,0.675,1,0,0.9967879056930542
5507,"My thanksgiving dinner grace began ""may Daenerys Targaryen sit on the Iron Throne"" before I got cut off",1,0.1779,1,0.0,1,0,0.9873647093772888
5509,"Melania is the poster child for a woman's lack of power except thru beauty. In speech she said, ""my parents taught…",0,0.3612,1,0.0,1,0,0.9494096040725708
5510,RT @user Maggiano’s Little Italy apologizes after hosting white nationalist dinner complete with Nazi salute,0,0.3008,1,-0.029166666666666664,0,0,0.9989427924156189
5511,8 is the reason I'm a Linux user.,0,0.0,1,0.0,1,0,0.9881860017776489
5512,Thanksgiving food is better the second day 🦃😍,1,0.7096,1,0.25,1,0,0.7589340209960938
5513,"Obama has destroyed the best medical care in th world, b/f Obamacare 85% of hospitals in USA were charitable in USA…",0,0.7845,1,0.5333333333333333,1,0,0.998634397983551
5514,United Nations Development Program (UNDP): South Korea offers USD 1M to support stability in #Libya.,1,0.6705,1,0.1,1,0,0.5397311449050903
5515,"so funny when people who eat meat, cheese, etc, dont buy cruelty free, wear animals, etc pretend to give a shit about tabacco animal testing",0,-0.0933,0,0.15,1,1,0.9663385152816772
5517,... well that was fucking beautiful<3  #westworld,1,0.2732,1,-0.6,0,1,0.9995972514152527
5518,"Unemployment fell to 4.9 %. Americans are earning more, too: The median household income rose to $56,516, a 5.2 % i…",1,-0.4404,0,0.55,1,0,0.9066764712333679
5521,Matt dislikes obamacare removal,0,-0.4019,0,0.0,1,0,0.9955933690071106
5522,Birds defeat Tipp in their home opener 38-28. #1-0 🏀,1,-0.4588,0,0.0,1,1,0.6190886497497559
5523,The Anti-trump Riots Are A Smoke Screen The Real Goal – Eliminate The Electoral College:,0,-0.5106,0,0.2,1,0,0.8999900221824646
5524,"@user @user lmao, his words made her a hostage? Wow thats pathetic, maybe she should interview a real pow and grow the f up",0,0.6124,1,-0.02500000000000001,0,0,0.9990882873535156
5525,My lady surprised me with lower bowl tickets to the @user game tonight. Words cannot…,1,-0.0772,0,-0.15000000000000002,0,0,0.9958208799362183
5528,"@user @user @user If you lower your minimum wage to $1 or are prepared to pay $3000 for an iphone, sure",0,0.1531,1,0.5,1,0,0.962107241153717
5530,@user @user might as well go full Nazi now.,0,0.2732,1,0.35,1,0,0.9986335635185242
5531,"I really like TAG Heuer's ""Dont Crack Under Pressure"" ad by using Muhammad Ali as a reference.",1,0.5692,1,0.2,1,0,0.9310599565505981
5532,@user @user @user SD selling weapons to countries that that donated to the Clinton Foundation? #CORRUPTION,0,-0.4404,0,0.0,1,0,0.9991344809532166
5533,I watched 25+ minutes of a Facebook live video hatching one of these and I regret every second. #Hatchimals #why,0,-0.4215,0,0.06818181818181818,1,0,0.9987618923187256
5534,".@realDonaldTrump Strategist Plots ""New Political Movement"" Reactionary isn't new. Scary. #neverBannon",0,0.3875,1,-0.05681818181818182,0,0,0.9986683130264282
5535,@user Russia didnt hack shitComey protected HillaryWikileaks DID leak for himCame in firstAnd you just cannot deal with that.,0,-0.5867,0,0.0,1,0,0.9986429810523987
5536,The Trump Foundation was used as his personal slush fund. The Clinton foundation is a highly-rated charity that has…,0,0.4215,1,0.0,1,1,0.992327868938446
5537,Drumpf & Valshman AKATrump & PoroshenkoDrooling for war with #RussiaThreadhttps://t.co/839vj8MU8M#Fascism…,0,-0.5994,0,0.0,1,0,0.9957356452941895
5538,Americas shame on killing innocents with double tap drone strikes.https://t.co/AKCLIaGDgG,0,-0.7506,0,0.0,1,0,0.9944908618927002
5539,"Don't wait for the herd to act against vaccines because the herd takes their orders from government, newspapers,...",0,0.0,1,0.0,1,0,0.9820737838745117
5540,Like how are you going to tell a woman who was raped she can't have an abortion. Controlling much? That makes no sense.,0,-0.6486,0,0.2,1,0,0.997514009475708
5541,@user yeah lebron doesnt look happy in the cubs jersey,0,-0.2018,0,0.8,1,0,0.9965283274650574
5542,Pro-Tipp 😂 @user Funny yet true!  #translation #translator #getnoticed #xl8,1,0.8356,1,0.34375,1,0,0.7816226482391357
5543,@user yup. Mind boggling as Chaffetz and GOP sits by and watches this. How about Cuba embargo violation????,0,-0.6322,0,0.0,1,0,0.9771601557731628
5544,#Japan plans to #build the fastest #deeplearning #supercomputer,1,0.0,1,0.0,1,0,0.7133722305297852
5546,Holla to all my bad hombres who decided to work today and get that money $$$ #blackgrinday,1,-0.5423,0,-0.6999999999999998,0,0,0.9972702860832214
5548,@user @user How many babies get killed each year in American drone strikes paid for with your tax dollars? Just wondering,0,-0.7906,0,0.09999999999999999,1,0,0.9981876015663147
5549,Only Wealthy White Leftists,0,0.3612,1,0.16666666666666666,1,0,0.91669100522995
5550,@user Melania plagiarized a speech by Michelle Obama. Donald will plagiarized one by Hitler.,0,0.0,1,0.0,1,0,0.9944012761116028
5552,In the wake of the Casey review we must consider how hostile immigration policies hinder integration,0,-0.3818,0,0.0,1,0,0.9984433054924011
5553,Crisis in the Catholic Church- Pope Francis and the Bishops Questioning Him | The Stream,0,-0.6705,0,0.0,1,0,0.9800139665603638
5554,#teens with fat pussys zac efron and vanessa have sex,0,0.0,1,0.0,1,0,0.5540536046028137
5555,wow... i found a way to load drawings into 3d printing software o-O,1,0.5859,1,0.1,1,0,0.9982274174690247
5558,@user the Rugby Leaders also had a go at the #MannequinChallenge,1,0.0,1,0.0,1,0,0.7669084668159485
5560,NO ONE SAW THAT HAPPENING 😍 @user #OneDirection,1,0.0173,1,0.0,1,0,0.9954314231872559
5561,@user @user @user I'm with you Karoli so much more going onTrump LIESRUSSIAMISOGYNYRACISMCOMEY (DIR. BY RUDY)MEDIA++,1,0.0,1,0.5,1,0,0.9924195408821106
5562,"@user #CapitalistArmy #MemeWars against liberals, including Michael Moore and SJWs. Heil Ghostler! Heil Ghostler Youth!",0,0.0,1,0.0,1,0,0.9857499599456787
5564,"#FantasticBeasts is an excellent movie, in my opinion, but I still can't wait for @user to sin the sh*t out of it",1,-0.5499,0,1.0,1,1,0.9128495454788208
5566,This line can literally ruin everything!,0,-0.6239,0,0.0,1,0,0.999785840511322
5567,.@NationalBook Award-winning author @user will deliver Black History Month Lecture at #VCU #NBAwards,1,0.0,1,-0.16666666666666666,0,1,0.5147901773452759
5568,"@user   We as Conservatives, Classical Liberals,& Scientists, do not fear the truth, Progressive Liberals. Lefties invent lies for power",0,-0.281,0,0.0,1,0,0.9143242835998535
5570,"@user @user  It's sarcastic. You can't force people to take vaccines, you only can offer it and talk about benefits.",0,0.1531,1,0.05,1,0,0.5333843231201172
5572,"#Recount2016 To you cute leftists, imagine the legal team a guy like Trump has laying in the weeds waiting to strike if the need arises.",0,0.6705,1,0.35,1,1,0.7443633079528809
5573,"@user @user @user @user @user @user @user Ur ignorance have caused destructions in #Libya, #Iraq",0,-0.7003,0,0.0,1,0,0.9995726943016052
5574,Its #NationalFastFoodDay .. surely that's all the #wednesdaymotivation you need. #getinmybelly,1,0.4404,1,0.5,1,0,0.981665313243866
5582,"And so privatisation takes root, and begins to grow. It's heartbreaking what the @user are doing. 😭💔",0,-0.6124,0,0.0,1,0,0.7067676186561584
5584,<-The Magnificence Of Minka #nsfw #bath #bubble  #onedirection,1,0.5267,1,0.0,1,0,0.979019820690155
5585,We would totally accept that challenge…if it were at all humanly possible. #ThisIsUs,1,0.4391,1,0.0,1,0,0.8675516247749329
5587,#Aleppo : The brutality of Putin's aggression has dredged up memories of Soviet crimes as people see they're being…,0,-0.7351,0,0.0,1,0,0.9182649254798889
5589,Anti Trump Riots Minneapolis Special Snowflake Communists Party Gather in Circle of Oppression LOL: via,0,0.516,1,0.5785714285714286,1,0,0.9641181826591492
5591,#GilmoreGirlsTop4 Can't be Lorelei or Rory 4)Mrs Kim 3) Miss Patty 2) Emily 1) Luke,1,-0.1531,0,0.0,1,0,0.9883117079734802
5592,Grayson Allen just threw up one of the ugliest shots I've ever seen. Dude really needs to develop at least some kind of lefty finish.,0,-0.5859,0,0.16666666666666666,1,0,0.999285876750946
5594,How the F David Blaine pull out those!!! 🙀,1,-0.4545,0,0.0,1,0,0.9962695837020874
5596,.@WeNeedTrump  Eliminate #Obamacare √  Privatize #Medicare √  Privatize #SocialSecurity √  What #BlindTrust?√…,0,0.0,1,0.0,1,0,0.997323215007782
5597,Fox & Friends 11\25\16: An Inquiry Already ? Dems Push Gao To Investigate Trump Transition: via @user,0,0.4767,1,0.0,1,0,0.9961126446723938
5599,@user @user The same McConnell who was minority leader as Obamacare was passed? Riiiight 😂,1,0.4404,1,0.0,1,0,0.9957277774810791
5603,"look at that, one year of vegetarianism and i havent dropped deed from a lack of protein!!",1,-0.4374,0,0.0,1,0,0.9757910370826721
5604,Fuck ObamaCare. I want CastroCare! Cuba's medical system should be a model for health care in the USA.,0,0.0752,1,-0.25,0,0,0.994752049446106
5607,I had wanted to add Kim jong un. Should have swapped him with Mussolini,0,0.0,1,0.0,1,0,0.9975554347038269
5608,I liked a @user video Nougat 7.1 for Samsung Galaxy Note 4 (SM-N910V) CM 14.1 trltevzw,1,0.4215,1,0.6,1,0,0.9523023962974548
5611,But ... but ... The Clinton Foundation!!!!#ResistTrump#PurpleRevolution #Midterms2018#ImpeachTrump,0,0.0,1,0.0,1,0,0.9977733492851257
5612,"@user @user @user @user Go fuck yourself, skank. Hillary won popular vote.",0,0.4588,1,0.09999999999999998,1,1,0.9678388833999634
5613,When did #Thanksgiving turn into Valentines Day? So. Many. Couples. Pictures.,1,0.0,1,0.5,1,0,0.9887949228286743
5615,@user @user Over here in Malta the maximum penalty for causing inv.death is 4yrs! Trim a bit off and there isn't much left.,0,-0.5093,0,0.0,1,0,0.9997301697731018
5617,David Blaine only thinks for himself. When has he looked at anybody?,0,0.0,1,0.0,1,0,0.9981008172035217
5620,I really don't care. Final is on Tuesday and I'm watching westworld oops,1,-0.4416,0,0.1,1,0,0.9924599528312683
5621,"Don't build walls, divest from fossil fuels! Climate Change Will Stir ‘Unimaginable’ Refugee Crisis -https://t.co/dgfcOHjIRZ",0,-0.6588,0,0.0,1,0,0.9885744452476501
5623,#Trump was put into office mainly by people who have a voter registration card but have never had a library card@AnUncivilPhD @user,0,0.0,1,0.16666666666666666,1,0,0.9934551119804382
5628,I still stand with the Native American of Standing Rock. Frustrates me that Obama & his admin are still doing nothing. #NoDAPL,0,-0.4404,0,0.0,1,0,0.9969525337219238
5629,#Wikileaks Releases Yemen Files: Evidence of Hillary Obama admin funding a Coup that displaced 3.15 million people.…,0,0.0,1,0.0,1,0,0.9767663478851318
5631,"@user @user @user @user @user @user $ wants America to wait & F**k Warren,,,,",0,0.0,1,0.2,1,0,0.9979367256164551
5632,4. Sookie3. Kirk2. Richard1. Luke#GilmoreGirlsTop4,1,0.0,1,0.0,1,0,0.9764833450317383
5634,Ludicrous road trip: Tesla Model S P90D from London to Berlin #Tesla #Models #car #Automotive #cars #Autos,1,-0.3612,0,0.0,1,0,0.9983510971069336
5635,A wall on the Mexican border could hurt 111 endangered species. Our report on @user impact on wildlife,0,-0.5267,0,0.0,1,0,0.988170862197876
5636,@user UKIP are moaning at parliament over brexit court case as they only have 1 MP!! UKIP get a life!!,0,-0.3753,0,0.0,1,0,0.9989739656448364
5638,#Palestine threatens #CAS claim over West Bank clubs:,0,-0.3818,0,0.0,1,0,0.9939001798629761
5640,Meanwhile...Obama Admin made them refugees:,0,0.0,1,0.0,1,0,0.7377530336380005
5641,"10,000 vote win with cheating all around. That's the margin of that last rally. Steve Bannon earned everything he's…",0,0.0516,1,0.4,1,1,0.6429800987243652
5642,(Slideshow) the unintended ways #SelfDrivingCars will change our lives - $TSLA $UBER $GM $F $BMW $GOOG,1,0.0,1,0.0,1,0,0.996364176273346
5643,Had to allow myself one bit of online shopping today since they're only making one run of these Leonard Cohen homag…,1,0.2263,1,0.0,1,0,0.9959315657615662
5644,Mommy's here #FBNewt #FantasticBeasts,1,0.0,1,0.0,1,0,0.5782166719436646
5645,@user Time to boycott Hamilton! Its also time to put the national guard on the Mexican border until the wall's built!,0,-0.4374,0,0.0,1,0,0.9991642236709595
5646,"@user No, Mo Ansar - ever the opportunist - is looking to reinvent himself as the new Leonard Cohen, hallellujah.",0,0.0516,1,0.13636363636363635,1,0,0.9934993982315063
5648,"Getting mad at @user for impersonation is beyond me. It's ""admiration"" as it was said when Melania repeated that speech. 😌🙊👀 #teamgigi",0,0.4404,1,-0.625,0,0,0.9821732044219971
5649,ULTIMATE No Makeup #Makeup Look for Indian Skin I @user #makeupgiveaway,1,-0.296,0,0.0,1,0,0.9897486567497253
5650,"RT @user Steve Bannon ran Breitbart, “a platform for the alt-right.” He's Trump's top strategist. IS THIS CLEAR ENOUGH.",0,0.6924,1,0.19999999999999998,1,1,0.9949296712875366
5651,"Faculties overwlmngly vote Dem, study finds. Even econ profs go left, debunking belief that Repubs bttr 4 biz.",0,0.0,1,0.0,1,0,0.9949235320091248
5652,"@user So if u are now pro HRC, did you not hear how wikileaks revealed the massive corruption at Clinton Foundation #Recount2016",0,0.0,1,0.0,1,0,0.9975409507751465
5656,#Spurs #GoSpursGo LOT OF (13) TIM DUNCAN #CardS W/ ROOKIE INSERT SPURS FUTURE HOF #TimDuncan #NBA,1,0.0,1,0.0,1,0,0.8936636447906494
5658,"@user @user That's why Melania stole Michelle's speech, right",0,0.0,1,0.2857142857142857,1,0,0.9962983727455139
5659,"@user but... Kim Jong Un needs a new jersey! he can't fit into his current one, from what I've been told.",0,-0.451,0,0.19015151515151515,1,0,0.9997742772102356
5662,"@user Still waiting 4 racists who said they'd leave if Obama won. Now they're in Trump admin, &we have to stay 2 save our country.",0,0.4939,1,0.0,1,0,0.9950376152992249
5663,"@user @user Please no more Michael Moore pictures, I just ate",0,0.0258,1,-0.25,0,0,0.9966578483581543
5664,"my health also relies on #Obamacare which is why i will oppose #trump & #gop til my last breath.smh, lady, at yr…",0,0.0,1,0.0,1,0,0.9242728352546692
5665,"@user Oh, I see. Obama chose to only swindle millions of people, not you. Lefty compassion at it's finest.",0,-0.7077,0,0.0,1,1,0.9993780851364136
5671,"With a popular vote loss margin so huge and fact that 47% eligibles did not vote, TRUMP HAS NO.MANDATE and the majo…",0,0.4754,1,0.5,1,0,0.9980132579803467
5672,"@user @user @user I'm tired of conservatives & whites giving up the best places. Instead of fighting, they leave.",0,0.25,1,0.3,1,0,0.9991405010223389
5673,@user @user @user @user WE WANT @user FOR THE SOUNDTRACK ! #BeautyAndTheBeast #disney,1,0.3237,1,0.0,1,0,0.9752702116966248
5674,Sen. Warren wants investigation of Trump's transition team i would Look at holder Powell Hillary's  Aides Be Afraid,0,0.0,1,-0.19999999999999998,0,0,0.9733197689056396
5675,"Not sure if the #Ontarians are naive or what, but electing #conservatives would definitely prove collective disillu…",0,0.3651,1,-0.18333333333333335,0,0,0.9958909749984741
5679,My dad has been reading #TheWalkingDead nonstop for the past two days.,1,0.0,1,-0.25,0,0,0.9962455630302429
5680,"@user When will, the theme for Ryuji from Persona 5 be available in Europe? #BetterLateThanNever #P5 #Ryuji",1,0.0,1,0.4,1,0,0.9976529479026794
5681,"@user @user A recount doesn't check voter registration, just recounts anonymous ballots. Pointless.",0,0.0,1,-0.25,0,0,0.9997466206550598
5682,"RT @user These people are neo-Nazis and white supremacists. There is no ""alt-right.""",0,-0.4939,0,0.0,1,0,0.9972904920578003
5683,"Definitely not, Subman. Fascists are invariably leftists (Hitler, Mao, Stalin). Trump is definitely not a leftist.",0,0.7177,1,0.0125,1,0,0.9958111047744751
5685,The Nazi Democrats are using exactly the very same propaganda strategies and methods as Hitler's Joseph Goebbels->conflated deflection,0,-0.3134,0,0.049999999999999996,1,0,0.997032880783081
5687,"@user @user RICO, Lizzie? If the American universities are not a scam and a massive swindle, then…",0,-0.1032,0,0.0,1,0,0.997672975063324
5688,"@user @user tell you what, find proof rather than saying the same thing like most leftists have been doing and then....",0,0.3612,1,0.25,1,0,0.9949535727500916
5689,"@user @user ONLY if he is referencing the cry baby liberal alt radical leftists, which it seems he is?",0,-0.4767,0,0.0,1,0,0.9992364645004272
5690,@user My boyfriend has to have a cpap but we don't have the money. Medicaid won't cover. What do we do?!,0,0.0,1,0.0,1,0,0.9973962306976318
5691,@user #isis and #BlackLivesMatter beware. It's now legal for #americans to protect themselves in this…,0,0.4767,1,0.2,1,0,0.9985427856445312
5692,"New lyric for 2016 ""So if I can shoot rabbits then I can shoot Alt-Rightists""https://t.co/4KcB0nEdrK",0,-0.5859,0,0.19318181818181818,1,0,0.9932938814163208
5694,We need some Universal Robots to take care of this Nazi problem.,0,0.128,1,0.0,1,0,0.9992800354957581
5695,#Hatchimals @user must be so proud of yourself.Way to prove Americans are so great.Legally robbing from the less fortunate children.,0,0.7648,1,0.3444444444444445,1,1,0.9960326552391052
5696,"EU is finished, in my opinion. Marine Le Pen will win France elections and try to get her country out of the union. #Renzi",0,0.5859,1,0.8,1,1,0.8459495306015015
5697,@user @user Don't waste your time and money. Better to buy some toilet cleaner. Stop allowing her to push her political BS,0,0.5764,1,0.06666666666666667,1,0,0.9880765676498413
5698,Trump addressed one of the top issues of leftists a decade ago& they protest,0,-0.0516,0,0.5,1,0,0.5832844376564026
5699,CRAVING TACOS AND SOME ICE CREAM !,1,0.0,1,0.0,1,0,0.9173363447189331
5700,@user @user @user  @user possibly utilize the Boston Globe Spotlight team for investigation !!!!,0,0.0,1,0.0,1,0,0.9849568009376526
5701,SERCO Smuggle Drugs/Weapons/Children? Connection w/ Julian Assange HRC Comey Obama #Pizzagate #ProofoflifeRead➡️https://t.co/td6HnRV7Pv⬅️,0,-0.3818,0,0.0,1,0,0.9960565567016602
5702,"regardless of theory, Ben Carson's statement is idiotic.Does he not understand concepts or even the words that dis…",0,0.0,1,0.0,1,0,0.9998118281364441
5703,Gigi Hadid apologizes for Melania Trump AMA impression Freedom Of Speech Takes Another Hit Under @user,0,0.8225,1,0.0,1,0,0.9977230429649353
5704,"@user although it'd be extra nice is Maduro (president of Venezuela, where i live) could be included in that pack with Fidel",0,0.4215,1,0.24545454545454545,1,0,0.9766387343406677
5705,Seems legit....#DrainTheSwamp #DayAfterThanksgiving,1,0.0,1,0.0,1,0,0.9906202554702759
5706,"Trump hasn't even been sworn in yet & the media wants to call potential saves, failures. Meanwhile, Obama admin still blaming sh*t on Bush.",0,-0.7351,0,0.1,1,0,0.9925395846366882
5709,Everyone start tweeting a picture of tRump to him and retweet all that you see #notmypresident #StillWithHer #nevertrump,0,0.0,1,0.0,1,0,0.9948062300682068
5710,#Eurozone BREAKING: Angela Merkel admits that she is inferior to the divine power that is Kim Jong-un. #SydMUN16,0,0.4767,1,0.0,1,0,0.9940646290779114
5711,What hope for Belgium after permitting it's first child euthanasia?Ethics that Pándy&Dutroux may have balked at.Another European innovation!,0,0.6996,1,0.125,1,1,0.9933604598045349
5712,"All this fresh Brexit talk is disrespectful to the British voters, why have a vote if it's just gonna get dismissed?! #politics #bent",0,0.3802,1,0.15,1,0,0.9984948635101318
5714,Obama lifts embargo on Cuba...a hero to libs everywhere. Trumps takes a call from Taiwan...uproar. get the joke? PC is dead people. We won!,0,0.6696,1,-0.25,0,0,0.9704185128211975
5715,@user @user twenty bags of rusted dicks.,0,0.0,1,0.0,1,0,0.9994704127311707
5717,"@user @user @user @user If I see fracking take place in NZ, I'll eat my rugby jersey.",0,0.0,1,0.0,1,0,0.9910017848014832
5718,"@user Tesla Network enrollee's eligible for relatively low cost insurance, since 'self-driving' cars are safer? Tesla to self-insure?",1,0.264,1,0.0,1,0,0.9904707670211792
5719,@user @user sweet jesus valentines day is gonna be a too lewd for titter,1,0.4588,1,0.35,1,0,0.9987574815750122
5720,@user Also gun control which leads to property confiscation & extemporaneousness execution & FEMA camps& extermination #Agenda21,0,-0.34,0,0.0,1,0,0.993698239326477
5721,"There's no law in this world. As we can't have a death penalty here, of course.",0,-0.2626,0,0.0,1,0,0.9290115237236023
5723,@user Mocking colbert for not being funny or fatty kim the third? Hmmmm,0,-0.6256,0,0.016666666666666663,1,0,0.998734176158905
5724,"bitch tried knocking my hustle the other day. ""That's why you work at toys r us"" no bitch I got 2 jobs and I don't make minimum wage either💋",0,0.2668,1,-0.125,0,0,0.9951654672622681
5726,"#Repost @user with repostapp・・・This is a better pic, ricky_martín! Later than his…",1,0.4926,1,0.3125,1,0,0.9979423880577087
5727,"#NationalFastFoodDay Should we be promoting a industry that has led to obesity,high cholesterol?#letsmakeamericaskinnyagain  @user",0,0.3612,1,0.0,1,0,0.9949600696563721
5729,Ashley Graham is so hot wtf,1,-0.6222,0,-0.125,0,1,0.9757040739059448
5730,Noooooooooo! Run for your lives!🏃🏃🏃🏃🏃🏃🏃🏃🏃🏃🏃🏃#resist #protest #trump #AuditTheVote,0,-0.3786,0,0.0,1,0,0.9970359802246094
5731,@user @user @user obamacare has weakened and put costs up of medicaid was allways there plan to kill medicaid,0,-0.7906,0,0.0,1,0,0.9970695972442627
5732,"I kinda like the thought of Verlander in St. Louis. Wouldn't command as much as Sale, Cy Young candidate, filthy stuff, lots of Kate Upton.",1,0.2975,1,-0.16666666666666666,0,0,0.9977978467941284
5734,Yay!!! Jill Stein raises $4 million for 3-state recount effort #StillWithHer #NotMyPresident @user,1,0.6458,1,0.0,1,0,0.9805682897567749
5736,We told them not to vote in Mitch McConnell again & that Republicans was going to undo Affordable Healthcare Act.,0,0.0,1,0.0,1,0,0.9952253103256226
5737,Only our family #mannequinchallenge #thanksgiving #familygoals,1,0.0,1,0.0,1,0,0.962567150592804
5741,Ireland exports abortion #repealthe8th,0,0.0,1,0.0,1,0,0.9808005690574646
5753,Really? Like killing Bin Laden and investing technology and drone strikes? Do you know how many terrorists he has t…,0,-0.8704,0,0.35,1,0,0.989936351776123
5755,Geography just got a whole lot better.,1,0.4404,1,0.35,1,0,0.811873733997345
5756,Ek dink 'n #Backstage #mannequinchallenge by @user sal MAL AWESOME wees!!! 🎥💃🏼🏃🏻🚶‍♀️🙋🏻‍♂️🕴@GrootFM @user ???,1,0.8872,1,1.0,1,0,0.9843006730079651
5757,Robots do not hold on to life. They can't. They have nothing to hold ... #KarelCapek #quotation,0,0.0,1,0.0,1,0,0.9995666146278381
5759,OH GOD WHAT EVEN IS EDDIE REDMAYNE? can I pack him in a suitcase? 😭😭 #fantasticbeasts,1,-0.5757,0,0.0,1,0,0.9967306852340698
5762,@user Dont be a paul ryan puppetNO....TO PRIVATIZING MEDICARE,0,0.0,1,0.0,1,0,0.9984130859375
5763,Zionists sink the SS Patria in 1940 murdering 267 people #gaza #palestine #israel #BDS,0,-0.6486,0,0.0,1,0,0.997745931148529
5764,"@user @user Romney WAS Dem w/planned parenthood ON his OWN board-Dems Refused him in WH, so fired P/P & poof- A GOP! NOway!",0,-0.8126,0,0.9375,1,0,0.9995810389518738
5766,#CROOKEdmedia. #DontWATCH#DontBUYLet the #MOFOS #Cry.#DrainTheSwamp.#AmazonSucks @user #FUCKbezos,0,0.0,1,0.0,1,0,0.999476969242096
5768,"Trump wants a safe space? LGBT people must call out his hypocrisy, blogs @user",0,0.4404,1,0.35,1,0,0.99404376745224
5769,We need a nationwide voter registration reset ... clean it up now,0,0.4019,1,0.3666666666666667,1,0,0.9965242743492126
5771,"If you condemn Trump’s pick of Steve Bannon, condemn Al Sharpton’s protest on Trump’s inauguration…",0,-0.7351,0,0.0,1,0,0.9930949807167053
5772,"#Daesh encouraging its Jihadi fighters to migrate to #Africa, to #Libya, #Nigeria and #Egypt's #Sinai",0,0.4939,1,0.0,1,1,0.6808379888534546
5773,@user @user Very concerning that Obama admin not addressing serious questions a re election tampering,0,0.0572,1,-0.06666666666666665,0,0,0.9971752166748047
5775,"Why @user Because Melania Trump likes to look classy. You thought your opinion matters? Lol, bad PR choice on your part!",0,0.6588,1,0.008333333333333415,1,0,0.9996602535247803
5776,Criticized the Clinton Foundation/State Dept. relationship. First move is to nominate some1 w/ an appearance of a conflict of interest?,0,-0.2023,0,0.25,1,0,0.9985681772232056
5777,30 Min into the Westworld-Finale and I’m already like Holy Shit!,1,-0.3382,0,-0.25,0,0,0.9794051647186279
5779,@user @user pretty clear the ass backwards neo nazi alt right is russia backed.,0,0.34,1,0.2119047619047619,1,0,0.9950961470603943
5780,"Retweeted AFV (@AFVofficial):""Um, yes, I'll take it to go."" #NationalFastFoodDay",1,0.4019,1,0.0,1,0,0.939025342464447
5781,"@user has lost the popular vote by the largest margin in US history.  In otherwards, his Presidency is gonna suck.",0,-0.34,0,0.6,1,0,0.9997711777687073
5782,Courtesy of @user #Gaston #BeautyAndTheBeast #BeOurGuest #Disney,1,0.3612,1,0.0,1,0,0.985837996006012
5783,A subway wall in NYC offers some solace to those #StillWithHer. #Grieve. #Organize. #Resist.https://t.co/93kSnw0cUK,1,-0.3818,0,0.1,1,0,0.7266870737075806
5784,The US (most) and rest of free thinking world have regrets over DJT being pres elect. What you said on @user is wrong @user,0,-0.3182,0,0.22000000000000003,1,0,0.9993908405303955
5785,"So ur saying #tnm is comprised of all bad hombres?   From the many, many on twitter, they sure do give #the a bad n…",0,-0.6908,0,0.020000000000000063,1,0,0.9994174242019653
5786,@user @user @user @user You're the one who brought up Obama. I'm going to miss him. 💙💚💛💜 #ThankYouObama,1,0.9531,1,0.0,1,0,0.686001718044281
5787,"@user Leftists want to ban guns. Leftists insult gun owners. You say some, implying yourself, perhaps, own guns.",0,-0.8402,0,0.6,1,0,0.998180627822876
5789,Argentina to revamp railway line to support shale frackinghttps://t.co/mtRmoe68LV,0,0.4019,1,0.0,1,0,0.984696626663208
5791,"Send all info to US attorneys, to @user to @user  PROTEST the fraud & corruption. Our country is what we…",0,-0.7603,0,0.0,1,0,0.7260335087776184
5792,"@user @user yes, if you speak of europression, you must be a leftist, because all the true europeans are rightists (how stupid)",0,0.2732,1,-0.16666666666666666,0,0,0.9986466765403748
5793,#Yemen army & militia snipers kills Two of Saudi troops in Najran today. #VirulentYemen,0,-0.5423,0,0.0,1,0,0.9837120175361633
5795,"Southwest actually asked people to not put their Samsung in airplane mode, but rather to SHUT THEM OFF when we...",0,0.0,1,0.0,1,0,0.9993470311164856
5797,Happy Thanksgiving to all the bad hombres and nasty women.,0,-0.5267,0,-0.29999999999999993,0,1,0.9988481998443604
5798,"@user He already has a friend, the blamee who ""wrote"" Melania's RNC speech.",0,0.4939,1,0.0,1,0,0.9983456134796143
5800,I just want the semester to be over so I can watch Westworld and Insecure without guilt,1,-0.1744,0,-0.5,0,1,0.9739511609077454
5802,@user @user And across the world - US imperialism kills thousands of women #wikileaks #yemen,0,-0.5423,0,0.0,1,0,0.9990085959434509
5804,"1/2@DunyaNews : Pak,Sartaj Aziz stopped@Amritsar Airport for40minutes by Indian officials b4granting immigration",0,0.0,1,0.0,1,0,0.9951569437980652
5806,"@user He isn't being punished.  Sheriff allows White Supremacists to have whatever they want in jail.  ""Feel the Bern!""",0,0.2668,1,-0.0625,0,1,0.979444146156311
5810,Will never 4give Key 4 choosing Catholic priest 2 head euthanasia cmmttee & ensure debate never makes 2 Parl. Never seen cynicism like that.,0,0.4114,1,0.0,1,0,0.9984548091888428
5813,"Hard Brexit.Otherwise, it's like the Germans are asking you to kiss their ass for daring to leave their (dominant)…",0,0.4019,1,-0.2916666666666667,0,0,0.9968613386154175
5814,"Dumping As Islamic State is chased out of Syria and Iraq, will Afghanistan be the dumping ground? #Isis",0,-0.5574,0,0.0,1,0,0.9989697933197021
5815,"With picks of Steve Bannon & Micheal Flynn, @user unpopular win radically alters Obama's post-presidency plans via @user",0,0.5859,1,0.8,1,0,0.9881582856178284
5817,"We based our society on fossil fuels, but to assume that fossil fuels are the only useful form of energy? Please. We can fucking fly.",0,0.8573,1,0.3666666666666667,1,0,0.9963177442550659
5819,Anti Trump protest sparks ‘riot’ in Portland,0,-0.5106,0,0.0,1,1,0.9842010140419006
5821,and Murdock's ex wife is Dating Putin  The Alt-Right Nazi White Supremacists have deep ties with Putin      go fi…,0,-0.25,0,0.0,1,0,0.5314890742301941
5822,. @user @user is a disgrace. Supported Wall St candidate. Whole career has been fraudulent.,0,-0.6249,0,0.2,1,0,0.9997866749763489
5824,@user & the WALL Trump wants to build? I researched. It would take $45+ billion to build his 1900 mile wall on Mexican border....,0,0.0,1,0.1,1,0,0.991658627986908
5827,"@user Hell, the Left can't dress themselves why would we want them to dress Melania. She would be better off going to Wal-Mart",0,-0.34,0,0.25,1,0,0.9994943141937256
5828,"rumor #trump will import the Great Wall of China, and install it on the Mexican Border #maga #Mexicanwall",0,0.6249,1,0.4,1,0,0.9944577217102051
5831,@user Kind of like Kim Jong Un...,0,0.2975,1,0.6,1,0,0.89278644323349
5832,"With a gun to my head, The Stranger Song might be my favourite Leonard Cohen song... only because it's emotional trajectory is so familiar",1,-0.2023,0,0.125,1,1,0.9825290441513062
5834,Zac Efron & Seth Rogen Flex Their Muscles In Short Shorts — 'Neighbors 2' Pic #ZacEfron #ZacEfron,1,0.0,1,0.0,1,0,0.9345531463623047
5835,It's so funny watching all the White Supremacists and conspiracy theory nuts attack Mitt Romney.Romney is the only GOP with a spine left.,1,-0.7655,0,0.0625,1,1,0.9927634596824646
5837,A.Relentless.Fucking.ExperienceThank you for the wild ride@evanrachelwood @user @user #Westworld,1,0.0,1,0.1,1,0,0.9363186359405518
5839,#Israel is still burning!  😢😢#israelisburning #haifa #jerusalem,0,-0.7574,0,0.0,1,0,0.9858961701393127
5840,I'm convinced that Trump won't be inaugurated on Jan. 20.  The #Electoralcollege is mounting a resistance/,0,0.4019,1,0.0,1,0,0.9919896721839905
5841,"Russian propaganda effort helped spread ‘fake news’ during election, experts say Imagine how Putin is laughing.",0,0.296,1,-0.19999999999999998,0,0,0.98502117395401
5844,"the gop has spent the last 8 years blocking every possible move the obama admin could make, watering down laws for special interests(ie ACA)",0,0.0258,1,0.020317460317460324,1,0,0.9992597699165344
5845,Indian forces fire pellet gun shots on protesters.#BFOK #Kashmir #India #Pakistan #UnitedNations #HumanRights,0,-0.5859,0,0.0,1,0,0.9843878746032715
5846,"Awesome @user .The media blasted Melania & the Obama's done the same""just words"" @user U put Melani…",0,0.6249,1,0.13333333333333333,1,1,0.9774837493896484
5848,@user You're probably being shadow banned like many Conservatives.,0,-0.128,0,0.5,1,0,0.9986671209335327
5850,Instagram copying Snapchat is like Melania Trump copying Michelle Obama's speech,0,0.3612,1,0.0,1,0,0.9989590644836426
5851,I managed to find Nintendo in Google Earth VR. How many nerd points do I get? #alwayssunnyingoogleearthvr,1,-0.296,0,0.5,1,0,0.9906090497970581
5852,#fucking zac efron porn pass xxx,0,0.0,1,-0.6,0,0,0.9951747059822083
5854,Again Saudi jets are striking Najran skirt.Civilians can heard & watched the clashes. Saudi media still insist it'…,0,0.0,1,0.5,1,0,0.877883791923523
5855,Israeli demolition of Palestinian woman's home 'a double crime' via @user #gaza #palestine #israel #BDS,0,-0.5423,0,0.0,1,0,0.9971617460250854
5858,michael moore is gay,0,0.0,1,0.4166666666666667,1,0,0.989638090133667
5859,@user @user The rightists get an extensive assortment of ergonomic mice to choose from. The corporations are oppressing us.,0,0.0,1,0.0,1,0,0.9992935657501221
5860,@user meanwhile obviously discriminatory and election costing voter suppression is put on back burner,0,0.0,1,0.0,1,0,0.999322772026062
5863,"The education system of #KRG in a perilous, the question should be pass to #UNISEF #UnitedNations about that case. #UNAMI",0,0.0,1,0.0,1,0,0.9995964169502258
5864,@user Your keenness to brand all 'leftists' as a think-alike monoblock belies your claim to understand plight of each individual.,0,0.34,1,0.0,1,1,0.9783183336257935
5865,Would seem so..but am hoping this time...A Jew is a Jew is a Jew to America's Nazis and White Supremacists so the r…,0,0.2023,1,0.0,1,0,0.9526585340499878
5867,"First Melania stole Michelle's speech, now she's stealing Adele's hello#watchout",0,-0.5719,0,0.25,1,0,0.9962331652641296
5868,"@user @user @user I still get this same example, Trump usual PR. The man wanted innocent kids to get death penalty.",0,-0.6705,0,0.08333333333333333,1,0,0.9966930150985718
5869,"@user US Main Stream Media is controlled by corporate interests, their propaganda machine, avoids covering MOST ""worthy"" news. #Yemen",0,0.4983,1,0.18,1,0,0.9996713399887085
5871,@user @user @user I hear Liberalism is a mental virus w/ no cure yet. We certainly don't want to infect conservatives,0,-0.0057,0,0.057142857142857134,1,0,0.998477041721344
5873,"@user However nice, Ben Carson has shown himself to be um, nuts. HUD needs stronger leadership",0,0.4767,1,0.6,1,0,0.998650848865509
5874,@user #draintheswamp  not refill it! Say no to #MittRomney.,0,-0.3595,0,0.0,1,0,0.9991304278373718
5875,American Radical Christianity seems to love hate-spewing Marine Le Pen 😂🙄,0,0.7964,1,0.25,1,0,0.9911457896232605
5877,"Well, @user you are right. This is no true fascist movement. We are being treated to an amateurish copy.",0,0.4003,1,-0.09642857142857143,0,0,0.9990037083625793
5878,cool tip: playing cards against humanity with conservatives isn't actually as fun,0,0.1022,1,0.32499999999999996,1,0,0.9348428845405579
5880,"Label scan for Bob Dylan's 12th biggest hit, Subterranean Homesick Blues.",1,-0.1779,0,0.0,1,0,0.9893332123756409
5881,@user @user @user Can't believe he couldn't find a Joseph Stalin shirt in San Francisco. Pelosi could probably lend him one.,0,0.0,1,0.0,1,0,0.9900896549224854
5882,"GAY marriage; MALES mentally portraying females in women bathrooms, and now liberals want INCEST MARRIAGE!…",0,0.1511,1,0.15833333333333333,1,0,0.9807149171829224
5883,"@user @user 😁 Maduro, Hollande, Merkel,Santos, they will fall flat on their metaphorical, if not physical faces, or both.",0,0.4588,1,-0.008333333333333333,0,0,0.999612033367157
5885,School in Hogwarts probably 😇 #HARRYPOTTER #FantasticBeasts 💜,1,0.802,1,0.0,1,0,0.9882311224937439
5886,Hatchimals Free on Black Friday and Cyber Monday with a Catch #Hatchimals #BlackFriday #CyberMonday…,1,0.5106,1,0.11666666666666668,1,0,0.9699857234954834
5887,#jocox  supporter of #hamas and #fabian and #hoax death to try and stop #brexitthe #remain cancer lost,0,-0.9153,0,0.0,1,0,0.999708354473114
5888,And now it's time for #ScreamQueens😈💉🏥🔪#CrazyHester ❤️,1,0.4588,1,0.0,1,0,0.995685338973999
5889,"Saakashvili is pushing his own agenda here.The Ukrainian economy is growing, although corruption is still a problem…",0,0.1779,1,0.6,1,1,0.9972274899482727
5890,"@user Get rid of the Republican party, no intelligent person likes rightists.",0,0.4624,1,-0.4,0,0,0.9991617202758789
5891,#LOLMuslims:#Hamas leader: Trump may be a Jew | @user #Muslims #Violence #Terror #Barbarism,0,-0.8176,0,0.0,1,0,0.9984286427497864
5892,"@user sure us liberals can be annoying, but this doesn't negate issues of inequality. He is locked onto the same pts over & over",0,-0.0516,0,-0.10000000000000002,0,1,0.965904712677002
5893,Nigeria needs gun control @user Gaining approval to carry arms! @user should reconsider this..no good can come out of it,0,0.7712,1,0.7,1,0,0.9992733597755432
5898,Embargo on Cuba not working. #FreeCuba. #MAGA,0,0.0,1,0.0,1,0,0.9985647797584534
5900,"Cristiano Ronaldo and Jose Mourinho suspected of criminal activity (tax evasion, money laundering) -…",0,-0.6486,0,-0.4,0,1,0.6589487195014954
5901,Obvious Celine Dion should be the #BeautyAndTheBeast movie sound track ..come on bitches is her song 😒,0,-0.5994,0,0.2,1,0,0.9967427849769592
5903,@user I wish Chavez didn't die young because Maduro is doing terrible.,0,0.411,1,-0.45,0,0,0.997087299823761
5904,Tim Duncan got ejected for laughing once. Steph got ejected for throwing a mouth piece. Boogie gets ejected for breathing. None for Beal?,0,0.4939,1,0.0,1,0,0.9980736970901489
5905,"Yeah, and I for one am already fed up with Trump, and his cabinet!",0,0.3595,1,0.0,1,1,0.7273481488227844
5906,"@user Megyn, Please interview Halderman from the Univ of Michigan re:discrepancy in the results in counties with e-voting machines.",0,0.3182,1,0.0,1,0,0.577896237373352
5909,"Uno menos. Now #Lat have three more left to die: Raul, Maduro and Morales.",0,-0.6326,0,0.25,1,0,0.9935238361358643
5910,@user @user can't reason with deplorables,0,0.0,1,0.0,1,0,0.9974613189697266
5911,I'm fiending to satisfy my @user / potter  fix by seeing Fantastic Beasts and Where to Find Them this weekend 💯! #FantasticBeasts,1,0.784,1,0.5,1,0,0.9490202069282532
5912,Trump supporters always think they're so cute calling themselves deplorables. So annoying lol,0,0.7471,1,0.16666666666666666,1,0,0.9985692501068115
5913,"Normal, non-violent people with immigration concerns are now far right depending on whom you're talking to",0,0.0,1,0.17857142857142858,1,1,0.9963467717170715
5914,"Get $1,000 off a Tesla Model S or X! Use my promo code:",1,0.0,1,0.0,1,0,0.9982874989509583
5916,"Crush #fears,you can be #unstoppable! Discover the 10 #secrets#DominatingYourMind @user #DYM #NBAwards",1,-0.4003,0,0.0,1,0,0.9912350177764893
5917,I miss [Spoiler]. 😭 #thewalkingdead,0,-0.5719,0,0.0,1,0,0.9995212554931641
5918,@user @user @user @user Using those Clinton Foundation bucks while there's till money left,0,0.0,1,0.0,1,0,0.9993725419044495
5919,Startup ebo uses GPU-accelerated deep learning to help with faster gift-giving 🎁,1,0.6808,1,0.0,1,0,0.9230185747146606
5921,@user only you can stop politics-as-usual. #DrainTheSwamp #MAGA,1,-0.296,0,0.0,1,0,0.9991191029548645
5923,"@user I'm well aware of that. If gun control happened in this story though, she'd be dead.https://t.co/4yZ2I9uv7s",0,-0.0772,0,0.25,1,0,0.9881949424743652
5926,"@user Your President Elect has called for drone strikes vs. innocent women and children, why are ""Christians"" ok with that?",0,0.2732,1,0.6,1,0,0.9902169704437256
5927,@user @user Joker got nothing on this.  Best ship on the citadel.,1,0.7579,1,1.0,1,0,0.928916335105896
5928,Please RETWEET as much as u can! Americans for the XII Amendment #UniteBlue #BlueUnited,1,0.3802,1,0.25,1,0,0.992838442325592
5929,"[SocJus] Conservatives are not allowed to be gay. More doublethink, double standards...",0,0.0,1,0.3055555555555556,1,0,0.9161285758018494
5930,"My mom used to say,""Lay down with dogs, get up with fleas.""  Just sayin' .  #TrumpTransitionTeam #DrainTheSwamp",0,0.0,1,-0.15555555555555556,0,0,0.9990081191062927
5931,Apparently those neo-Nazi’s didn’t actually MEAN all that “Sieg Trump” stuff:  they’re just playful lads who are...,0,0.4404,1,-0.13125,0,1,0.9933660626411438
5933,Watching #thankyouobama on @user this @user 'u make me wanna' remix using that sweet sable 'old times sake' beat was 🔥🔥🔥very unexpected,1,-0.2023,0,0.18333333333333332,1,1,0.994990885257721
5935,"Thank u for what, for bailing out rogue banks? For negligence of his own, for racist killer cops, for war crimes, f…",0,-0.8934,0,0.6,1,0,0.9761024713516235
5937,Third and this is key here. Earning money is bad because alt-energy but OK because fossil fuels? Your entire point…,0,0.3918,1,-0.039999999999999966,0,0,0.9818819165229797
5938,i read the first line and thought it was from melania's speech,0,0.0,1,0.25,1,0,0.9918968081474304
5940,Dylann Roof competent to stand trial. Time to register all white supremacists. They will kill again.,0,-0.6597,0,0.25,1,1,0.8678529858589172
5941,I 'flew' around the neighborhood I grew up in on Google Earth VR and now all my childhood memories are distorted.,0,-0.4019,0,0.0,1,0,0.9935775399208069
5943,Environmental racism @user It's ok to reroute w/ SOME North Dakota people but not others? You know this is wrong.,0,-0.7269,0,0.0,1,0,0.9991883635520935
5945,"""Non-partisan"" tax-exempt anti-Clinton group paid far-right crusader Steve Bannon $99k/year salary, broke tax rules",0,-0.4215,0,0.0,1,0,0.9913615584373474
5946,"Even so, the pipeline shouldn't be constructed at all. We should be moving away from fossil fuels and threats to our water supplies.",0,-0.4215,0,0.0,1,0,0.9990689158439636
5949,"@user -- According to the Huffington Post, in regards to drone strikes, Obama really did say, ""I'm really good at killing people.""",0,-0.6086,0,0.44999999999999996,1,1,0.9899988770484924
5950,"@user @user Theyre taught liberals are non believers ; abortion is cool, being gay is a fad, non of us work, we expect gov money.",0,0.4939,1,0.3833333333333333,1,0,0.9787259101867676
5951,"@user funny how the #lefttards are the ones pushing the KKK narrative, oh, that's right, the Dems founded the KKK after all",0,0.4404,1,0.26785714285714285,1,1,0.8702445030212402
5953,McCoskrie: Euthanasia – we don’t need it,0,0.0,1,0.0,1,0,0.8417459726333618
5954,@user does not mean that the alt-rightists and the others on the neo-fascist line are not in a worse state,0,0.3724,1,-0.12187500000000001,0,1,0.9595760703086853
5955,RT @user Trump transition statement on alt right conference where neo nazis and white nationalists were praising Trump's election,0,0.5423,1,0.14285714285714285,1,0,0.9738527536392212
5956,"So it's ok when Barack Obama drone strikes and intervenes in foreign conflicts, but Trump plans to continue this an…",0,-0.2049,0,0.1875,1,1,0.9931449890136719
5958,"Seems we can only count on them for tax cuts for the rich, gutting medicare, SSA, policies against women, LGBT, vot…",0,0.34,1,0.1875,1,0,0.9987462759017944
5960,#Fracking can bring in more jobs,1,0.0,1,0.5,1,0,0.9847817420959473
5961,That time @user arrived in #Russia and the FSB's Olga Kostina was waiting at the airport to facilitate his defec…,0,0.0,1,0.0,1,0,0.9560680389404297
5962,@user idk. I don't think Grayson Allen is that attractive.,0,0.3612,1,0.8,1,0,0.9994939565658569
5963,"@user @user @user @user I'm GOD'S Voice! God says:""EU was converted into SATANIC Unions by godless LIBERALS:Tusk",0,0.3382,1,0.0,1,0,0.9955767393112183
5965,"@user trump wants a wall on Mexican border. What about the Canadian border? that would be just as silly, but why not?",0,0.1053,1,-0.09999999999999999,0,0,0.998462438583374
5966,Here's our #BeautyAndTheBeast trailer breakdown:,1,0.0,1,0.0,1,0,0.9963988065719604
5967,"@user When euthanasia is legalised, I'm not going to commit suicide, just to spite @user *just*. No other reason.",0,-0.8998,0,0.0625,1,0,0.9953199028968811
5969,LOT of 2 Allen Edmonds Grayson leather dress loafters Brown/Black career office #AllenEdmonds #Grays,1,0.0,1,0.0,1,0,0.8392544388771057
5970,i don't think it registers with john travolta that he's pulling a fucking wire hanger out of david blaine's body,0,0.0,1,-0.6,0,0,0.9971141815185547
5971,@user @user France. Be very afraid of Marine Le Pen,0,0.0,1,-0.78,0,0,0.9801660180091858
5972,#ButEvenIf #TrumpTransitionTeam #TellsLyingPress #Everything #LP #WillStillSpeculateInNegativeAboutTrump&Team #4BO&…,0,0.0,1,0.0,1,0,0.9877964854240417
5973,#Israel is threatened by a more capable and deadly #Hezbollah,0,-0.0276,0,0.16666666666666666,1,0,0.988825261592865
5974,"@user @user @user @user @user @user GOP, many of us remember how U screwed this country up.",0,-0.4939,0,0.5,1,0,0.999212384223938
5975,@user Trump already violating people's right s for peaceful protest. Not my President.,0,-0.3182,0,0.26785714285714285,1,0,0.9992208480834961
5976,"#MAGA! In North Korea you get punished for criticizing Kim Jong-un : on Reddit, you get banned for criticizing Mods",0,-0.8832,0,0.0,1,0,0.9965178966522217
5978,Chicken tenders... and frozen custard and crinkle cuts and cheese curds and 😋 @user #TenderMomentsSweepstakes…,1,-0.1531,0,-0.6,0,0,0.9742829203605652
5980,"@user Homeopathy is dumb and really shouldn't be allowed anywhere, but that kind of BS seems more popular here than elsewhere.",0,0.4569,1,0.305,1,0,0.937099039554596
5981,@user @user Anyone #StillWithHer are ignorant of #PizzaGate or are pedophiles,0,-0.2732,0,0.0,1,0,0.9979704022407532
5982,@user @user Think this means US is dropping its support for Ukraine coup?No more need for UA 'useful idiots'?Poroshenko 11%,0,0.7149,1,0.0,1,0,0.9996069073677063
5983,Aren't we supposed to phase off and divest from fossil fuels ?,0,0.0,1,0.0,1,0,0.9964872598648071
5984,@user @user they will pay for this on the backs of the senior citizens medicare services. Shame on them.,0,-0.5719,0,0.0,1,0,0.9995276927947998
5987,Really would be satisfied w/ a model S Tesla (black specifically),1,0.4703,1,0.17777777777777778,1,0,0.9716053009033203
5989,"@user plan against the coming horror of climate change.  Obama just this June approved 1,500 offshore fracking wells.  They guy",0,0.101,1,0.0,1,0,0.846929132938385
5991,Nobody could've played Muhammad Ali better than Will Smith.,1,0.6486,1,0.5,1,0,0.9926241636276245
5992,Just booked tickets to see @user v @user on the 2nd January... can't wait!!!Second visit to the @user within 12 months,1,0.0,1,0.0,1,0,0.9866421222686768
5993,Today is the feast of St Barbara! Exit #euthanasia Action suggests you make your @user barbiturates see:ch2…,1,0.0,1,0.1,1,0,0.9863051176071167
5994,"Good riddance to #FidelCastro, now can that SOB Nicolas Maduro be the next to go?",0,0.0431,1,0.35,1,0,0.9279545545578003
5997,@user @user @user “Kim Fatty the Third”  will have to go on a diet.,0,0.0,1,-0.1,0,0,0.9982635378837585
6001,@user Put your life at risk for minimum wage! Once you've been injured and of no use you are abandoned or left homeless! Why not join 😂,0,-0.8211,0,0.0,1,0,0.9983861446380615
6002,This cop actually brought a P90 Shapewood too kill hosts in westworld. I'M DYING,0,-0.6908,0,0.0,1,0,0.9994686245918274
6006,"@user Because for decades it was (and still remains) in the pockets of corporate America. Rightists internalized their shitty ""ideas""",0,-0.5574,0,0.0,1,0,0.9981890320777893
6008,"@user While I respect your commitment to diversified coverage, CNN's lack of reporting on the Dakota Access Pipeline is shameful.",0,0.0516,1,0.0,1,0,0.9994863271713257
6010,"@user QHP is not medicaid. she's not poor,lower-middle class income - pre-SS pensioner at 64(?). i hope she dies in significant pain.",0,0.1027,1,0.375,1,0,0.9939551949501038
6012,@user #hamas No way this Scottsman is a Jew for what it is worth does not matter president elect Trump repr…,0,-0.0961,0,0.55,1,0,0.9929872155189514
6013,"@user @user . Aka: Soros is paying the bills. To disrupt the Trump transition. Stein, bought & paid for by just like Bernie.",0,0.3612,1,0.0,1,0,0.9909691214561462
6014,@user I hope they keep Pelosi so it's business as usual,1,0.4404,1,-0.25,0,1,0.9411762356758118
6015,They smile at you @user for selling arms to Saudi Arabia and at you @user for defending BoomBoomB…,0,0.3612,1,0.3,1,1,0.9981704950332642
6016,Dakota Access Pipeline Protestor Sophia Wilansky Injured By Protestors Homemade Bombshttps://t.co/3NkcojStXW via @user,0,-0.4019,0,0.0,1,0,0.998891294002533
6017,"@user @user @user With ya on thisCountry in increasing turmoil re voter suppression, voter fraud@POTUS pls #AuditTheVote",0,-0.296,0,0.0,1,0,0.9958831071853638
6018,"@user @user @user @user @user I wouldn't know about any rightists in gov, cucks yes, but no rightists",0,-0.2382,0,0.0,1,0,0.994469165802002
6019,Leftists would rather start a civil war than accept a fair election result.  What a bunch of children. #AuditTheVote #StealTheVote #Recount,0,0.0,1,0.7,1,0,0.9975981116294861
6021,@user #Liberals #Premier #KathleenWynne helped #AG @user escape her #FailureOfDuties! via,0,0.2481,1,0.0,1,0,0.9968560934066772
6022,Which altogether uncommonly wants so as to go through the candor regarding needful trafficking robots: oEJe,0,0.0,1,0.2,1,0,0.8812721967697144
6023,Clearly an attempt to scare people people into supporting more gun control,0,-0.0754,0,0.2833333333333333,1,0,0.9961445331573486
6024,@user No! It's about the shit false equivalency coverage by media and Comey. Media systematic character diso…,0,0.6476,1,-0.30000000000000004,0,0,0.999036431312561
6026,@user Haha. He's not even close to Tim Duncan. Never suggested otherwise.,0,0.4588,1,0.2,1,0,0.9973974227905273
6027,1 of the biggest trends of this year 2016- winners have U in common- #Cubs #Trump #Bucks #Penguins,1,0.4767,1,-0.3,0,1,0.9977265000343323
6031,@user @user where is the FBI on this and why is trump not questioned on his participation w/ Cuba during an embargo?,0,0.0762,1,0.0,1,0,0.9976213574409485
6032,Minimum wage is a bandaid. Minimum income is the goal.,1,0.0,1,0.0,1,0,0.9276826977729797
6035,@user #BlackFriday is here! All t shirts 20% OFF #StrangerThings…,1,0.0,1,0.0,1,0,0.9958042502403259
6036,"@user So they seem to assume same posture as hardline rightists re:minorities: This bloc will never change, they're not really American",0,0.0,1,0.0,1,0,0.9975057244300842
6037,SMART DUDE. This man is going to have his life ruined. SPLC has power to make sure u never leave the Country fyi,0,0.5546,1,0.35714285714285715,1,0,0.9988415837287903
6039,.@ABC Pelosi looks like she has a Shop-Vac up her a-s.,0,0.3612,1,0.0,1,0,0.9960182309150696
6040,Israeli Navy counters increased #Hamas sea smuggling,0,-0.25,0,0.0,1,0,0.9539716839790344
6041,#Japan Issues Emergency Pamphlets to Inform Citizens to Prepare for Possible #Nuclear #War with North #Korea:,0,-0.7579,0,0.0,1,0,0.9640131592750549
6044,I hope for the sake of all Venezuelans tonight that Maduro considers that he will have to face Him too.,0,0.4404,1,0.0,1,1,0.5279862284660339
6045,Presumably we took all that gold for saving all those 'lives'. Sounds much better than saying we mugged #Libya and…,0,0.4404,1,0.5,1,0,0.9956849813461304
6047,"SOMEONE SEND ME STATS ON ACCIDENT RATES OF SELF DRIVING CARS BC IM LOSING IT OVER HERE. SOS HELP PLEASE, ELON MUSK HAS FORSAKEN ME.",0,-0.1779,0,0.0,1,0,0.9991185069084167
6048,SPLC's Christian Killer gets 25 years but SPLC gets a pass,0,-0.3919,0,0.0,1,0,0.9839255809783936
6049,Saakashvili's Appointment as Odessa Governor  Was 'Insult' to Ukrainians - Putin,0,-0.5106,0,0.0,1,0,0.9994195699691772
6050,The US public essentially decided an election based on amplified lies and suppressed truths--and some people want a direct popular vote!,0,0.1511,1,0.2125,1,0,0.970805823802948
6052,The Tories are hammering Britain's economy Morning Star Online THE Conservatives' long-term…,0,0.0,1,0.0,1,0,0.9927157759666443
6056,The white supremacist using Trump? @user #NotMyPresident #Trump #Resist #MAGA @user @user #tcot #uniteblue,0,0.128,1,0.0,1,0,0.9958441853523254
6057,Very deceptive...the grapes will give you a false sense of security - Drinking a Midas Touch @ Roxbury - #photo,0,0.34,1,-0.10000000000000003,0,1,0.9803555011749268
6060,"guessing Congress, oversight committees...the ones who created scandals, peppered Obama admin with constant subpoen…",0,-0.296,0,0.0,1,1,0.7456575632095337
6061,"@user @user To be honest, I don't even know where you Alt-Rightists get your swagger from, you got treated like bitches.",0,0.2263,1,0.6,1,0,0.9993133544921875
6063,@user #Hatchimals  would melt his heart...and mine. X,1,0.0,1,0.0,1,0,0.7084773182868958
6066,Local Native Americans protested the Dakota Access Pipeline at Panorama Bluffs on Thursday.,0,-0.128,0,0.0,1,0,0.9737131595611572
6067,Omg i'm watching legally blonde too n it's about animal testing i don't fuckin want this,0,-0.01,0,0.0,1,0,0.998621940612793
6068,Fuck my vegetarianism cause McChickens are literally crack,0,-0.5423,0,-0.4,0,1,0.9363589882850647
6070,We just finished watching #ThankYouObama on @user I sorta feel like I was supposed to be there....,1,0.3008,1,0.0,1,0,0.9974175691604614
6071,@user @user @user Trump's Wall on the Mexican Border is all buy a Memory now Donald is President...Voters Remorse?,0,-0.2732,0,0.0,1,0,0.9977709054946899
6073,"smdh this country cares more about black friday than it does about black lives. say it today, say it everyday #blacklivesmatter #blm",0,0.4588,1,-0.008333333333333325,0,0,0.9873973727226257
6079,1) re-imposition of the death penalty2) lowering the minimum age of criminality to NINE YEARS OLD. MY GOD,0,-0.4708,0,0.1,1,0,0.9795383810997009
6080,una de mis favoritas. #NowPlaying The (Shipped) Gold Standard de Fall Out Boy ♫,1,0.0,1,0.0,1,0,0.9900776147842407
6082,Meeker highlights US immigration hypocrisy@Anaxagoreio,0,0.0,1,0.0,1,1,0.9634764790534973
6083,@user It's called George Freaking Soros. This should be investigated in cavity search proportions. This happened after Soros meeting.,0,-0.4215,0,0.0,1,0,0.9982663989067078
6084,@user where did Floridians think the cash for Obamacare came from; Do they or rather did they have Medicare or Medicaid before the FRAUD?,0,-0.6739,0,0.0,1,0,0.9988804459571838
6085,"Disavowing neo-Nazi ""alt-right"" does nothing, Trump. Dump the neo-Nazi you plan to install in the WH (Steve Bannon). Actions not words.",0,0.2924,1,0.0,1,0,0.9996198415756226
6089,Why focus on #Nusra and overlook Mullahs tyrants of #Iran's terrorists from #Hezbollah #Afghanistan #Iraq who murder Syrians? #AssadMustGo,0,-0.8689,0,0.0,1,0,0.9971069693565369
6090,#SteveBannon is the Racist Far-Right Internet Personified — and He Ha…,0,-0.6124,0,0.0,1,0,0.9969155788421631
6091,Senator calls on President Obama to reroute pipeline.  What is more important @user company profits or safe water?,0,0.7841,1,0.4666666666666666,1,0,0.9976173043251038
6096,@user It is racist to say voter id amounts to suppression. Minorities can get IDs just as easily as anyone else.,0,-0.3818,0,0.43333333333333335,1,0,0.9988464117050171
6097,Retweeted Ben Verlander (@Verly32):Are you kidding me? Most first place votes and doesn't win?...,0,-0.4646,0,0.5166666666666667,1,0,0.9964555501937866
6098,SOMEBODY MARRIED STEVE BANNON? My estrogen just dried up.,0,0.0,1,0.024999999999999994,1,0,0.9996125102043152
6102,#TrumpTransitionTeam To the #FailingNYTimes -- It took #WorstPresidentEver #Obama THREE weeks after his 2008 election to name his cabinet !,0,0.0,1,0.0,1,0,0.9997192025184631
6103,@user trump cabinet is all white,0,0.0,1,0.0,1,0,0.9990589022636414
6104,White Supremacist Steve Bannon's true favorite for president was not Trump.,0,0.743,1,0.2833333333333333,1,0,0.9857638478279114
6105,If @user made an appearance as Adam again I'd have to call him a God because he has so much material on #ThisIsUs  #yr #Dreams,1,0.5859,1,0.2,1,0,0.9979181885719299
6106,Black people are so dope #ThankYouObama #BET,1,0.0,1,-0.16666666666666666,0,1,0.5181056261062622
6107,So-called #FakeNews under attack by #SiliconValley leftists. via @user,0,-0.4767,0,0.0,1,0,0.999606192111969
6109,@user He's not talking about killing Americans via drone strikes like your head thug obama!,0,0.587,1,0.0,1,0,0.9942810535430908
6113,3D printing at #BuzzConf. Got some 3D printed Squirtels for Jordan,1,0.0,1,0.0,1,0,0.715580940246582
6116,New #BeautyandtheBeast Photo Has Gaston Wooing Bellehttps://t.co/3wVBbuEXnQ,1,0.0,1,0.13636363636363635,1,0,0.9318384528160095
6117,"RT @user Remember ""Alt-Right""-a name they gave themselves,re-branding ""White Supremacists"". Bullshit can't get normalized. Let's ca…",0,-0.7003,0,0.0,1,0,0.9990467429161072
6119,This 19th-century wheelbarrow drunk is more kempt than Steve Bannon.,0,-0.34,0,0.0,1,0,0.940230667591095
6121,This is huge - #Microsoft joins the #LinuxFoundation,1,0.3182,1,0.39999999999999997,1,0,0.9740038514137268
6122,@user The protesting against Trump are as organic as the spontaneous Protest in Benghazi over a video#SorosProtestors,0,-0.5859,0,0.6,1,0,0.64544677734375
6123,#lmao 😂😂😂😂 #theface definitely me #mannequin #mannequinchallenge #goofy #stevebuscemi…,1,0.9531,1,0.3666666666666667,1,0,0.8844273686408997
6125,Jew Supremacists in JewMedia @user at work with their kiddieshit fabrications,0,-0.25,0,0.0,1,0,0.9957011342048645
6126,The other day I went on a date & this guy asked me why was I wearing my Cubs jersey if that already passed... niggaaaaa are you fr rn😐🙄,0,0.0,1,-0.125,0,0,0.9981245398521423
6128,@user @user I was just thinking this the other day!,1,0.0,1,-0.15625,0,0,0.9845941066741943
6129,Kim fatty the third 😂😂😂 @ CSIS | Center for Strategic & International Studies,0,0.8271,1,-0.07500000000000001,0,0,0.8432857990264893
6130,Minimum wage braking at patriarchal of a piece: vXVMu,0,0.0,1,0.0,1,0,0.988322913646698
6131,"Just in time to destroy Social Security, Medicare, Medicaid, Health Care, Education, and Freedom of the Press.",0,0.743,1,-0.08333333333333334,0,0,0.9919078350067139
6133,I think I have spent quite enough on Persona 5.,1,0.0,1,-0.05,0,0,0.9885604977607727
6134,@user @user @user We haven't forgotten. Still litigating multiple cases while Obama admin says courts don't have jurisdiction.,0,0.1695,1,0.0,1,0,0.9408876299858093
6138,@user and rightists are incapable of learning. Feeling. Or compassion.,0,0.2263,1,0.0,1,0,0.9997319579124451
6141,#Spurs #GoSpursGo 1997 Wheels Tim Duncan RC Rookie #Card Lot #TimDuncan #NBA,1,0.0,1,0.0,1,0,0.947604775428772
6144,I liked a @user video from @user Anti-Trump Protests And Riots Backfire!! Students Starting To Realize,1,-0.4559,0,0.46875,1,0,0.818045973777771
6146,@user 's coolness @ Barcelona fans #homophobic slurs proves that he's a legend! #Bully @user,1,-0.5411,0,0.375,1,1,0.9954274892807007
6147,#POTUSTrump voters are very comfortable with #TrumpTransitionTeam process because the drama reads a lot like #OldTestament:#MAGAforDummies,0,0.7264,1,0.52,1,0,0.8278207182884216
6149,The decision to recount votes in Wisconsin is a joke. Leftists are still spotting-the-dummy of their loss. #TrumpTransition,0,-0.0258,0,0.0,1,0,0.9987486600875854
6150,Just donated for my third time.  We just need to keep this up for one more day.  #AuditTheVote #stillwithher,1,0.0,1,0.25,1,0,0.9861487150192261
6153,Opening de Ricky Martin 🎶💥@laliespos 💞 #LaliEnMexico,1,0.6486,1,0.0,1,0,0.7828850150108337
6154,"So wait, $30 of Burger King at LAX is NOT a good idea before my 5 hour flight? WHY DIDN'T ANYONE STOP ME #NationalFastFoodDay",0,0.0063,1,-0.35,0,0,0.9987698197364807
6155,@user Never trust Comey😡 if it wasn't for him we would have Hillary 😠 F Comey!! Get rid of him,0,-0.764,0,0.0,1,0,0.9988067150115967
6157,The Big Bang blew up Ben Carson's brain,0,0.0,1,0.0,1,0,0.9997128844261169
6158,#Fracking Wastewater Is Ravaging North Dakota Farms #NoDAPL #DakotaAccessPipeline #INDIGENOUS,0,0.0,1,0.0,1,0,0.9810097217559814
6159,.@parkinsbrea @user The claim that abortion causes breast cancer is a big lie!,0,-0.69,0,0.0,1,0,0.9965241551399231
6160,Keep pushing! #FightFor15 #IncomeEquality #IBelieveInGini,1,0.0,1,0.0,1,0,0.698674201965332
6161,"I feel sorry for PM modi! With such supporters he doesn't need anyone else to hurt his image! Not so ""right"" righti…",0,-0.3365,0,-0.1130952380952381,0,1,0.9785627722740173
6162,Obviously the elite's and media's enemies now are:.conservatives on the right wing.pro-freedom self thinkers on t…,0,-0.4939,0,0.14285714285714285,1,0,0.9896999597549438
6163,When you make opponents publicly apologize....well #YoureAFacist #MangoMussolini #democrats #CalExit #HumanRights…,0,0.0,1,0.0,1,0,0.9646455645561218
6165,An image of a dead animals body part is not the best #marketing approach :/ Especially with #veganism and vegetaria…,0,-0.877,0,0.1375,1,0,0.9997162222862244
6166,"Flashback #ObamaShutDown: Dems reject GOP proposal, would cut 75% Obamacare subsidy for Congress  #UniteBlue #PJNet",0,-0.5859,0,0.0,1,0,0.9920793175697327
6167,@user YOURE SO FULL OF YOURSELF! YOU KNOW U NEVER RECEIVED ANY THREATS FROM TRUMP OR HIS SUPPORTERS! MAYBE TH…,0,0.7959,1,0.546875,1,0,0.9923381209373474
6168,"If Tony Romo played for a team other than Dallas, he wouldn't receive anywhere near the same kind of media slurpage",0,0.34,1,0.14375,1,0,0.9990059733390808
6169,Lol @ people who think that vaccines just suddenly cause autism,0,0.4215,1,0.4,1,0,0.992998480796814
6170,@user I need Obamacare after disability. Private insurance 7X+ higher.  Worried about buying food & emergencies. Top Ramen & dented cans.,0,-0.1027,0,0.25,1,0,0.9980276226997375
6171,@user & now @user @user and others are conveniently selling out all of Europe to China by allowing them access to Ukraine.,0,0.0,1,0.0,1,1,0.9719893336296082
6173,@user In a roomful of Adolfs be a Ruth #ruthgruber #nytimes #TrumpTransitionTeam #SundayMorning,0,0.0,1,0.0,1,0,0.9904194474220276
6176,"...""radical acceptance"", a rigorous mental determination to meet head on the most powerful negatives in our lives...",0,0.7713,1,0.2333333333333333,1,1,0.5140519142150879
6177,One SINGLE dose! Another marvel of Homeopathy!,1,0.5242,1,-0.11160714285714285,0,1,0.9977952241897583
6178,"@user just block them... like the Fresh Prince of Bel Air sang,    🎤 'no need to argue, deplorables just don't understand.'",0,-0.128,0,0.3,1,0,0.9997490048408508
6182,"@user @user the media tried their best at a Nazi tactic, repeat a lie over and over and people will believe it, J goebbles.",0,0.6369,1,1.0,1,0,0.9724748730659485
6183,"@user @user @user Trumped. No money for Medicare, Social Security, Public schools-only for tax cuts. Make rich richer baby!",0,0.7424,1,0.1673611111111111,1,0,0.9976535439491272
6187,Finally I'm gonna watch all eps that I missed #Lucifer #Supernatural #Arrow #Flash #Class #TheWalkingDead #TheBigBangTheory 😂💝,1,0.7096,1,0.08333333333333333,1,0,0.9928041100502014
6188,"@user @user - she's sounding like Pelosi, cuckoo, cuckoo, cuckoo... I wonder how much she's being paid to do this for Hillary",0,0.3612,1,0.2,1,0,0.9980066418647766
6189,But the AP notes 'Kim Fat Fat Fat' still works,0,0.0,1,0.0,1,1,0.9981533885002136
6191,@user @user @user @user how have the obamas been anything but gracious to trump during the transition?,0,0.7096,1,0.0,1,0,0.9958571791648865
6192,"fossil fuels are eventually going to run out, what are we going to use when they are depleted?",0,0.0,1,0.0,1,0,0.9995868802070618
6193,"The Cuban embargo remains for many sectors, as trade grows slowly @user reports from…",0,0.0,1,0.09999999999999998,1,0,0.9814127683639526
6196,@user nobody is saying to go cold turkey on fossil fuels. Just saying to expedite alternatives. Simple minded people make straw men,0,0.0,1,-0.3,0,0,0.995849609375
6198,"Blog: Obama's shameful, phony gun control rhetoric in the wake of Charleston massacre",0,-0.6808,0,0.0,1,0,0.9963896870613098
6199,Learn more about how medical marijuana eases suffering for #Arthritis :,1,-0.2023,0,0.25,1,1,0.7373997569084167
6200,@user @user @user @user I'm sure it's Coach K's fault 🤔,0,-0.1027,0,0.5,1,0,0.9996694326400757
6202,"@user  White Dems will do the SAME thing again in 2020, unless we brown people explain that all-whiteness=cold water on our enthusiasm.",0,0.4404,1,0.0,1,0,0.9989461302757263
6203,@user @user @user @user @user @user @user  That didn't take long-GOP=Special interest.,0,-0.357,0,0.0,1,0,0.6058252453804016
6204,@user @user @user Yeah Grayson Allen. 17 points vs W&M,1,0.296,1,0.0,1,0,0.8123628497123718
6206,The background singers breasts are clapping along to Jesus Can Work It Out. *tears* #ThankYouObama,1,-0.2263,0,0.0,1,1,0.9957699179649353
6207,"@user @user Has anyone actually seen this gun used for ""pest control""? Animal cruelty?  Wait till you see this thing in action.",0,-0.7912,0,0.05,1,0,0.9994290471076965
6208,"""This machine also kills wet liberals"" guitar stickers available now super black frahdi deelz myhearts not in thisreally asyouwere",0,0.1027,1,0.11666666666666667,1,0,0.9967833757400513
6212,'The only leaders of church who would support gay marriage is churches of Satan' Pmsl   #ItsSoTrue,0,0.4019,1,0.20833333333333334,1,0,0.9986763596534729
6213,"@user @user her attack onTRUMP for""locker room""talk yet she takes sexy pictures she's a hypocrite What…",0,0.0772,1,0.5,1,1,0.9928232431411743
6217,@user @user @user I have yet to hear of any help from Obama admin. ..please post info if you have it. Thanks!,0,0.8016,1,0.25,1,1,0.9721217751502991
6218,#Spurs #GoSpursGo SAN ANTONIO SPURS #Card LOT TIM DUNCAN DAVID ROBINSON MANU GINOBILI AVERY JOHNSON #TimDuncan #NBA,1,0.0,1,0.0,1,0,0.779484748840332
6220,Get your news about the #TrumpTransitionTeam NOT from backstabbing  Commie liars at @user @user @user  Enemies of USA,0,-0.765,0,0.0,1,0,0.9955282807350159
6222,Turkey is #ISIS itself @user @user @user @user @user #BlackFridayTactics,0,0.0,1,0.0,1,0,0.9995111227035522
6223,#Liberalism #Progressives are failing worldwide from #Brexit #Trump now #Italy,0,-0.5106,0,0.0,1,0,0.9991573095321655
6225,Nov 19????.Busted !! WIKILEAKS anti TRUMP PROTESTS SponsorS BY HILLARY AND GEORGE...,0,-0.7563,0,0.0,1,0,0.996833860874176
6226,Picture | That time I took a photo of Zac Efron taking a photo of Zac Efron. Efronception. |,1,0.0,1,0.0,1,0,0.7864184379577637
6227,Ask who wants new stuff and stop making it. Self serve check outs? NO! Self driving cars? NO. Mass unemployment? NO. Who benefits? #auspol,0,-0.5792,0,0.18522727272727274,1,0,0.9995318651199341
6228,@user did of any good was kept Labour/Greens out for 3 years. He should have gone 4 an important rights legacy: #euthanasia,0,0.5719,1,0.55,1,0,0.9941774606704712
6229,@user @user @user no hate in my heart! I don't like fake people hypocrites who point there finger at others to gain $,0,0.9069,1,0.0,1,1,0.9896613359451294
6230,@user @user More massive voter suppression. The right will stop at nothing to disenfranchise black & brown voters,0,-0.296,0,0.15476190476190477,1,0,0.928096354007721
6231,"Not sure I can take anymore. Brexit, Trump and now no more Casey and Jessica has left Eric. God is life worth living ? Tesla model S,o YES.",0,0.5058,1,-0.05,0,0,0.9567140936851501
6232,The same people who kept harping about privilege are now going on about how Great Granddad Clem was killing proto-alt rightists at Normandy,0,0.296,1,0.4,1,0,0.9841437339782715
6234,How is it that in 2016 & with the internet existing people still think vaccines are unsafe,0,0.0,1,0.0,1,0,0.9978182315826416
6236,77%OFF: Really working in LIVE trade! 💰Fully automated Forex trading Systems/Robots/Signa…,1,0.0,1,0.18522727272727274,1,0,0.9864322543144226
6241,How I feel after post #Thanksgiving headed to #BlackFriday looking for deals and doing my #cardio on... #Doyoueven?…,1,0.0,1,0.0,1,0,0.9968547821044922
6242,"How can alt-rightists/identitarians be white ""supremacists"" if they don't think whites are supreme--the best, the greatest?",0,0.8126,1,0.6666666666666666,1,1,0.9429055452346802
6243,"That's the guy who now calls George Soros a Nazi ss officer from 1940 , Trumps insecurity knows no bounds GET RID O…",0,-0.6124,0,0.0,1,0,0.9890156388282776
6244,"$15 minimum wage is a win-win. If businesses continue to boom, it's a win. Or, if it puts @user out of b…",1,0.5859,1,0.8,1,0,0.6364463567733765
6245,"Something to fight for: Schumer, Pelosi throw down the gauntlet on @user plan to privatize, voucherize Med…",1,-0.3818,0,-0.15555555555555556,0,0,0.9903445839881897
6246,The shruggers are all white supremacists.,0,-0.25,0,0.0,1,0,0.9799410700798035
6247,The #Trump cabinet is an utter disaster. Full of cronies and swamp dwellers. You #MAGA people have been taken. Next…,0,-0.6901,0,0.175,1,0,0.9997801184654236
6248,📷 “Cuba sends physicians all over the world. The U.S. responds with an embargo.” Via USSR 2.0,0,0.0,1,0.0,1,0,0.9475963711738586
6251,"Bearakeet, Burtle, Draggle, Penguala for sale! DM me before they are all gone! #Hatchimals #hatchimal #blackfriday…",1,0.0,1,0.0,1,0,0.987209677696228
6252,Well - we shld be grateful for that home b/c most likely the DT admin will cut it from the budget/put them on the s…,0,0.4588,1,0.25,1,0,0.9905509948730469
6253,"by putting it on your face, you're condoning animal testing and animal ingredients in make up!!",0,0.0,1,0.0,1,1,0.943389356136322
6254,There's this Jaguar ad that keeps coming up on my tl and every time i see it i think of a tesla model s,1,0.0,1,0.0,1,0,0.9727001786231995
6255,Oh my god that Thanksgiving #ThisIsUs episode had me in tears 😭😭😭,1,-0.8442,0,0.0,1,0,0.9948099851608276
6257,"if you wanna feel a lil better about the state of the world and maybe crack a smile watch Michael Moore's ""Where To Invade Next""",1,0.6597,1,0.26666666666666666,1,0,0.8142950534820557
6258,Hey Liberals. I'm going to ask for a recount and try get Hillary into the presidency. You can send me your money. Bank details later,0,0.0,1,0.0,1,0,0.9850908517837524
6259,Really?! #MelaniaTrump and #BarronTrump won't be moving to the #WhiteHouse come January:,0,0.0,1,0.25,1,0,0.9980008006095886
6260,Taking hella left overs for my break today thanksgiving pt.2 mf .,1,0.0,1,0.0,1,0,0.9938363432884216
6265,🤔🤔🤔 younger is better!!! #toyboy #onedirection,1,0.5826,1,0.48828125,1,0,0.600334882736206
6266,Full Gallery: Mac - Learning to deep throat,0,0.0,1,0.175,1,1,0.9988322854042053
6267,Israeli brutality immune to Palestinian calls for justice: #gaza #palestine #israel #jerusalem,0,0.1531,1,0.0,1,0,0.814843475818634
6269,@user Melania Trump isn't a public figure. She's a spouse who is being mocked for a speech she didn't write. Just sayin'.,0,-0.3182,0,0.0,1,0,0.9947073459625244
6270,@user you shut your mouth Grayson Allen is a saint,0,0.0,1,0.0,1,1,0.990546464920044
6272,The radical left positioned Trump as a Nazi when they themselves r deeply anti Semitic and their riots are mini Intifadas. Keith Ellison.,0,-0.7089,0,0.0,1,0,0.9857732653617859
6273,"@user ""As conservatives, we also care about your sexuality though"".",0,0.4939,1,0.0,1,1,0.9515554904937744
6275,List of people I'd love to punch in the mouth:1. Grayson Allen2. Josh Norman3. Josh Norman again,0,0.6369,1,0.5,1,1,0.9800974726676941
6277,It could all be true and @user  @user Drone strikes & flying around on Air Force 1 has caused it!,0,0.1511,1,0.4375,1,1,0.9611348509788513
6278,Uno wen u finally get over the fact u were in Tipp for 8 wks on placement and then get an email to say u'll be in Kilkenny for another 8 wks,0,0.0,1,0.0,1,0,0.9947015643119812
6279,Finally watching Scream Queens episode 5 after what feels like forever!! #ScreamQueens,1,-0.1984,0,0.0,1,1,0.5893848538398743
6285,@user You need to resign -- your immigration case is a big lie -- you're a hater and a bigot -- voter suppression is voter fraud,0,-0.8402,0,0.0,1,0,0.9977245926856995
6286,*me not prepared to give a speech on medical marijuana*: hey professor can I just teach y'all how to roll a blunt for the next 7 minutes,0,-0.1695,0,0.0,1,0,0.9990573525428772
6289,I'm not going to sack Tony romo but I will sack dak,0,0.0,1,0.0,1,0,0.9976660013198853
6290,Exactly right and the problem. #Hamas and the #PA both PROMOTE the idea of their people dying to fuel their war.,0,-0.5052,0,0.2857142857142857,1,1,0.915884792804718
6292,Our #MannequinChallenge it's only 10 secs tho 😂😂😂,1,0.8271,1,0.0,1,0,0.988549530506134
6296,#ThisIsUs = my new fav series 👊🏾,1,0.4588,1,0.13636363636363635,1,0,0.9874366521835327
6298,The phoenix cried fat tears of pearlWhen the dragon snapped up his best girl 🎶 @user #FantasticBeasts #FBNewthttps://t.co/4g5lyjV9S3,0,0.1779,1,1.0,1,1,0.8718677759170532
6299,"Prof, what do you humanly think when prices of stuffs skyrocketed leaving behind the country's minimum wage? Corruption is imminent. @user",0,0.0,1,-0.2,0,0,0.9990228414535522
6300,Just in: Trump advisor Steve Bannon wants Black Friday banned. Shopping day doesn't fit Alt-Right color scheme.,0,-0.6261,0,0.14444444444444446,1,0,0.9995959401130676
6302,If you wanna have some seasonal fun & #teachecon #Hatchimals are today's Cabbage Patch Kids & Tickle Me Elmo Christ…,1,0.5106,1,0.3,1,0,0.6685484647750854
6303,#MPN #OneDirection#MtvStarsNiallHoran JESUS😍😍😍😍😍,1,0.9325,1,0.0,1,0,0.9900087118148804
6304,"@user @user Nazi philosophy defined: Breathtaking douchebag stuff. Also, a form of Socialism",0,-0.25,0,1.0,1,1,0.9974226951599121
6307,"@user By this logic, we shouldn't have lifted embargo on Cuba b/c it was ""long standing policy.""",0,0.0,1,-0.05,0,0,0.9978031516075134
6308,"FINALLY watching Love & Happiness!!!  This country is going to miss your family's class, wisdom, love, and patience. #ThankYouObama",1,0.9491,1,0.5,1,0,0.9577421545982361
6309,“Pharmaceutical companies are being affected by these lower numbers in so many states across the country.”,0,-0.4215,0,0.5,1,0,0.9959169030189514
6311,#TV #Bullshit They are saying #Brexit was not about Closing borders and leaving the single market?? FUNNY THAT ?? STOP BULLSHITING US,0,-0.6199,0,0.08928571428571429,1,0,0.9986349940299988
6312,Donald Trump does not have a clue about global warming. Maybe the Rockefeller's can clue them in about fossil fuels.,0,0.1531,1,0.0,1,0,0.9993384480476379
6313,"Mooreder When Michael Moore picks up your cause, then wrecks you. ""He so called out the DNC! It was mooreder I tells ya!"" #UsefulNewVerbs",0,0.0,1,0.0,1,0,0.9990278482437134
6315,Listen to #NBAwards Winner @user interview on @user,1,0.5859,1,0.0,1,0,0.855755627155304
6316,"""Are we out of touch, sexually deviant, decadent dilettantes who can't own up to our misrule?No it is the deplora…",0,0.0,1,0.55,1,0,0.992222011089325
6317,Taylor Shit doing the #mannequinchallenge here in the great state of Rhode Island means that the mannequin challenge is #cancelled.,0,-0.0516,0,0.30000000000000004,1,0,0.9997594952583313
6318,This reminds me of that time I got attacked by Alt-rightists:,0,-0.4588,0,0.0,1,1,0.6442853808403015
6319,I've been listening to Leonard Cohen nonstop for the past month. Only to find out he passed literally weeks ago. Wow my heart is so overwhel,1,0.8402,1,-0.049999999999999996,0,0,0.9867411255836487
6320,"@user last thing @user needs is a self-promoting $ laundering medicare fraud scammer, voter fraud.. rese…",0,-0.8225,0,0.0,1,0,0.9995951056480408
6321,-- @user your statement for Mitt to apologize is not a qualifier for him as SOS Trump's transition is ASKING its an Insult.,0,-0.4404,0,0.0,1,0,0.9991003274917603
6323,@user Coward... well... why doesn't Poroshenko or Avakov or Saakasjvili travel to Crimea?,0,-0.2263,0,0.0,1,0,0.9990942478179932
6325,Pelosi should go no matter,0,-0.0191,0,0.0,1,0,0.9768780469894409
6329,The Reputation Doctor weighs in on Tony Romo #NFL @user joins @user on #TheMorningRush LISTEN:,1,0.0,1,0.0,1,0,0.9859199523925781
6331,@user She just didn't get them in areas were she needed them. Lots of voter suppression going on. Hacking & tampering💙,0,0.6369,1,0.0,1,0,0.9989946484565735
6333,Israel's New Racism: Persecution of African Migrants in Holy Land #gaza #palestine #israel #BDS,0,-0.6249,0,0.06818181818181818,1,0,0.9935556054115295
6334,Ben Carson for Housing & Urban Development?? 😐 I just can't 😒,0,0.0,1,0.0,1,0,0.9980103373527527
6335,@user @user @user Why is it that today society is casually comfortable about being pubicly distasteful?#deplorables,0,0.6124,1,0.4,1,0,0.9987391829490662
6336,"@user Everyone's thinking far too short-termed. When all fossil fuels run out with no substitutes, then the crisis will come.",0,-0.743,0,0.1,1,0,0.9987025260925293
6337,Stop #fracking #Cuadrilla persecuting land defenders through the legal system #BankruptCuadrilla #ECOCIDE,0,-0.4902,0,0.2,1,0,0.9987034797668457
6338,Electoral College must reject Trump #rejecttrump #notmypresident #takingbackdemocracy #blacklivesmatter #nevertrump,0,-0.4019,0,0.0,1,0,0.9901909828186035
6339,"Iraqi Forces set to storm 3 areas of #Mosul, #AlQahira, #alMasarif &  #alAmn#MosulOps#mosuloffensive#iraq#ISIS…",0,0.0,1,0.0,1,0,0.9719908833503723
6340,Israel deems comatose Gaza man who needs treatment in West Bank  a security threat. #Palestine  via @user,0,-0.25,0,0.0,1,0,0.9792921543121338
6341,"Samsung to Bring Android 7.0 Nougat to Galaxy S6, S6 edge, Note 5, and Tab S2 - Softpedia News",1,0.0,1,0.0,1,0,0.992306649684906
6342,@user for al the crying you do about how middle America is left out-they have twice as much voting power,0,-0.4767,0,0.0,1,0,0.9916016459465027
6344,"@user @user @user Looks like Flynn isn't too pleased with me, he blocked me. You blocked by Flynn too @user",0,-0.4777,0,0.5,1,0,0.999751627445221
